1
2
3
4
7
8
9
10
11
12
13
14
15
16
17
18
19
20
21
22
23
24
25
26
27
28
29
30
31
32
33
34
35
36
37
38
39
40
41
42
43
44
45
46
47
48
49
50
51
52
53
54
55
56
57
58
59
60
61
62
63
64
65
66
67
68
69
70
71
72
73
74
75
76
77
78
79
80
81
83
84
85
86
87
88
89
90
91
92
93
94
95
96
97
98
99
100
101
102
103
104
105
106
107
108
109
110
111
112
113
114
115
116
117
118
119
120
121
122
123
124
125
126
127
128
129
130
131
132
133
134
135
136
137
138
139
140
141
142
143
144
145
146
147
148
149
150
151
152
153
155
156
157
158
159
160
161
162
163
164
165
166
167
168
169
170
171
172
173
174
175
176
177
178
179
180
181
182
183
184
185
186
187
188
190
191
192
193
194
195
196
197
198
199
200
201
202
203
204
205
206
207
208
209
211
212
213
214
215
216
217
218
219
220
221
222
223
224
225
226
227
228
229
230
233
234
235
236
237
238
239
240
241
242
243
244
245
246
247
248
249
250
251
252
253
254
255
256
257
258
259
260
261
262
263
264
265
266
267
268
269
270
271
272
273
274
275
276
277
278
279
280
281
282
283
284
285
286
287
288
289
290
291
292
293
294
295
296
297
298
299
300
301
302
303
304
305
306
307
308
309
311
312
314
315
316
317
318
319
320
321
322
323
324
325
326
327
328
329
330
332
333
334
335
336
337
338
339
340
341
342
343
344
345
346
347
348
349
350
351
352
353
354
355
356
357
358
359
360
361
362
363
364
365
366
367
368
369
370
371
372
373
374
375
376
377
378
379
380
381
382
383
384
385
386
387
388
389
390
391
392
393
394
395
396
397
398
399
400
401
402
403
405
406
407
408
409
410
411
412
413
414
416
417
418
419
420
421
422
423
424
425
426
427
428
429
430
431
432
433
434
435
436
437
438
439
440
441
442
443
444
445
446
447
448
449
450
451
452
454
455
456
457
458
459
460
461
462
463
464
465
466
467
468
469
470
471
472
473
474
475
476
477
478
479
480
481
482
483
484
485
486
489
491
492
493
495
496
497
499
500
501
502
503
504
505
506
507
508
509
510
511
512
513
514
516
517
518
519
520
521
523
524
525
526
527
528
529
530
531
532
533
534
535
536
537
538
539
540
541
542
543
544
545
546
547
548
549
550
551
552
553
554
555
556
557
558
559
560
561
562
563
564
565
566
569
571
572
573
574
575
576
578
579
580
581
582
583
584
585
586
587
588
589
591
592
593
594
595
596
597
598
599
600
601
602
604
605
606
607
608
609
610
611
612
613
614
615
616
617
618
619
621
622
623
624
625
626
627
628
629
630
631
632
633
634
635
636
640
641
642
643
644
645
646
647
648
649
650
651
652
653
655
656
657
658
659
660
661
662
663
664
665
666
668
669
670
671
672
674
675
676
677
678
679
681
682
683
684
686
688
689
691
693
694
695
696
697
698
699
700
703
704
705
706
707
708
709
710
714
715
717
719
720
722
723
724
726
727
728
729
730
731
732
733
735
736
737
738
739
740
741
743
744
745
746
747
748
749
750
751
752
753
755
756
757
758
759
760
761
762
763
764
765
766
767
768
769
770
771
772
773
774
775
776
777
778
779
780
781
782
783
784
785
786
788
789
790
791
792
793
794
795
796
797
801
802
803
804
806
807
808
809
810
811
812
813
815
816
817
818
820
821
823
824
825
826
827
828
829
830
831
832
833
834
835
837
838
839
840
841
843
844
845
846
847
848
850
851
852
853
854
855
856
857
858
859
860
861
862
863
864
865
866
868
869
870
871
872
873
874
876
877
878
879
880
881
882
884
885
886
887
888
889
890
891
892
893
894
895
896
898
899
900
901
902
903
904
905
906
907
908
909
910
912
913
915
916
917
918
919
920
921
922
923
924
925
926
927
928
929
930
931
932
933
934
935
936
937
938
939
940
941
942
943
944
945
946
948
949
950
951
952
953
954
955
956
957
958
959
960
961
962
963
964
965
966
967
968
969
970
971
972
973
974
975
976
977
978
982
983
984
985
986
987
988
989
990
991
992
993
994
995
997
998
1001
1004
1005
1006
1007
1008
1009
1010
1011
1012
1013
1014
1015
1016
1017
1018
1019
1020
1021
1022
1023
1024
1025
1026
1027
1028
1029
1030
1031
1032
1033
1034
1035
1036
1037
1038
1039
1041
1042
1043
1044
1045
1046
1047
1048
1049
1050
1051
1052
1053
1054
1055
1056
1057
1059
1060
1061
1062
1063
1065
1066
1067
1068
1069
1071
1072
1073
1075
1076
1077
1078
1079
1080
1081
1082
1083
1085
1086
1087
1088
1089
1090
1091
1092
1093
1094
1095
1096
1097
1098
1099
1100
1101
1102
1103
1104
1105
1107
1108
1109
1110
1111
1113
1114
1115
1116
1117
1118
1119
1121
1122
1125
1126
1129
1131
1132
1133
1135
1136
1137
1138
1139
1140
1142
1143
1144
1145
1146
1147
1148
1149
1150
1151
1152
1153
1154
1155
1156
1157
1158
1159
1160
1161
1162
1163
1164
1165
1166
1167
1168
1169
1170
1171
1172
1173
1174
1175
1178
1179
1181
1182
1183
1184
1185
1186
1187
1188
1189
1190
1191
1192
1193
1194
1195
1196
1197
1198
1199
1200
1201
1202
1203
1204
1205
1207
1208
1211
1212
1213
1214
1215
1216
1217
1218
1219
1221
1222
1223
1224
1225
1226
1227
1228
1229
1230
1231
1232
1234
1235
1236
1237
1238
1239
1240
1241
1242
1243
1244
1245
1248
1249
1250
1252
1253
1254
1255
1256
1257
1258
1259
1260
1261
1262
1263
1264
1265
1266
1267
1268
1269
1270
1271
1272
1273
1274
1275
1276
1277
1281
1282
1285
1288
1289
1291
1292
1293
1294
1296
1297
1298
1299
1300
1302
1303
1304
1305
1306
1309
1310
1311
1313
1314
1315
1316
1317
1318
1319
1320
1321
1322
1323
1324
1325
1326
1329
1331
1332
1333
1334
1337
1339
1340
1341
1342
1343
1344
1345
1347
1348
1349
1350
1351
1354
1355
1356
1357
1358
1359
1360
1361
1362
1363
1364
1365
1366
1367
1368
1369
1371
1372
1373
1375
1376
1377
1379
1380
1382
1383
1384
1385
1386
1387
1388
1389
1391
1392
1393
1394
1395
1397
1398
1399
1400
1401
1402
1403
1404
1406
1407
1408
1409
1410
1412
1413
1414
1415
1416
1417
1419
1420
1422
1423
1424
1426
1427
1428
1429
1430
1431
1432
1433
1434
1435
1436
1437
1439
1440
1442
1443
1444
1447
1448
1449
1450
1451
1452
1454
1455
1456
1457
1458
1459
1460
1461
1462
1463
1464
1465
1466
1467
1468
1469
1470
1471
1472
1473
1474
1475
1476
1477
1478
1479
1481
1482
1484
1485
1487
1488
1489
1490
1493
1495
1496
1497
1498
1499
1500
1501
1503
1504
1505
1506
1507
1508
1509
1510
1511
1512
1514
1515
1517
1518
1519
1520
1521
1522
1523
1524
1526
1527
1528
1529
1530
1533
1534
1535
1536
1537
1538
1539
1540
1541
1542
1543
1544
1545
1546
1547
1548
1549
1550
1551
1554
1555
1557
1558
1562
1563
1564
1565
1566
1567
1568
1569
1570
1571
1572
1573
1574
1575
1578
1579
1580
1581
1582
1583
1584
1585
1586
1587
1588
1589
1591
1592
1593
1594
1595
1597
1598
1600
1601
1602
1603
1604
1605
1606
1607
1608
1609
1610
1611
1612
1613
1614
1615
1616
1617
1618
1619
1620
1621
1622
1623
1624
1625
1626
1627
1628
1629
1630
1631
1632
1633
1634
1635
1636
1637
1639
1640
1641
1642
1643
1644
1645
1646
1647
1648
1649
1650
1651
1652
1653
1654
1658
1659
1660
1661
1662
1663
1664
1665
1666
1667
1668
1669
1670
1671
1672
1673
1675
1676
1677
1678
1679
1680
1682
1683
1684
1685
1686
1687
1688
1689
1690
1691
1692
1693
1694
1695
1696
1698
1699
1700
1702
1703
1705
1706
1707
1708
1709
1712
1713
1714
1715
1716
1717
1718
1719
1720
1721
1722
1723
1724
1726
1727
1728
1729
1730
1731
1732
1733
1734
1735
1736
1737
1738
1739
1740
1741
1742
1743
1744
1745
1746
1747
1748
1749
1750
1751
1752
1753
1754
1755
1756
1757
1759
1760
1763
1764
1765
1766
1767
1768
1769
1770
1771
1772
1773
1774
1775
1778
1779
1780
1781
1782
1783
1784
1785
1786
1788
1789
1790
1791
1792
1794
1795
1796
1797
1798
1799
1800
1801
1802
1803
1804
1808
1809
1810
1814
1815
1818
1819
1820
1822
1823
1825
1826
1827
1828
1829
1830
1831
1832
1833
1834
1836
1838
1841
1842
1843
1844
1845
1846
1847
1848
1850
1851
1852
1853
1854
1855
1856
1857
1859
1860
1863
1865
1866
1867
1868
1869
1870
1871
1873
1874
1875
1876
1877
1878
1879
1883
1884
1885
1888
1889
1890
1891
1892
1893
1894
1895
1896
1897
1898
1899
1900
1901
1902
1904
1905
1907
1908
1909
1910
1911
1912
1913
1914
1915
1916
1918
1920
1922
1923
1924
1925
1926
1927
1928
1929
1931
1932
1933
1934
1935
1936
1937
1938
1939
1940
1941
1942
1943
1944
1945
1946
1947
1948
1949
1950
1951
1952
1953
1954
1955
1956
1957
1958
1959
1960
1961
1962
1963
1964
1965
1966
1967
1969
1971
1972
1973
1975
1978
1979
1980
1981
1982
1984
1985
1986
1987
1988
1989
1990
1991
1992
1993
1994
1995
1996
1997
1998
1999
2000
2001
2002
2003
2004
2005
2006
2007
2008
2009
2010
2011
2012
2013
2014
2015
2016
2017
2018
2019
2020
2021
2022
2023
2024
2025
2026
2027
2028
2029
2030
2031
2032
2033
2034
2035
2037
2038
2039
2040
2041
2042
2043
2044
2045
2046
2047
2048
2050
2051
2052
2053
2054
2055
2057
2059
2060
2061
2062
2063
2064
2065
2067
2068
2071
2073
2075
2076
2077
2080
2081
2083
2084
2085
2086
2087
2088
2089
2090
2091
2092
2093
2095
2096
2097
2098
2099
2100
2101
2102
2103
2104
2105
2106
2108
2109
2110
2111
2112
2113
2114
2115
2116
2117
2118
2119
2120
2121
2122
2123
2124
2125
2126
2127
2128
2129
2130
2131
2134
2139
2141
2142
2143
2144
2145
2146
2147
2148
2149
2150
2151
2152
2153
2154
2155
2156
2157
2159
2160
2161
2163
2169
2170
2172
2176
2177
2178
2179
2180
2181
2183
2184
2185
2188
2191
2192
2193
2194
2196
2197
2199
2201
2202
2203
2204
2205
2207
2208
2209
2210
2211
2212
2213
2214
2215
2216
2217
2218
2220
2221
2222
2223
2224
2225
2226
2227
2228
2229
2230
2231
2234
2235
2236
2237
2238
2239
2240
2241
2242
2243
2246
2248
2249
2250
2251
2252
2253
2254
2255
2256
2257
2258
2259
2260
2261
2262
2263
2264
2265
2266
2267
2268
2269
2270
2272
2273
2276
2277
2278
2279
2280
2282
2283
2284
2285
2286
2288
2289
2290
2291
2292
2293
2294
2295
2296
2297
2298
2299
2300
2302
2303
2304
2305
2306
2307
2308
2309
2310
2311
2313
2314
2315
2317
2318
2319
2320
2322
2323
2324
2325
2326
2327
2328
2329
2330
2331
2332
2333
2334
2335
2336
2337
2338
2339
2340
2341
2345
2346
2348
2349
2350
2351
2352
2353
2354
2355
2356
2357
2358
2360
2361
2362
2363
2364
2365
2366
2367
2368
2369
2370
2371
2372
2373
2374
2375
2376
2377
2378
2379
2380
2381
2382
2383
2384
2385
2386
2387
2388
2389
2390
2391
2392
2393
2394
2395
2396
2397
2398
2399
2400
2401
2402
2403
2404
2405
2406
2407
2408
2409
2410
2411
2412
2413
2414
2415
2416
2417
2418
2420
2421
2422
2423
2424
2425
2426
2427
2428
2429
2430
2431
2432
2433
2434
2435
2436
2437
2438
2440
2441
2442
2443
2444
2445
2446
2447
2448
2449
2451
2452
2454
2456
2457
2458
2459
2460
2461
2462
2463
2464
2465
2466
2467
2468
2469
2470
2471
2472
2473
2474
2476
2477
2478
2479
2480
2481
2482
2483
2484
2485
2486
2487
2488
2489
2490
2491
2492
2493
2494
2495
2496
2497
2498
2499
2500
2501
2504
2505
2508
2509
2510
2511
2513
2515
2516
2517
2518
2519
2520
2521
2522
2523
2524
2525
2526
2527
2528
2529
2530
2531
2532
2533
2534
2535
2536
2537
2538
2541
2542
2543
2544
2545
2546
2547
2548
2549
2550
2552
2553
2554
2555
2556
2558
2559
2560
2561
2562
2563
2564
2565
2566
2568
2569
2570
2571
2572
2573
2574
2575
2576
2577
2579
2580
2581
2582
2583
2584
2585
2586
2587
2588
2589
2590
2592
2593
2594
2597
2598
2599
2600
2601
2602
2603
2604
2605
2607
2608
2609
2610
2611
2612
2613
2614
2615
2616
2617
2618
2619
2620
2621
2622
2623
2624
2625
2626
2627
2628
2629
2630
2631
2632
2633
2634
2635
2636
2637
2638
2639
2640
2641
2643
2645
2646
2647
2648
2649
2650
2651
2652
2653
2655
2656
2657
2658
2660
2661
2662
2663
2664
2665
2666
2667
2668
2669
2670
2671
2672
2673
2674
2675
2676
2677
2678
2679
2680
2681
2682
2683
2684
2685
2686
2687
2688
2689
2690
2691
2692
2694
2695
2696
2698
2699
2700
2701
2702
2703
2704
2705
2706
2707
2708
2711
2712
2713
2714
2715
2716
2718
2719
2720
2722
2723
2724
2728
2729
2730
2731
2732
2734
2735
2736
2737
2738
2739
2740
2741
2742
2743
2744
2745
2747
2750
2751
2752
2753
2754
2756
2757
2759
2760
2761
2762
2763
2764
2766
2767
2768
2769
2770
2772
2773
2774
2775
2776
2777
2779
2780
2781
2782
2783
2784
2785
2786
2790
2791
2792
2793
2794
2795
2798
2800
2801
2804
2805
2806
2807
2808
2809
2812
2813
2814
2815
2816
2817
2818
2819
2820
2821
2823
2824
2825
2827
2828
2829
2831
2832
2833
2834
2835
2836
2838
2839
2841
2844
2845
2846
2847
2848
2852
2853
2857
2858
2859
2861
2862
2863
2867
2868
2869
2870
2871
2872
2873
2874
2875
2877
2879
2882
2883
2884
2887
2888
2891
2892
2893
2894
2895
2897
2900
2901
2902
2906
2907
2908
2910
2912
2913
2914
2915
2916
2921
2923
2924
2926
2927
2929
2930
2931
2932
2933
2934
2935
2937
2938
2939
2940
2941
2943
2944
2945
2947
2948
2949
2950
2951
2952
2953
2954
2955
2956
2957
2958
2961
2963
2965
2966
2967
2968
2969
2970
2972
2973
2976
2977
2980
2982
2983
2985
2986
2987
2989
2990
2994
2995
2996
2998
2999
3000
3001
3002
3004
3006
3008
3009
3010
3011
3012
3013
3014
3015
3018
3019
3020
3022
3024
3026
3027
3028
3029
3031
3032
3033
3034
3035
3036
3037
3038
3039
3040
3041
3042
3043
3044
3045
3046
3047
3048
3049
3050
3051
3052
3053
3054
3055
3059
3061
3063
3064
3065
3066
3067
3068
3069
3070
3071
3072
3073
3074
3075
3076
3077
3078
3079
3080
3081
3082
3083
3084
3087
3088
3089
3091
3093
3094
3095
3096
3097
3098
3099
3101
3102
3104
3105
3107
3108
3110
3111
3113
3114
3115
3116
3117
3118
3119
3120
3121
3124
3125
3126
3127
3128
3129
3130
3131
3132
3134
3135
3136
3137
3138
3139
3140
3141
3142
3143
3144
3145
3146
3147
3148
3150
3151
3152
3153
3157
3159
3160
3161
3163
3165
3166
3167
3168
3169
3170
3171
3172
3173
3174
3175
3176
3177
3178
3181
3182
3183
3184
3187
3188
3189
3190
3191
3192
3193
3194
3195
3198
3202
3203
3204
3205
3206
3207
3209
3210
3211
3212
3214
3215
3218
3219
3220
3223
3224
3225
3226
3227
3229
3230
3231
3232
3233
3234
3236
3237
3238
3239
3242
3243
3245
3246
3247
3248
3249
3250
3251
3254
3255
3256
3257
3258
3259
3260
3261
3262
3263
3265
3266
3267
3268
3269
3270
3271
3272
3273
3274
3275
3276
3281
3282
3283
3284
3285
3286
3287
3288
3291
3292
3293
3294
3295
3296
3297
3298
3299
3300
3301
3303
3304
3306
3308
3309
3310
3311
3316
3317
3318
3320
3321
3322
3326
3327
3328
3329
3330
3331
3332
3333
3334
3335
3336
3337
3338
3339
3343
3344
3345
3346
3347
3348
3350
3351
3352
3353
3354
3356
3357
3358
3359
3360
3361
3362
3364
3365
3366
3367
3368
3369
3370
3373
3375
3376
3378
3379
3380
3381
3383
3384
3385
3386
3387
3388
3389
3390
3392
3394
3395
3396
3397
3399
3400
3403
3404
3405
3406
3407
3408
3410
3411
3412
3413
3414
3415
3416
3417
3418
3420
3421
3422
3424
3426
3429
3432
3433
3434
3435
3436
3437
3438
3439
3440
3442
3443
3444
3445
3446
3447
3449
3450
3453
3454
3455
3457
3458
3459
3460
3461
3462
3463
3464
3466
3467
3468
3470
3471
3473
3474
3478
3481
3482
3483
3484
3485
3486
3487
3488
3489
3490
3493
3494
3495
3496
3498
3499
3500
3501
3502
3504
3506
3507
3508
3509
3510
3512
3513
3514
3515
3516
3517
3518
3519
3520
3521
3522
3523
3526
3527
3528
3529
3530
3533
3534
3535
3536
3537
3538
3539
3542
3543
3545
3546
3547
3548
3549
3550
3551
3553
3554
3555
3556
3557
3558
3562
3563
3564
3565
3569
3571
3572
3573
3574
3575
3576
3577
3578
3579
3580
3581
3582
3583
3584
3585
3586
3587
3588
3589
3590
3591
3592
3593
3594
3595
3596
3597
3598
3600
3602
3603
3604
3605
3606
3608
3610
3611
3612
3613
3614
3615
3616
3620
3621
3622
3623
3624
3625
3626
3627
3628
3629
3630
3631
3632
3633
3634
3635
3636
3637
3638
3639
3641
3642
3643
3644
3647
3648
3649
3650
3651
3652
3653
3654
3655
3656
3657
3658
3659
3661
3662
3664
3665
3666
3667
3668
3669
3670
3671
3672
3673
3675
3676
3677
3678
3680
3681
3682
3683
3685
3686
3687
3688
3689
3690
3691
3692
3693
3694
3695
3696
3697
3701
3702
3703
3705
3706
3707
3711
3712
3713
3714
3715
3716
3718
3719
3721
3722
3723
3724
3725
3727
3728
3729
3730
3731
3732
3733
3734
3735
3736
3737
3738
3739
3740
3741
3742
3743
3744
3745
3746
3749
3750
3752
3754
3757
3758
3759
3763
3764
3768
3774
3775
3776
3777
3778
3779
3780
3782
3784
3785
3786
3787
3788
3789
3794
3795
3796
3797
3799
3801
3804
3805
3806
3807
3808
3809
3810
3812
3813
3814
3815
3816
3817
3818
3819
3820
3821
3822
3823
3824
3825
3826
3827
3828
3829
3830
3831
3832
3833
3834
3835
3836
3837
3838
3839
3840
3842
3843
3844
3845
3846
3847
3848
3849
3850
3855
3856
3857
3858
3859
3860
3863
3864
3865
3866
3867
3868
3870
3871
3872
3873
3875
3879
3881
3883
3884
3885
3886
3887
3888
3889
3890
3893
3895
3896
3897
3898
3900
3901
3903
3904
3905
3908
3909
3910
3911
3913
3915
3916
3917
3919
3921
3922
3923
3924
3925
3926
3927
3928
3929
3930
3931
3932
3933
3934
3935
3936
3937
3938
3939
3940
3941
3942
3943
3945
3946
3947
3948
3949
3951
3952
3953
3954
3957
3958
3959
3960
3961
3963
3964
3965
3966
3967
3968
3969
3971
3974
3975
3976
3977
3978
3979
3980
3981
3982
3983
3984
3985
3986
3987
3988
3989
3991
3992
3993
3994
3995
3996
3997
3999
4000
4001
4002
4003
4004
4005
4006
4007
4008
4009
4010
4011
4012
4013
4014
4015
4016
4017
4018
4019
4020
4021
4022
4023
4024
4025
4026
4027
4028
4029
4030
4031
4032
4033
4034
4035
4036
4037
4038
4039
4048
4050
4053
4056
4059
4060
4061
4062
4064
4065
4066
4067
4068
4069
4070
4075
4076
4077
4079
4080
4081
4082
4083
4084
4085
4086
4087
4089
4090
4091
4092
4093
4094
4095
4096
4097
4098
4099
4100
4101
4102
4105
4106
4107
4108
4109
4110
4111
4112
4114
4116
4117
4118
4119
4120
4121
4123
4125
4127
4128
4129
4131
4133
4134
4143
4144
4145
4146
4147
4148
4149
4150
4151
4152
4153
4154
4155
4156
4158
4160
4161
4162
4164
4165
4166
4167
4168
4169
4170
4171
4172
4173
4174
4175
4176
4177
4181
4182
4185
4186
4188
4189
4191
4192
4194
4195
4196
4197
4198
4202
4203
4204
4205
4206
4207
4208
4209
4210
4211
4212
4213
4214
4215
4216
4217
4218
4219
4220
4221
4222
4224
4225
4226
4227
4228
4229
4230
4231
4232
4233
4235
4236
4237
4238
4239
4240
4241
4242
4243
4244
4245
4248
4249
4250
4251
4253
4254
4255
4256
4258
4259
4260
4261
4262
4263
4264
4265
4266
4267
4268
4269
4270
4271
4272
4273
4274
4277
4278
4279
4280
4281
4283
4284
4286
4290
4291
4293
4302
4303
4304
4305
4307
4308
4309
4310
4311
4312
4313
4315
4316
4317
4318
4324
4325
4326
4327
4328
4329
4330
4331
4333
4334
4335
4342
4343
4344
4346
4347
4348
4349
4351
4352
4353
4354
4355
4356
4357
4358
4360
4361
4364
4365
4366
4368
4369
4370
4371
4372
4374
4375
4383
4389
4391
4392
4403
4404
4420
4421
4423
4424
4425
4428
4429
4430
4431
4444
4451
4453
4454
4455
4456
4457
4458
4459
4469
4470
4471
4472
4473
4474
4475
4476
4477
4478
4479
4480
4481
4482
4483
4484
4485
4486
4487
4488
4489
4493
4497
4498
4499
4500
4501
4502
4503
4504
4505
4510
4511
4513
4514
4515
4516
4517
4518
4519
4520
4521
4522
4523
4524
4525
4526
4527
4528
4529
4530
4531
4532
4533
4534
4535
4536
4537
4538
4539
4540
4542
4543
4544
4545
4546
4547
4548
4551
4552
4553
4554
4556
4557
4558
4560
4561
4562
4565
4566
4567
4568
4570
4571
4572
4573
4574
4575
4576
4577
4578
4579
4580
4581
4582
4583
4584
4585
4586
4587
4588
4589
4590
4591
4592
4593
4594
4595
4596
4599
4600
4602
4603
4605
4606
4607
4608
4609
4610
4611
4612
4613
4614
4615
4616
4617
4618
4619
4620
4623
4624
4625
4626
4627
4628
4631
4632
4633
4634
4635
4636
4639
4640
4641
4642
4645
4646
4647
4648
4649
4650
4651
4652
4654
4657
4658
4659
4660
4662
4663
4664
4665
4666
4667
4668
4669
4670
4671
4672
4673
4674
4675
4677
4678
4679
4681
4682
4683
4684
4685
4686
4687
4688
4689
4690
4691
4692
4693
4694
4695
4696
4698
4723
4724
4725
4726
4727
4740
4741
4742
4743
4744
4745
4746
4750
4751
4752
4753
4754
4755
4756
4757
4758
4759
4760
4762
4763
4764
4765
4768
4769
4770
4771
4772
4773
4778
4779
4780
4781
4782
4783
4784
4785
4786
4787
4788
4790
4791
4792
4793
4794
4795
4796
4797
4798
4799
4800
4801
4802
4803
4804
4805
4806
4807
4808
4809
4810
4811
4812
4813
4814
4815
4816
4817
4818
4819
4820
4821
4822
4823
4826
4828
4829
4830
4831
4832
4833
4834
4835
4837
4838
4839
4840
4844
4845
4846
4848
4849
4850
4851
4852
4853
4854
4855
4856
4857
4858
4859
4860
4861
4862
4863
4864
4865
4866
4867
4868
4869
4871
4875
4876
4879
4893
4895
4900
4901
4902
4904
4905
4906
4907
4908
4911
4940
4942
4943
4944
4945
4946
4954
4955
4957
4959
4960
4961
4962
4963
4964
4966
4967
4969
4970
4971
4974
4981
4988
4991
4992
4994
4996
4998
4999
5000
5002
5003
5004
5005
5006
5007
5008
5009
5011
5012
5013
5015
5016
5018
5019
5020
5021
5022
5023
5025
5026
5027
5029
5030
5031
5032
5034
5035
5036
5037
5038
5039
5049
5050
5051
5052
5053
5054
5055
5056
5057
5058
5059
5060
5061
5062
5063
5064
5066
5067
5069
5072
5073
5075
5076
5078
5082
5084
5085
5086
5087
5088
5090
5091
5092
5093
5094
5095
5096
5097
5098
5099
5100
5101
5102
5103
5104
5105
5106
5107
5108
5109
5110
5111
5112
5113
5114
5115
5118
5119
5125
5126
5127
5128
5129
5130
5132
5142
5144
5145
5146
5147
5152
5153
5154
5155
5156
5157
5158
5160
5161
5162
5164
5165
5169
5170
5171
5174
5176
5177
5178
5180
5182
5184
5185
5186
5188
5189
5191
5192
5194
5195
5201
5202
5203
5204
5205
5206
5207
5208
5209
5210
5217
5220
5221
5223
5227
5228
5230
5232
5233
5234
5235
5237
5239
5240
5241
5242
5243
5244
5245
5247
5248
5250
5251
5252
5253
5254
5255
5256
5257
5258
5259
5262
5263
5264
5265
5266
5267
5268
5269
5270
5271
5272
5273
5274
5275
5276
5277
5278
5280
5282
5283
5284
5285
5286
5287
5292
5293
5295
5297
5298
5306
5308
5309
5310
5311
5312
5313
5314
5315
5316
5321
5325
5326
5327
5329
5330
5331
5334
5335
5336
5337
5338
5339
5340
5341
5342
5345
5346
5348
5349
5352
5353
5355
5356
5357
5358
5359
5360
5362
5363
5365
5366
5367
5368
5369
5372
5373
5374
5375
5376
5377
5378
5379
5380
5390
5391
5392
5393
5394
5395
5396
5398
5399
5401
5402
5403
5404
5405
5406
5407
5410
5411
5412
5413
5414
5415
5416
5417
5418
5419
5420
5421
5422
5423
5424
5425
5426
5427
5430
5431
5434
5435
5436
5437
5439
5440
5441
5442
5443
5444
5445
5447
5449
5450
5451
5452
5454
5455
5456
5457
5458
5459
5460
5461
5464
5465
5467
5468
5469
5470
5471
5472
5474
5476
5477
5479
5480
5484
5485
5487
5488
5489
5490
5491
5493
5494
5495
5500
5501
5502
5503
5504
5505
5507
5509
5510
5511
5512
5513
5514
5515
5517
5518
5520
5521
5522
5524
5526
5527
5528
5529
5532
5533
5536
5540
5542
5543
5544
5545
5547
5548
5549
5550
5553
5554
5555
5557
5559
5562
5563
5565
5566
5567
5568
5570
5571
5573
5574
5575
5576
5582
5584
5585
5586
5587
5589
5590
5592
5593
5596
5597
5598
5599
5600
5601
5602
5603
5604
5605
5606
5607
5609
5610
5611
5612
5613
5614
5615
5616
5618
5619
5620
5623
5624
5625
5626
5627
5630
5631
5632
5638
5639
5641
5644
5645
5647
5650
5651
5653
5654
5655
5656
5657
5658
5659
5660
5663
5664
5665
5667
5668
5669
5671
5672
5673
5674
5675
5676
5677
5678
5679
5680
5681
5682
5683
5684
5685
5686
5687
5688
5689
5694
5699
5700
5701
5703
5704
5705
5706
5707
5708
5709
5710
5711
5712
5713
5714
5715
5723
5724
5725
5726
5728
5732
5733
5734
5735
5736
5738
5739
5742
5744
5745
5748
5750
5752
5753
5754
5756
5759
5760
5762
5764
5765
5766
5767
5771
5772
5773
5774
5775
5776
5777
5778
5783
5785
5786
5788
5794
5799
5800
5801
5802
5803
5804
5806
5807
5808
5813
5814
5815
5819
5820
5821
5822
5824
5826
5838
5843
5844
5845
5846
5847
5848
5850
5851
5852
5853
5854
5855
5856
5857
5858
5859
5860
5863
5864
5865
5866
5867
5868
5869
5870
5871
5872
5873
5875
5877
5878
5879
5881
5882
5883
5884
5885
5887
5888
5890
5891
5892
5893
5894
5895
5896
5897
5898
5900
5901
5902
5903
5904
5905
5907
5909
5910
5911
5914
5915
5917
5918
5919
5920
5922
5923
5924
5925
5926
5927
5929
5930
5931
5932
5933
5934
5939
5940
5942
5943
5944
5945
5946
5947
5948
5949
5951
5952
5953
5954
5955
5956
5957
5958
5959
5960
5961
5962
5963
5964
5965
5966
5967
5968
5970
5971
5973
5974
5975
5976
5977
5978
5980
5981
5983
5985
5988
5990
5992
5993
5994
5995
5996
5997
5998
5999
6000
6001
6002
6003
6004
6005
6006
6008
6009
6010
6011
6013
6014
6016
6017
6018
6019
6020
6021
6025
6026
6028
6029
6030
6032
6033
6034
6035
6036
6037
6038
6039
6040
6041
6042
6043
6044
6045
6047
6048
6049
6050
6051
6052
6053
6054
6055
6056
6057
6058
6060
6061
6062
6063
6064
6067
6068
6069
6072
6075
6078
6079
6080
6081
6082
6083
6084
6085
6086
6087
6088
6089
6090
6091
6093
6095
6096
6097
6098
6099
6100
6104
6114
6130
6132
6136
6138
6140
6142
6146
6150
6152
6164
6166
6180
6182
6184
6186
6192
6196
6198
6200
6202
6204
6206
6208
6210
6216
6220
6222
6224
6226
6228
6232
6234
6236
6238
6242
6244
6248
6254
6256
6260
6262
6264
6266
6270
6272
6274
6276
6278
6280
6282
6284
6286
6288
6290
6292
6294
6296
6298
6300
6302
6304
6306
6308
6310
6314
6316
6320
6322
6324
6326
6330
6358
6384
6386
6388
6390
6392
6396
6400
6402
6404
6406
6410
6414
6416
6418
6420
6422
6424
6426
6428
6430
6432
6434
6436
6438
6442
6444
6446
6456
6458
6484
6488
6496
6506
6518
6520
6524
6526
6538
6548
6554
6562
6564
6566
6572
6576
6578
6604
6606
6608
6610
6612
6614
6616
6618
6620
6624
6628
6642
6682
6684
6686
6706
6714
6716
6718
6722
6726
6732
6734
6736
6742
6748
6750
6752
6758
6760
6762
6764
6766
6768
6770
6774
6776
6778
6780
6782
6784
6786
6788
6790
6792
6802
6804
6806
6808
6810
6812
6814
6816
6818
6822
6824
6826
6827
6829
6832
6833
6834
6835
6836
6837
6838
6839
6840
6841
6842
6843
6847
6850
6852
6853
6854
6856
6857
6858
6859
6861
6862
6863
6865
6866
6868
6871
6874
6876
6877
6878
6879
6882
6883
6884
6885
6886
6888
6889
6890
6891
6892
6896
6899
6901
6902
6910
6911
6912
6914
6916
6917
6918
6919
6920
6921
6922
6923
6927
6928
6929
6931
6932
6933
6934
6935
6941
6946
6947
6955
6956
6957
6958
6959
6960
6961
6962
6965
6969
6971
6972
6976
6977
6978
6979
6980
6984
6986
6987
6990
6991
6992
6993
6997
6999
7000
7006
7008
7009
7010
7012
7014
7015
7016
7020
7024
7028
7029
7030
7036
7040
7045
7049
7066
7067
7069
7070
7071
7073
7075
7077
7078
7080
7081
7082
7085
7086
7090
7091
7092
7096
7097
7098
7099
7100
7102
7107
7109
7110
7113
7115
7118
7120
7121
7122
7123
7124
7126
7127
7128
7129
7130
7132
7133
7137
7138
7140
7141
7142
7144
7145
7146
7149
7152
7153
7154
7155
7156
7158
7159
7160
7161
7162
7163
7164
7165
7166
7167
7169
7170
7171
7172
7175
7176
7177
7178
7179
7181
7182
7183
7184
7185
7186
7188
7189
7190
7191
7192
7195
7197
7198
7199
7200
7201
7205
7211
7213
7215
7216
7217
7219
7220
7221
7222
7223
7225
7228
7230
7231
7238
7245
7246
7247
7253
7255
7256
7257
7260
7262
7263
7265
7269
7270
7272
7274
7275
7276
7277
7279
7280
7281
7282
7283
7286
7287
7288
7289
7290
7291
7292
7293
7298
7299
7301
7303
7307
7308
7310
7311
7312
7314
7315
7316
7318
7319
7320
7321
7323
7324
7325
7327
7328
7329
7330
7331
7332
7334
7335
7336
7337
7338
7339
7340
7341
7342
7343
7345
7346
7347
7348
7350
7351
7353
7355
7356
7357
7358
7359
7360
7361
7362
7363
7364
7365
7366
7367
7369
7370
7371
7373
7374
7375
7376
7378
7379
7380
7381
7382
7383
7384
7385
7387
7389
7391
7392
7393
7394
7395
7396
7397
7399
7402
7403
7404
7405
7406
7408
7411
7412
7413
7415
7416
7417
7418
7421
7422
7423
7424
7425
7426
7427
7428
7429
7430
7431
7432
7433
7434
7435
7436
7438
7443
7444
7445
7446
7447
7448
7449
7452
7453
7455
7457
7458
7459
7460
7462
7464
7465
7468
7470
7471
7482
7484
7487
7489
7495
7498
7501
7504
7506
7507
7508
7514
7515
7516
7517
7518
7519
7520
7521
7522
7523
7525
7526
7528
7529
7530
7531
7532
7533
7543
7545
7546
7548
7549
7550
7551
7552
7553
7554
7555
7556
7557
7558
7559
7560
7561
7562
7563
7567
7570
7572
7573
7574
7575
7576
7577
7579
7580
7584
7596
7598
7599
7600
7601
7602
7604
7608
7609
7612
7616
7619
7620
7621
7622
7623
7624
7625
7627
7630
7631
7632
7633
7634
7636
7637
7638
7640
7644
7645
7646
7647
7651
7653
7654
7655
7656
7658
7660
7661
7663
7666
7668
7669
7670
7671
7676
7679
7680
7683
7686
7688
7695
7697
7698
7699
7700
7701
7702
7703
7705
7709
7712
7713
7715
7716
7718
7719
7720
7721
7722
7723
7724
7725
7726
7727
7728
7729
7730
7731
7732
7733
7734
7735
7736
7737
7738
7739
7740
7741
7742
7743
7744
7745
7746
7747
7749
7750
7751
7752
7754
7755
7756
7758
7759
7760
7761
7762
7766
7767
7768
7769
7770
7771
7772
7773
7774
7775
7776
7777
7778
7779
7780
7785
7790
7793
7794
7798
7801
7803
7804
7805
7807
7808
7812
7817
7820
7822
7823
7825
7826
7827
7830
7831
7833
7836
7837
7839
7840
7841
7842
7843
7844
7847
7848
7849
7851
7852
7854
7857
7858
7859
7861
7862
7863
7864
7868
7872
7874
7875
7884
7886
7887
7888
7895
7897
7906
7907
7908
7913
7920
7921
7926
7927
7930
7931
7932
7933
7934
7937
7938
7939
7940
7941
7942
7946
7947
7948
7949
7951
7952
7953
7954
7955
7956
7957
7959
7960
7961
7962
7964
7966
7967
7968
7969
7970
7971
7972
7973
7974
7975
7976
7977
7978
7979
7980
7981
7982
7983
7984
7985
7986
7987
7989
7990
7991
7993
7994
7995
7996
7998
7999
8000
8001
8002
8003
8004
8005
8006
8008
8009
8010
8011
8012
8013
8014
8015
8016
8017
8019
8020
8022
8023
8024
8025
8026
8027
8030
8032
8033
8034
8037
8039
8040
8041
8042
8043
8044
8045
8046
8052
8053
8054
8055
8056
8057
8058
8059
8060
8061
8062
8063
8064
8067
8068
8069
8070
8071
8072
8073
8075
8076
8077
8078
8079
8080
8081
8082
8083
8084
8085
8086
8088
8089
8091
8092
8094
8095
8096
8097
8098
8099
8100
8101
8102
8103
8104
8105
8106
8108
8109
8112
8113
8115
8116
8117
8118
8119
8120
8121
8123
8124
8125
8126
8127
8128
8129
8130
8131
8132
8133
8134
8135
8136
8137
8138
8139
8140
8141
8142
8144
8145
8147
8148
8152
8153
8157
8158
8159
8160
8161
8164
8165
8166
8167
8168
8169
8173
8175
8177
8178
8179
8180
8181
8183
8185
8186
8187
8189
8190
8198
8199
8200
8201
8204
8205
8206
8208
8209
8210
8213
8214
8216
8217
8218
8219
8220
8222
8223
8224
8226
8227
8228
8229
8230
8232
8233
8235
8236
8237
8239
8241
8243
8244
8245
8246
8254
8258
8285
8286
8287
8288
8289
8290
8293
8295
8296
8297
8298
8299
8300
8301
8304
8305
8306
8307
8310
8316
8317
8319
8320
8325
8326
8327
8329
8330
8332
8333
8334
8335
8338
8340
8341
8344
8345
8346
8347
8349
8350
8351
8352
8353
8355
8356
8357
8359
8363
8364
8365
8367
8368
8369
8371
8372
8373
8374
8375
8376
8377
8378
8379
8380
8381
8382
8383
8384
8385
8388
8389
8390
8391
8398
8399
8400
8401
8402
8403
8404
8407
8409
8410
8411
8412
8413
8414
8415
8416
8417
8418
8419
8421
8425
8426
8427
8434
8438
8439
8442
8446
8448
8449
8450
8452
8454
8455
8456
8457
8458
8460
8461
8467
8470
8472
8473
8474
8476
8477
8478
8479
8480
8481
8482
8483
8494
8496
8497
8498
8499
8500
8503
8504
8505
8506
8507
8508
8509
8510
8511
8512
8513
8515
8516
8517
8518
8519
8521
8522
8523
8524
8525
8526
8529
8530
8531
8532
8534
8535
8536
8539
8540
8545
8548
8555
8557
8558
8559
8560
8561
8562
8563
8564
8565
8566
8567
8568
8569
8570
8571
8572
8573
8575
8577
8578
8582
8583
8584
8585
8586
8588
8589
8590
8591
8592
8593
8594
8595
8596
8597
8598
8600
8601
8602
8605
8606
8607
8608
8609
8610
8611
8612
8613
8617
8635
8636
8637
8638
8640
8641
8642
8643
8644
8645
8647
8649
8650
8651
8652
8653
8654
8655
8663
8664
8671
8672
8673
8674
8675
8676
8677
8678
8679
8680
8681
8698
8704
8706
8707
8708
8710
8711
8712
8713
8714
8715
8716
8717
8718
8719
8720
8721
8722
8724
8725
8726
8727
8734
8735
8737
8738
8739
8740
8742
8743
8744
8746
8748
8750
8751
8752
8753
8754
8755
8756
8757
8759
8760
8762
8764
8765
8767
8769
8770
8771
8772
8773
8774
8775
8776
8777
8778
8779
8780
8781
8782
8783
8784
8785
8788
8790
8792
8794
8795
8798
8799
8802
8803
8808
8809
8810
8811
8816
8817
8818
8820
8825
8826
8827
8828
8829
8830
8831
8834
8835
8836
8837
8840
8841
8842
8843
8844
8846
8847
8848
8850
8853
8854
8855
8858
8859
8862
8871
8872
8876
8877
8878
8882
8884
8885
8889
8892
8893
8894
8897
8899
8900
8901
8902
8903
8904
8905
8908
8911
8914
8915
8916
8917
8918
8919
8920
8921
8922
8923
8925
8926
8927
8928
8929
8930
8931
8932
8933
8934
8935
8936
8937
8938
8939
8940
8941
8942
8943
8946
8947
8949
8950
8951
8952
8953
8954
8955
8956
8958
8959
8960
8961
8962
8963
8965
8967
8968
8969
8970
8972
8973
8974
8975
8976
8977
8978
8979
8983
8985
8986
8987
8988
8990
8991
8993
8995
8997
9000
9001
9002
9004
9005
9013
9020
9023
9028
9032
9033
9037
9038
9039
9040
9041
9043
9044
9045
9047
9050
9051
9052
9053
9056
9057
9058
9059
9060
9062
9063
9064
9065
9066
9067
9068
9072
9073
9074
9077
9079
9080
9081
9084
9089
9090
9091
9092
9093
9095
9097
9098
9099
9113
9114
9115
9116
9117
9118
9119
9120
9122
9123
9126
9127
9129
9131
9133
9134
9135
9137
9138
9142
9144
9145
9147
9148
9149
9150
9151
9152
9153
9154
9155
9156
9157
9158
9159
9161
9163
9164
9165
9166
9167
9169
9170
9171
9172
9173
9174
9175
9176
9177
9178
9179
9180
9181
9182
9186
9187
9188
9190
9192
9196
9197
9198
9199
9200
9202
9203
9204
9207
9208
9209
9210
9211
9212
9213
9216
9217
9218
9219
9220
9222
9224
9226
9227
9229
9231
9237
9244
9245
9246
9247
9248
9250
9251
9252
9254
9255
9256
9257
9258
9259
9261
9264
9266
9268
9270
9271
9273
9274
9275
9276
9279
9280
9284
9285
9286
9287
9288
9289
9290
9291
9296
9299
9300
9305
9306
9310
9315
9316
9317
9318
9319
9334
9335
9338
9346
9353
9354
9356
9359
9360
9363
9364
9365
9366
9369
9371
9374
9375
9376
9377
9378
9379
9380
9381
9382
9383
9384
9385
9386
9387
9388
9389
9390
9391
9392
9393
9394
9395
9396
9397
9400
9401
9403
9404
9405
9406
9408
9409
9416
9418
9419
9420
9421
9422
9423
9424
9426
9427
9428
9429
9465
9468
9472
9473
9479
9482
9483
9486
9487
9536
9541
9542
9543
9544
9546
9547
9548
9550
9606
9607
9608
9609
9610
9613
9614
9615
9616
9617
9623
9624
9625
9626
9628
9630
9631
9632
9634
9635
9636
9637
9638
9640
9641
9642
9643
9644
9645
9646
9699
9700
9701
9702
9705
9706
9709
9711
9712
9714
9717
9718
9719
9720
9721
9726
9727
9730
9732
9733
9734
9736
9737
9738
9739
9740
9751
9752
9753
9754
9755
9757
9759
9760
9762
9765
9766
9767
9771
9774
9775
9777
9778
9781
9782
9783
9790
9791
9795
9796
9797
9798
9799
9800
9801
9802
9803
9804
9805
9806
9807
9808
9809
9811
9812
9813
9816
9819
9820
9821
9823
9825
9827
9830
9831
9832
9833
9834
9836
9837
9838
9839
9840
9841
9844
9847
9848
9849
9853
9854
9855
9856
9857
9858
9859
9864
9865
9866
9868
9869
9870
9871
9872
9880
9882
9883
9886
9888
9889
9895
9911
9912
9913
9914
9915
9916
9917
9919
9920
9921
9922
9923
9924
9925
9926
9927
9928
9929
9935
9938
9939
9940
9941
9942
9943
9944
9945
9946
9947
9948
9949
9950
9951
9952
9953
9954
9955
9956
9957
9958
9959
9960
9961
9965
9967
9968
9970
9971
9975
9976
9977
9979
9981
9982
9986
9987
9988
9990
9991
9999
10000
10001
10002
10003
10004
10005
10006
10007
10008
10009
10010
10011
10012
10013
10014
10016
10020
10027
10036
10041
10046
10047
10049
10054
10055
10056
10057
10058
10059
10069
10072
10076
10078
10079
10081
10083
10084
10085
10086
10087
10105
10108
10109
10110
10111
10112
10113
10114
10115
10116
10117
10118
10119
10120
10121
10123
10124
10125
10126
10127
10128
10129
10130
10133
10134
10135
10137
10138
10140
10141
10142
10144
10147
10149
10151
10152
10153
10155
10156
10157
10158
10159
10162
10163
10165
10166
10167
10169
10171
10178
10179
10180
10183
10194
10195
10197
10198
10199
10200
10201
10203
10205
10207
10208
10209
10210
10211
10212
10213
10216
10217
10220
10221
10222
10224
10226
10230
10238
10239
10245
10246
10248
10249
10252
10253
10255
10258
10259
10260
10262
10265
10266
10267
10268
10269
10270
10271
10272
10273
10274
10275
10276
10280
10281
10282
10287
10288
10289
10291
10292
10293
10294
10296
10297
10298
10305
10306
10307
10309
10311
10312
10314
10315
10316
10317
10318
10319
10321
10324
10325
10326
10328
10329
10330
10334
10339
10342
10343
10344
10345
10346
10347
10348
10349
10351
10352
10354
10355
10356
10359
10361
10363
10365
10368
10370
10371
10373
10376
10378
10379
10380
10386
10388
10389
10390
10391
10392
10393
10394
10396
10397
10398
10399
10400
10401
10402
10403
10404
10405
10406
10407
10408
10409
10410
10411
10412
10414
10415
10416
10417
10418
10419
10420
10421
10422
10424
10425
10426
10428
10429
10433
10435
10437
10440
10442
10443
10444
10446
10447
10451
10454
10455
10456
10457
10461
10462
10464
10465
10466
10467
10468
10470
10473
10474
10475
10476
10477
10490
10491
10496
10498
10499
10500
10501
10502
10504
10507
10509
10511
10516
10517
10521
10524
10525
10527
10528
10539
10540
10541
10542
10543
10547
10548
10549
10550
10552
10553
10554
10557
10559
10562
10563
10564
10565
10566
10567
10568
10569
10570
10571
10572
10573
10574
10576
10577
10578
10579
10580
10591
10597
10598
10600
10603
10604
10606
10609
10611
10612
10613
10614
10615
10616
10617
10618
10619
10620
10623
10624
10625
10626
10627
10628
10629
10630
10631
10632
10633
10634
10636
10638
10639
10642
10647
10649
10650
10651
10652
10656
10657
10658
10661
10662
10664
10665
10666
10667
10668
10670
10672
10673
10675
10676
10677
10678
10679
10682
10683
10684
10685
10686
10687
10688
10690
10693
10695
10696
10697
10698
10699
10701
10702
10704
10705
10706
10707
10708
10709
10710
10711
10712
10713
10715
10718
10720
10723
10724
10725
10726
10727
10729
10731
10732
10733
10734
10736
10737
10738
10739
10740
10741
10742
10743
10744
10746
10747
10748
10750
10751
10753
10755
10756
10757
10758
10759
10761
10762
10763
10764
10765
10766
10767
10768
10769
10770
10771
10773
10774
10775
10776
10780
10789
10790
10792
10793
10795
10796
10797
10798
10800
10801
10804
10805
10806
10808
10809
10810
10811
10812
10814
10815
10817
10818
10819
10820
10822
10823
10824
10825
10826
10827
10828
10829
10830
10831
10832
10833
10834
10835
10836
10837
10838
10839
10844
10845
10846
10848
10849
10850
10852
10854
10855
10856
10857
10859
10860
10861
10862
10864
10865
10866
10867
10868
10869
10870
10873
10874
10875
10876
10877
10878
10880
10881
10882
10883
10884
10886
10887
10889
10890
10891
10892
10893
10894
10895
10896
10897
10898
10899
10900
10901
10903
10904
10905
10906
10907
10908
10909
10910
10911
10912
10913
10914
10915
10916
10917
10918
10919
10920
10921
10923
10924
10925
10927
10928
10930
10931
10932
10935
10938
10939
10941
10943
10946
10947
10948
10949
10950
10951
10952
10953
10954
10956
10960
10961
10962
10963
10965
10966
10967
10968
10970
10971
10973
10974
10976
10978
10980
10982
10983
10984
10985
10993
10996
10997
10998
10999
11001
11002
11003
11004
11006
11010
11011
11012
11014
11015
11016
11017
11020
11021
11023
11025
11027
11028
11029
11030
11031
11032
11033
11034
11036
11037
11038
11039
11040
11041
11042
11044
11045
11049
11050
11051
11052
11053
11054
11056
11057
11058
11059
11061
11069
11070
11072
11076
11077
11078
11079
11081
11082
11085
11087
11088
11089
11090
11093
11095
11096
11097
11098
11099
11101
11102
11103
11106
11107
11108
11110
11111
11112
11113
11114
11115
11118
11119
11123
11125
11127
11128
11132
11133
11134
11136
11138
11139
11140
11142
11145
11146
11147
11149
11151
11152
11153
11156
11158
11160
11162
11163
11165
11166
11168
11169
11172
11173
11174
11176
11178
11179
11180
11181
11183
11184
11186
11187
11189
11190
11191
11192
11193
11195
11197
11200
11203
11204
11205
11206
11207
11208
11209
11210
11211
11213
11214
11215
11216
11217
11218
11219
11220
11221
11222
11223
11224
11225
11226
11227
11228
11229
11230
11231
11232
11233
11234
11235
11236
11237
11238
11239
11240
11241
11242
11243
11244
11245
11246
11247
11248
11249
11250
11251
11252
11254
11255
11256
11257
11259
11261
11263
11264
11266
11267
11268
11269
11271
11272
11273
11274
11275
11279
11280
11281
11283
11284
11285
11286
11287
11291
11292
11293
11294
11295
11297
11298
11300
11305
11307
11308
11309
11310
11312
11313
11314
11317
11318
11319
11320
11321
11322
11323
11324
11325
11326
11327
11328
11329
11330
11332
11333
11335
11336
11337
11338
11339
11340
11341
11343
11344
11345
11346
11347
11348
11349
11350
11352
11353
11354
11355
11356
11357
11358
11359
11360
11361
11363
11365
11366
11367
11368
11369
11370
11371
11376
11377
11378
11379
11380
11381
11382
11384
11388
11391
11392
11393
11395
11396
11397
11401
11402
11403
11405
11408
11409
11410
11411
11412
11415
11416
11418
11419
11420
11422
11423
11424
11425
11427
11428
11430
11432
11434
11435
11436
11437
11438
11439
11441
11442
11443
11444
11449
11450
11451
11452
11453
11454
11455
11456
11458
11460
11463
11464
11465
11467
11468
11469
11470
11471
11472
11474
11475
11484
11487
11490
11493
11495
11496
11499
11502
11504
11505
11506
11507
11509
11510
11514
11516
11522
11523
11524
11525
11526
11530
11533
11534
11536
11541
11544
11546
11547
11549
11550
11551
11552
11553
11554
11555
11556
11557
11558
11559
11561
11563
11566
11567
11569
11571
11572
11573
11575
11577
11578
11579
11580
11582
11584
11585
11587
11588
11589
11591
11593
11594
11595
11596
11597
11598
11599
11603
11604
11605
11606
11607
11608
11614
11616
11617
11618
11620
11623
11625
11626
11627
11628
11629
11630
11633
11634
11635
11636
11637
11640
11642
11643
11644
11645
11646
11647
11648
11649
11650
11651
11652
11653
11654
11657
11659
11660
11661
11664
11668
11669
11670
11673
11677
11678
11683
11684
11685
11686
11687
11688
11690
11694
11695
11696
11697
11698
11699
11701
11702
11705
11707
11709
11711
11712
11713
11716
11717
11719
11720
11721
11724
11725
11726
11728
11729
11733
11734
11736
11739
11740
11741
11744
11745
11746
11747
11748
11749
11752
11755
11756
11757
11758
11759
11760
11762
11763
11765
11767
11769
11770
11771
11772
11774
11776
11777
11778
11779
11782
11783
11785
11791
11792
11793
11795
11801
11802
11803
11805
11806
11807
11808
11811
11812
11814
11815
11816
11817
11819
11820
11821
11824
11825
11826
11827
11828
11829
11831
11832
11834
11835
11836
11838
11840
11841
11842
11843
11844
11845
11847
11848
11849
11850
11851
11854
11855
11858
11859
11860
11861
11862
11863
11864
11865
11866
11867
11868
11874
11877
11878
11879
11880
11884
11885
11886
11888
11889
11890
11891
11892
11893
11894
11895
11896
11897
11898
11899
11900
11902
11903
11904
11905
11906
11909
11910
11913
11914
11916
11917
11918
11919
11920
11921
11923
11924
11926
11927
11929
11930
11933
11934
11935
11936
11937
11939
11940
11941
11942
11943
11944
11945
11948
11950
11951
11952
11953
11956
11959
11960
11961
11962
11963
11964
11965
11968
11969
11970
11971
11972
11973
11974
11975
11977
11978
11981
11982
11985
11986
11987
11988
11989
11994
11995
11996
11997
11998
11999
12002
12004
12007
12011
12012
12015
12016
12020
12024
12025
12026
12028
12031
12032
12034
12036
12037
12039
12040
12041
12042
12043
12045
12046
12047
12048
12049
12052
12056
12057
12062
12063
12064
12066
12067
12068
12069
12070
12071
12072
12073
12074
12075
12076
12077
12079
12083
12085
12086
12087
12088
12089
12090
12091
12092
12093
12094
12095
12096
12097
12098
12099
12100
12101
12102
12104
12105
12112
12114
12115
12117
12118
12120
12123
12124
12125
12128
12129
12130
12132
12134
12135
12136
12137
12138
12139
12142
12145
12146
12147
12148
12149
12151
12152
12153
12154
12155
12156
12157
12158
12159
12160
12161
12165
12166
12167
12168
12169
12170
12171
12172
12174
12176
12177
12178
12179
12180
12181
12182
12187
12188
12189
12190
12191
12192
12193
12194
12195
12196
12198
12199
12200
12202
12203
12206
12208
12209
12210
12212
12213
12215
12216
12218
12219
12221
12222
12223
12224
12226
12227
12229
12230
12231
12232
12233
12234
12235
12236
12237
12238
12239
12240
12241
12242
12243
12244
12245
12247
12248
12250
12251
12252
12253
12254
12255
12256
12257
12258
12259
12260
12261
12262
12263
12264
12265
12266
12267
12269
12272
12276
12277
12278
12279
12281
12282
12284
12285
12286
12287
12288
12292
12293
12294
12295
12297
12298
12301
12302
12305
12307
12308
12309
12310
12312
12313
12315
12316
12317
12319
12320
12321
12322
12326
12327
12328
12329
12330
12331
12332
12333
12334
12336
12337
12339
12341
12344
12346
12348
12349
12350
12351
12352
12353
12356
12357
12358
12359
12362
12364
12365
12366
12369
12370
12371
12372
12373
12374
12375
12376
12377
12378
12379
12380
12383
12384
12385
12386
12388
12390
12393
12394
12395
12397
12400
12402
12403
12408
12409
12410
12411
12412
12413
12416
12417
12418
12420
12421
12423
12424
12427
12430
12431
12432
12433
12434
12435
12436
12437
12438
12439
12440
12441
12443
12445
12447
12448
12450
12451
12453
12454
12456
12459
12460
12461
12462
12463
12464
12465
12467
12469
12471
12472
12473
12495
12498
12499
12500
12501
12502
12503
12523
12525
12526
12529
12530
12536
12537
12546
12547
12549
12551
12552
12554
12555
12557
12559
12562
12563
12564
12565
12566
12567
12568
12569
12571
12572
12574
12575
12577
12578
12579
12580
12583
12584
12585
12586
12587
12589
12590
12591
12595
12596
12600
12601
12602
12603
12604
12605
12606
12607
12608
12609
12610
12611
12614
12618
12625
12626
12627
12628
12629
12630
12631
12633
12634
12635
12636
12640
12643
12644
12645
12646
12647
12648
12650
12651
12652
12653
12654
12655
12658
12661
12662
12663
12664
12665
12666
12667
12668
12669
12670
12671
12672
12673
12674
12675
12676
12677
12678
12681
12682
12683
12684
12685
12687
12688
12689
12690
12691
12692
12693
12696
12698
12700
12701
12702
12703
12704
12705
12706
12707
12708
12709
12710
12713
12714
12715
12723
12730
12731
12732
12733
12735
12736
12737
12740
12741
12742
12743
12745
12746
12747
12748
12749
12750
12751
12756
12757
12760
12761
12762
12765
12766
12767
12770
12771
12783
12784
12785
12786
12792
12793
12794
12795
12797
12798
12799
12800
12804
12805
12806
12808
12809
12819
12820
12823
12824
12827
12828
12829
12830
12831
12832
12836
12837
12838
12839
12840
12841
12842
12843
12844
12845
12846
12847
12848
12849
12850
12851
12852
12854
12855
12856
12858
12861
12862
12865
12867
12868
12869
12871
12872
12873
12874
12876
12878
12879
12881
12883
12884
12885
12886
12887
12888
12889
12890
12891
12892
12893
12894
12897
12898
12901
12902
12906
12910
12911
12912
12913
12917
12918
12919
12922
12923
12924
12927
12928
12929
12930
12932
12933
12934
12935
12936
12937
12938
12939
12940
12941
12943
12945
12946
12947
12948
12949
12950
12951
12953
12955
12959
12960
12962
12964
12965
12972
12973
12974
12975
12976
12977
12978
12979
12980
12981
12983
12984
12985
12987
12988
12990
12991
12994
12997
12998
12999
13000
13001
13005
13013
13015
13016
13017
13019
13020
13021
13022
13024
13026
13027
13028
13029
13031
13032
13035
13036
13038
13039
13040
13042
13043
13045
13046
13047
13048
13049
13051
13053
13054
13055
13056
13057
13058
13059
13060
13061
13063
13064
13065
13066
13067
13068
13069
13070
13071
13072
13073
13074
13078
13079
13080
13081
13082
13083
13084
13088
13089
13090
13091
13092
13093
13094
13099
13100
13101
13102
13107
13108
13109
13111
13115
13116
13121
13122
13125
13126
13128
13129
13132
13133
13135
13138
13139
13141
13143
13144
13145
13146
13147
13148
13149
13151
13152
13154
13155
13156
13157
13158
13159
13160
13161
13163
13164
13166
13167
13168
13170
13171
13173
13174
13175
13176
13177
13178
13180
13182
13184
13186
13188
13192
13193
13194
13199
13201
13202
13203
13204
13205
13206
13207
13208
13209
13210
13211
13212
13213
13214
13215
13216
13217
13218
13219
13220
13221
13223
13227
13230
13231
13232
13233
13234
13235
13236
13237
13238
13239
13240
13243
13244
13245
13246
13247
13249
13250
13251
13253
13254
13257
13258
13259
13260
13264
13265
13266
13267
13268
13271
13273
13275
13276
13277
13278
13279
13281
13282
13283
13284
13286
13289
13290
13291
13292
13293
13294
13295
13296
13300
13301
13302
13303
13304
13306
13307
13309
13312
13313
13315
13316
13317
13324
13325
13326
13327
13332
13333
13334
13336
13337
13338
13339
13340
13341
13342
13343
13344
13345
13346
13347
13348
13352
13353
13355
13358
13361
13362
13363
13364
13365
13366
13368
13371
13372
13373
13374
13375
13376
13377
13380
13381
13382
13383
13386
13387
13388
13389
13390
13393
13394
13395
13399
13401
13405
13406
13407
13409
13413
13414
13415
13417
13419
13420
13421
13422
13425
13427
13428
13430
13433
13436
13440
13441
13442
13443
13444
13445
13447
13448
13449
13450
13453
13454
13455
13457
13459
13461
13463
13464
13466
13467
13469
13470
13473
13474
13477
13483
13484
13485
13486
13487
13491
13492
13493
13495
13496
13497
13500
13508
13509
13511
13512
13513
13514
13515
13518
13523
13524
13526
13531
13537
13540
13544
13545
13546
13547
13548
13551
13552
13553
13554
13556
13557
13558
13559
13560
13562
13564
13565
13566
13568
13569
13570
13572
13574
13575
13578
13581
13582
13583
13587
13597
13599
13601
13602
13603
13605
13609
13611
13612
13613
13614
13615
13616
13617
13619
13620
13621
13623
13624
13625
13626
13627
13628
13629
13630
13631
13633
13634
13635
13638
13641
13642
13643
13644
13645
13646
13649
13650
13651
13652
13655
13656
13657
13660
13661
13662
13663
13664
13665
13666
13667
13668
13672
13675
13676
13677
13678
13679
13680
13681
13682
13684
13686
13687
13688
13690
13691
13692
13693
13695
13696
13698
13699
13700
13701
13702
13703
13704
13706
13709
13710
13712
13713
13715
13716
13717
13718
13719
13720
13723
13725
13727
13729
13730
13731
13733
13734
13735
13736
13739
13740
13741
13743
13744
13745
13748
13753
13757
13759
13764
13768
13769
13770
13771
13772
13773
13774
13784
13787
13788
13789
13791
13793
13795
13796
13798
13799
13801
13803
13804
13805
13807
13823
13824
13825
13826
13827
13828
13830
13831
13832
13837
13841
13843
13844
13845
13846
13849
13850
13851
13852
13853
13856
13867
13868
13869
13870
13872
13876
13881
13882
13883
13884
13885
13886
13887
13889
13890
13891
13892
13893
13894
13896
13897
13898
13899
13901
13902
13903
13904
13905
13906
13907
13908
13910
13911
13912
13914
13916
13921
13922
13927
13929
13949
13951
13952
13953
13955
13956
13957
13960
13961
13962
13963
13970
13971
13973
13974
13975
13976
13978
13980
13982
13984
13985
13987
13988
13989
13992
13993
13995
13996
13999
14003
14007
14008
14011
14013
14015
14018
14020
14021
14022
14024
14028
14029
14036
14037
14041
14042
14045
14046
14048
14049
14055
14057
14058
14061
14062
14063
14064
14065
14066
14067
14069
14071
14072
14073
14074
14076
14077
14078
14079
14081
14085
14086
14090
14091
14092
14093
14096
14098
14099
14100
14101
14106
14107
14108
14109
14110
14112
14114
14115
14118
14120
14121
14123
14124
14127
14141
14142
14146
14147
14152
14154
14155
14156
14158
14160
14161
14162
14163
14166
14167
14168
14169
14170
14179
14180
14184
14185
14187
14188
14192
14193
14195
14196
14197
14198
14200
14202
14203
14204
14205
14206
14207
14211
14212
14213
14215
14218
14222
14223
14224
14230
14231
14232
14234
14236
14238
14240
14242
14243
14244
14250
14251
14252
14255
14256
14257
14258
14259
14261
14265
14267
14268
14269
14272
14274
14275
14276
14279
14280
14281
14283
14285
14289
14290
14296
14302
14303
14304
14305
14306
14308
14309
14310
14311
14312
14313
14314
14315
14316
14317
14320
14321
14322
14325
14326
14327
14329
14333
14334
14335
14341
14346
14353
14354
14355
14356
14357
14361
14362
14365
14368
14369
14371
14372
14373
14374
14375
14377
14379
14381
14382
14384
14385
14386
14387
14388
14389
14391
14393
14394
14396
14397
14398
14399
14400
14401
14402
14403
14405
14406
14407
14408
14409
14410
14411
14413
14414
14416
14417
14419
14420
14421
14428
14429
14430
14432
14434
14435
14437
14439
14440
14442
14443
14445
14447
14449
14450
14451
14452
14453
14454
14455
14456
14457
14459
14460
14461
14462
14463
14464
14465
14466
14467
14469
14470
14471
14472
14475
14476
14477
14478
14479
14480
14481
14482
14483
14491
14493
14494
14495
14496
14498
14499
14500
14501
14502
14503
14504
14505
14508
14511
14512
14513
14514
14518
14519
14520
14521
14522
14523
14524
14525
14526
14527
14531
14535
14536
14539
14540
14544
14545
14546
14547
14548
14549
14550
14551
14552
14555
14556
14557
14558
14561
14562
14563
14564
14567
14568
14569
14570
14572
14573
14574
14576
14577
14578
14579
14580
14582
14583
14584
14585
14587
14588
14591
14597
14599
14602
14603
14606
14608
14609
14610
14612
14613
14614
14615
14616
14617
14618
14621
14622
14623
14624
14625
14628
14629
14630
14631
14632
14633
14634
14635
14637
14638
14640
14643
14644
14646
14647
14648
14649
14651
14654
14655
14656
14657
14659
14664
14666
14667
14669
14670
14671
14674
14675
14676
14677
14678
14679
14680
14681
14682
14685
14686
14689
14690
14691
14693
14694
14698
14699
14700
14701
14703
14704
14705
14706
14707
14708
14709
14710
14711
14712
14716
14717
14718
14720
14721
14722
14723
14725
14726
14727
14728
14729
14730
14731
14732
14734
14735
14736
14737
14738
14739
14741
14742
14743
14745
14746
14747
14748
14749
14750
14752
14753
14755
14756
14757
14758
14761
14763
14764
14765
14766
14767
14769
14770
14771
14772
14773
14775
14776
14777
14779
14787
14788
14789
14790
14791
14793
14794
14795
14796
14797
14800
14802
14803
14804
14805
14806
14807
14810
14811
14812
14813
14814
14815
14816
14817
14818
14819
14820
14821
14824
14825
14826
14827
14828
14829
14830
14831
14833
14834
14835
14836
14837
14838
14840
14841
14842
14843
14844
14848
14849
14850
14852
14853
14855
14856
14857
14858
14859
14860
14861
14863
14864
14865
14867
14868
14869
14870
14871
14874
14875
14876
14878
14882
14884
14885
14886
14887
14889
14892
14893
14896
14897
14899
14901
14902
14904
14906
14909
14912
14913
14914
14915
14916
14917
14921
14922
14923
14926
14929
14930
14931
14932
14933
14934
14936
14938
14939
14943
14956
14958
14959
14960
14961
14962
14963
14965
14966
14968
14971
14972
14973
14975
14978
14979
14986
14987
14988
14989
14990
14991
14994
14997
14998
14999
15001
15002
15003
15004
15006
15010
15011
15012
15013
15018
15019
15020
15021
15024
15025
15026
15028
15030
15031
15034
15035
15036
15037
15038
15039
15040
15041
15042
15043
15044
15045
15050
15051
15052
15053
15058
15059
15061
15063
15065
15066
15069
15071
15076
15077
15079
15080
15082
15083
15084
15086
15087
15088
15089
15090
15091
15094
15095
15099
15101
15103
15104
15106
15107
15109
15115
15116
15118
15119
15122
15123
15124
15131
15132
15135
15136
15137
15139
15140
15142
15143
15148
15150
15153
15154
15156
15157
15159
15162
15164
15165
15167
15170
15172
15173
15175
15177
15179
15181
15182
15184
15185
15186
15187
15189
15193
15196
15197
15198
15199
15200
15202
15205
15206
15207
15210
15216
15219
15220
15221
15222
15223
15224
15225
15226
15227
15228
15230
15232
15233
15237
15241
15242
15243
15244
15245
15246
15247
15248
15252
15253
15254
15256
15258
15259
15262
15269
15270
15272
15274
15275
15276
15277
15278
15279
15283
15284
15285
15286
15288
15294
15296
15301
15302
15303
15304
15305
15306
15308
15310
15311
15312
15313
15315
15316
15317
15318
15321
15322
15328
15329
15333
15334
15335
15342
15343
15344
15345
15346
15349
15353
15354
15355
15359
15366
15367
15368
15372
15374
15375
15376
15378
15380
15381
15382
15383
15396
15398
15401
15402
15403
15404
15405
15407
15408
15411
15415
15417
15419
15420
15422
15424
15425
15426
15427
15428
15430
15433
15434
15435
15436
15437
15438
15439
15440
15441
15443
15444
15445
15446
15447
15448
15449
15452
15453
15456
15457
15458
15459
15462
15465
15468
15469
15470
15471
15472
15473
15474
15475
15476
15480
15481
15484
15485
15486
15488
15489
15490
15491
15492
15495
15496
15497
15498
15499
15500
15504
15505
15507
15508
15513
15515
15516
15517
15518
15521
15522
15523
15524
15525
15526
15527
15530
15531
15532
15533
15535
15536
15537
15538
15539
15542
15543
15544
15546
15547
15548
15551
15553
15555
15558
15560
15567
15568
15571
15573
15576
15578
15579
15580
15585
15586
15587
15588
15589
15590
15593
15594
15595
15598
15601
15604
15607
15608
15609
15626
15627
15628
15631
15632
15636
15640
15643
15644
15645
15649
15651
15653
15654
15656
15657
15659
15661
15663
15667
15668
15669
15670
15671
15672
15673
15674
15675
15676
15677
15678
15682
15689
15690
15691
15692
15694
15695
15696
15700
15702
15703
15704
15705
15706
15707
15708
15709
15712
15715
15717
15718
15721
15722
15724
15725
15733
15734
15735
15737
15740
15743
15746
15747
15748
15753
15762
15764
15765
15768
15771
15773
15774
15777
15779
15785
15789
15791
15793
15794
15795
15805
15806
15808
15809
15816
15818
15819
15820
15821
15822
15828
15829
15830
15832
15834
15835
15839
15841
15843
15844
15845
15848
15853
15856
15857
15858
15859
15860
15861
15862
15863
15864
15865
15866
15869
15870
15871
15872
15873
15874
15875
15880
15882
15887
15890
15891
15892
15895
15896
15897
15898
15899
15909
15914
15916
15917
15918
15921
15924
15925
15926
15933
15934
15937
15939
15941
15942
15943
15944
15948
15949
15950
15951
15952
15953
15954
15955
15956
15957
15958
15959
15960
15961
15962
15963
15964
15965
15966
15967
15968
15969
15970
15971
15972
15973
15974
15978
15979
15980
15981
15982
15983
15984
15985
15986
15989
15991
15993
15997
15998
15999
16000
16001
16002
16004
16006
16008
16009
16010
16011
16012
16013
16014
16016
16017
16018
16019
16021
16022
16024
16026
16027
16029
16031
16032
16034
16035
16036
16037
16038
16041
16045
16047
16051
16052
16053
16054
16055
16056
16057
16058
16060
16061
16064
16065
16066
16067
16068
16072
16073
16074
16075
16077
16078
16079
16081
16082
16083
16084
16086
16087
16088
16093
16095
16098
16099
16101
16104
16105
16107
16108
16109
16110
16111
16112
16113
16114
16116
16117
16118
16121
16124
16126
16128
16129
16130
16131
16133
16134
16136
16137
16138
16139
16144
16145
16147
16148
16149
16150
16151
16152
16154
16155
16156
16159
16160
16161
16162
16163
16164
16166
16167
16168
16170
16172
16174
16177
16178
16179
16180
16182
16183
16184
16185
16186
16187
16188
16190
16192
16193
16194
16195
16197
16198
16199
16200
16201
16202
16203
16206
16213
16214
16215
16220
16221
16222
16223
16227
16229
16230
16231
16232
16233
16235
16236
16237
16238
16239
16240
16241
16242
16243
16245
16246
16247
16251
16252
16253
16256
16258
16259
16260
16262
16266
16267
16269
16270
16272
16275
16276
16277
16278
16279
16282
16283
16285
16288
16289
16290
16291
16294
16298
16299
16305
16306
16308
16310
16312
16314
16315
16317
16319
16321
16322
16323
16324
16325
16326
16328
16330
16332
16333
16336
16337
16340
16342
16344
16349
16350
16355
16357
16358
16359
16360
16361
16363
16364
16365
16366
16367
16368
16373
16376
16377
16378
16379
16381
16382
16385
16387
16388
16389
16390
16391
16392
16398
16435
16449
16452
16453
16456
16458
16463
16464
16467
16468
16469
16470
16475
16477
16478
16479
16480
16484
16486
16487
16488
16489
16491
16492
16493
16495
16498
16499
16500
16501
16502
16505
16506
16510
16512
16516
16524
16526
16528
16529
16531
16532
16533
16534
16535
16537
16539
16541
16542
16543
16544
16545
16546
16547
16548
16549
16553
16555
16559
16560
16561
16562
16563
16564
16565
16566
16567
16568
16571
16572
16573
16578
16579
16582
16583
16584
16586
16587
16589
16590
16591
16592
16593
16594
16595
16596
16597
16598
16599
16601
16602
16603
16604
16606
16607
16608
16613
16614
16617
16618
16619
16620
16621
16625
16628
16629
16630
16631
16635
16637
16645
16647
16648
16649
16650
16654
16655
16657
16658
16659
16665
16666
16668
16669
16671
16672
16675
16676
16677
16678
16679
16681
16683
16684
16685
16686
16687
16688
16692
16695
16696
16697
16698
16699
16700
16701
16702
16704
16707
16708
16709
16710
16713
16714
16715
16716
16718
16721
16724
16725
16726
16727
16728
16732
16733
16734
16735
16736
16737
16738
16739
16740
16743
16745
16746
16747
16748
16749
16750
16751
16752
16754
16755
16756
16757
16758
16759
16760
16761
16763
16765
16766
16767
16768
16769
16770
16771
16773
16778
16779
16780
16781
16782
16783
16784
16785
16787
16789
16791
16792
16793
16794
16795
16796
16797
16798
16801
16803
16804
16806
16807
16808
16809
16812
16814
16815
16816
16818
16819
16822
16833
16834
16835
16836
16839
16841
16842
16843
16844
16845
16846
16849
16850
16852
16853
16854
16855
16856
16857
16859
16860
16862
16863
16866
16867
16868
16872
16873
16878
16879
16880
16881
16882
16883
16884
16885
16886
16887
16888
16889
16890
16891
16892
16893
16894
16895
16896
16898
16899
16900
16901
16902
16906
16907
16908
16909
16910
16917
16918
16920
16921
16922
16923
16924
16926
16927
16928
16929
16930
16931
16935
16936
16937
16939
16940
16941
16942
16943
16945
16946
16947
16948
16949
16950
16951
16952
16953
16954
16955
16956
16958
16963
16966
16967
16968
16970
16971
16972
16973
16974
16975
16976
16977
16978
16979
16980
16981
16982
16983
16984
16985
16986
16989
16991
16993
16994
16995
16996
16998
16999
17001
17004
17005
17006
17007
17013
17017
17018
17019
17020
17022
17023
17024
17025
17026
17029
17030
17031
17032
17037
17040
17046
17047
17048
17049
17051
17052
17056
17058
17062
17065
17068
17069
17070
17074
17078
17080
17083
17091
17093
17095
17096
17097
17100
17101
17104
17105
17106
17108
17109
17111
17116
17119
17120
17123
17124
17125
17127
17130
17134
17135
17136
17137
17138
17139
17141
17143
17145
17149
17150
17151
17152
17153
17154
17163
17165
17166
17167
17168
17169
17170
17174
17175
17179
17182
17183
17184
17188
17189
17190
17191
17192
17193
17197
17198
17200
17201
17202
17203
17204
17205
17206
17207
17208
17209
17210
17211
17212
17213
17214
17216
17217
17218
17219
17222
17224
17225
17226
17227
17233
17234
17236
17237
17240
17242
17244
17248
17249
17251
17252
17253
17254
17255
17256
17257
17258
17259
17260
17261
17262
17263
17265
17266
17269
17270
17272
17273
17276
17279
17283
17284
17285
17286
17287
17288
17289
17290
17292
17293
17294
17295
17296
17297
17299
17300
17307
17309
17311
17312
17313
17316
17318
17319
17321
17322
17325
17326
17328
17329
17330
17331
17332
17333
17334
17335
17336
17338
17342
17344
17345
17346
17347
17348
17349
17352
17353
17354
17357
17360
17361
17362
17363
17364
17365
17366
17367
17368
17369
17370
17371
17372
17373
17374
17376
17377
17378
17379
17382
17383
17384
17385
17386
17387
17388
17389
17390
17391
17392
17393
17394
17395
17396
17397
17400
17401
17402
17405
17411
17412
17413
17414
17415
17416
17417
17418
17420
17421
17423
17426
17428
17432
17433
17434
17435
17436
17437
17438
17441
17442
17443
17445
17446
17449
17450
17451
17452
17453
17456
17457
17461
17462
17463
17465
17466
17468
17469
17470
17471
17473
17475
17476
17477
17478
17482
17484
17486
17488
17489
17490
17491
17492
17493
17495
17500
17501
17505
17506
17507
17508
17509
17510
17511
17512
17513
17514
17515
17517
17518
17519
17523
17525
17529
17532
17534
17536
17537
17540
17541
17542
17543
17544
17545
17546
17548
17551
17552
17554
17555
17556
17557
17560
17561
17562
17563
17564
17565
17568
17569
17571
17572
17573
17574
17575
17576
17577
17578
17582
17583
17584
17588
17589
17590
17591
17592
17593
17594
17595
17596
17597
17598
17599
17600
17601
17603
17605
17606
17607
17614
17617
17620
17621
17622
17628
17631
17633
17634
17635
17636
17637
17639
17640
17641
17644
17645
17647
17648
17649
17650
17652
17654
17657
17659
17660
17661
17662
17666
17668
17673
17674
17675
17677
17678
17681
17686
17689
17694
17695
17696
17698
17703
17704
17706
17710
17711
17712
17718
17720
17725
17726
17727
17728
17729
17730
17731
17732
17741
17743
17748
17750
17752
17754
17755
17756
17757
17758
17760
17762
17763
17764
17765
17766
17770
17775
17778
17779
17780
17782
17783
17785
17787
17789
17790
17791
17792
17793
17795
17796
17797
17799
17800
17804
17805
17806
17807
17808
17812
17813
17816
17818
17820
17822
17823
17824
17825
17826
17828
17829
17830
17832
17834
17836
17838
17839
17841
17843
17847
17850
17851
17856
17857
17858
17859
17860
17861
17862
17863
17865
17866
17867
17870
17873
17874
17877
17879
17880
17881
17882
17886
17890
17892
17893
17896
17900
17902
17904
17906
17907
17908
17909
17910
17912
17913
17915
17918
17922
17923
17927
17928
17930
17931
17932
17936
17937
17938
17940
17942
17944
17945
17946
17947
17948
17950
17951
17954
17956
17959
17962
17963
17964
17965
17966
17967
17968
17970
17977
17978
17982
17983
17987
17988
17989
17990
17992
17993
17995
17996
17998
17999
18000
18001
18002
18003
18004
18005
18006
18008
18009
18010
18012
18013
18014
18015
18017
18019
18020
18022
18023
18024
18025
18030
18032
18033
18034
18039
18042
18046
18047
18054
18056
18057
18058
18065
18066
18067
18068
18070
18071
18072
18073
18074
18076
18080
18081
18083
18084
18086
18091
18094
18096
18098
18099
18101
18102
18103
18109
18110
18111
18114
18115
18116
18118
18119
18121
18122
18123
18127
18128
18132
18134
18136
18139
18141
18142
18143
18147
18148
18151
18156
18161
18162
18164
18165
18167
18168
18174
18179
18185
18186
18187
18191
18196
18197
18199
18200
18204
18207
18221
18222
18228
18233
18234
18236
18237
18242
18243
18244
18246
18248
18251
18253
18254
18258
18261
18262
18263
18265
18268
18269
18270
18271
18274
18276
18278
18281
18283
18284
18285
18291
18292
18293
18294
18295
18296
18297
18298
18301
18303
18306
18307
18308
18309
18310
18311
18313
18314
18315
18316
18317
18318
18319
18320
18321
18324
18327
18330
18331
18332
18333
18339
18340
18342
18343
18345
18346
18347
18349
18350
18351
18352
18354
18359
18361
18362
18366
18367
18368
18371
18374
18375
18376
18377
18378
18379
18381
18382
18383
18384
18385
18386
18387
18388
18390
18391
18392
18396
18402
18411
18412
18413
18414
18419
18420
18421
18422
18423
18425
18426
18427
18428
18429
18430
18431
18432
18435
18436
18437
18438
18440
18441
18443
18445
18446
18448
18449
18450
18451
18453
18454
18457
18462
18463
18464
18465
18466
18467
18468
18469
18471
18472
18473
18474
18476
18477
18478
18481
18482
18485
18490
18492
18493
18494
18495
18496
18497
18502
18503
18504
18505
18506
18509
18510
18511
18513
18514
18515
18516
18517
18519
18527
18528
18529
18537
18538
18539
18540
18542
18543
18549
18550
18551
18552
18553
18554
18555
18556
18557
18558
18559
18561
18562
18563
18564
18565
18566
18568
18570
18571
18572
18574
18579
18581
18582
18584
18585
18586
18587
18594
18597
18606
18607
18616
18619
18621
18623
18628
18629
18630
18637
18640
18641
18642
18644
18651
18652
18653
18654
18656
18659
18660
18662
18663
18666
18667
18668
18669
18670
18677
18681
18684
18685
18687
18688
18690
18692
18696
18697
18698
18699
18700
18702
18705
18707
18709
18710
18711
18717
18719
18722
18725
18726
18727
18728
18730
18736
18739
18741
18742
18743
18744
18745
18746
18747
18748
18749
18750
18751
18752
18753
18754
18755
18758
18759
18760
18763
18764
18765
18766
18767
18768
18770
18771
18772
18774
18776
18778
18779
18781
18783
18784
18788
18789
18791
18792
18795
18796
18797
18798
18801
18802
18805
18807
18811
18812
18813
18815
18821
18825
18828
18829
18832
18840
18842
18843
18844
18845
18848
18850
18851
18852
18856
18858
18859
18863
18865
18870
18873
18874
18876
18882
18883
18884
18885
18886
18887
18888
18891
18894
18895
18896
18897
18905
18906
18914
18915
18916
18917
18921
18923
18924
18926
18927
18939
18948
18951
18954
18956
18957
18958
18960
18963
18966
18967
18968
18969
18970
18977
18978
18979
18980
18982
18983
18988
18989
18990
18991
18992
18994
18996
18997
19007
19008
19009
19010
19011
19017
19018
19027
19028
19029
19030
19031
19033
19035
19037
19040
19048
19049
19051
19056
19057
19058
19059
19061
19065
19067
19072
19073
19074
19077
19079
19081
19082
19087
19088
19089
19090
19091
19092
19094
19095
19097
19098
19102
19104
19106
19107
19108
19109
19110
19111
19115
19119
19126
19130
19133
19135
19137
19143
19144
19148
19154
19155
19156
19157
19159
19160
19161
19162
19163
19165
19166
19167
19171
19177
19178
19181
19182
19183
19184
19185
19187
19189
19191
19195
19196
19200
19201
19202
19205
19206
19208
19210
19215
19218
19219
19220
19224
19228
19233
19234
19237
19239
19240
19241
19246
19252
19253
19256
19257
19260
19261
19262
19263
19264
19265
19266
19269
19270
19271
19274
19275
19276
19277
19278
19279
19282
19283
19285
19288
19291
19292
19295
19301
19305
19308
19309
19310
19312
19315
19317
19318
19321
19323
19325
19327
19329
19330
19331
19332
19333
19334
19335
19336
19338
19342
19343
19344
19348
19349
19354
19356
19357
19358
19360
19361
19362
19363
19365
19370
19371
19372
19375
19379
19381
19383
19384
19386
19387
19388
19389
19390
19391
19392
19393
19394
19403
19407
19408
19409
19410
19411
19413
19414
19415
19419
19420
19421
19423
19424
19425
19426
19427
19428
19429
19430
19431
19432
19433
19434
19436
19437
19438
19439
19440
19443
19444
19447
19448
19449
19451
19453
19454
19455
19456
19457
19460
19461
19462
19463
19464
19465
19466
19467
19470
19471
19472
19473
19474
19475
19478
19479
19482
19483
19485
19487
19488
19490
19491
19495
19499
19500
19501
19502
19503
19504
19506
19507
19508
19509
19512
19514
19517
19518
19520
19521
19522
19523
19525
19526
19527
19528
19531
19532
19533
19536
19538
19539
19540
19541
19542
19543
19544
19545
19546
19547
19548
19549
19551
19554
19555
19557
19560
19561
19563
19564
19565
19566
19568
19570
19571
19572
19573
19574
19575
19576
19577
19578
19579
19580
19581
19583
19584
19585
19586
19587
19588
19589
19590
19591
19592
19593
19594
19595
19596
19601
19604
19605
19606
19611
19612
19614
19615
19616
19619
19620
19622
19623
19630
19631
19634
19635
19637
19638
19639
19640
19641
19644
19645
19646
19647
19648
19649
19653
19654
19655
19656
19657
19658
19659
19660
19661
19663
19664
19666
19669
19670
19671
19672
19674
19677
19679
19681
19682
19683
19687
19688
19689
19690
19691
19692
19693
19694
19695
19696
19697
19698
19699
19700
19701
19703
19704
19705
19708
19709
19710
19711
19713
19714
19715
19716
19717
19718
19724
19725
19727
19729
19730
19734
19735
19736
19739
19743
19745
19746
19748
19749
19750
19751
19752
19756
19758
19760
19762
19763
19764
19766
19767
19768
19769
19770
19771
19772
19775
19776
19777
19778
19783
19787
19788
19789
19790
19791
19792
19796
19797
19801
19802
19803
19804
19807
19809
19810
19811
19812
19824
19825
19826
19830
19831
19833
19835
19837
19839
19840
19841
19842
19843
19844
19845
19846
19847
19849
19851
19854
19855
19858
19862
19863
19865
19866
19867
19868
19869
19870
19871
19872
19873
19874
19878
19880
19881
19884
19885
19887
19888
19889
19890
19891
19892
19894
19896
19897
19898
19899
19901
19902
19909
19911
19913
19918
19920
19921
19922
19923
19925
19926
19927
19928
19929
19930
19931
19932
19933
19935
19936
19937
19938
19939
19940
19942
19943
19944
19945
19947
19948
19949
19950
19951
19952
19953
19955
19956
19957
19958
19959
19960
19961
19962
19963
19964
19966
19967
19968
19969
19970
19972
19973
19974
19975
19976
19977
19979
19980
19981
19983
19984
19985
19986
19987
19989
19990
19991
19992
19994
19995
19996
19997
19998
19999
20000
20002
20003
20004
20007
20009
20015
20021
20023
20024
20025
20030
20031
20032
20033
20034
20035
20036
20037
20038
20041
20042
20043
20044
20047
20050
20051
20052
20053
20054
20057
20058
20059
20061
20063
20064
20065
20066
20068
20069
20070
20077
20078
20079
20081
20084
20085
20086
20087
20088
20089
20091
20093
20096
20097
20098
20099
20100
20102
20103
20104
20105
20106
20107
20108
20109
20110
20112
20113
20114
20115
20116
20117
20119
20120
20122
20123
20124
20125
20126
20127
20128
20129
20130
20131
20132
20133
20139
20140
20144
20145
20146
20147
20152
20153
20155
20157
20158
20159
20160
20162
20163
20166
20167
20168
20170
20173
20174
20175
20177
20179
20180
20181
20182
20184
20187
20188
20189
20190
20193
20195
20199
20200
20203
20206
20208
20209
20210
20213
20215
20217
20221
20222
20223
20225
20226
20228
20230
20231
20235
20236
20237
20238
20239
20240
20242
20243
20246
20248
20250
20251
20252
20253
20254
20255
20256
20257
20258
20259
20260
20263
20264
20266
20268
20270
20271
20274
20275
20276
20277
20279
20281
20283
20284
20285
20286
20290
20291
20292
20293
20294
20296
20297
20298
20299
20300
20301
20302
20303
20307
20308
20309
20310
20311
20312
20313
20315
20316
20318
20319
20320
20322
20323
20324
20325
20326
20327
20328
20329
20330
20331
20332
20333
20334
20335
20336
20337
20338
20339
20343
20344
20345
20346
20347
20348
20349
20350
20351
20352
20353
20354
20355
20356
20357
20358
20359
20361
20362
20363
20364
20365
20368
20369
20370
20375
20376
20378
20379
20380
20381
20382
20383
20385
20386
20387
20389
20391
20392
20394
20395
20396
20397
20398
20399
20400
20402
20403
20405
20407
20409
20412
20413
20414
20415
20416
20417
20418
20419
20420
20421
20422
20423
20424
20428
20429
20430
20431
20432
20435
20436
20437
20438
20439
20440
20441
20442
20443
20444
20445
20446
20447
20448
20449
20450
20451
20453
20455
20458
20459
20460
20461
20462
20463
20464
20465
20467
20469
20470
20471
20472
20473
20475
20477
20478
20479
20480
20481
20482
20486
20487
20488
20492
20496
20497
20498
20499
20500
20501
20502
20507
20508
20509
20512
20515
20517
20518
20519
20520
20521
20523
20524
20526
20527
20528
20529
20531
20532
20533
20534
20536
20537
20538
20540
20541
20543
20545
20546
20547
20549
20550
20551
20553
20554
20555
20556
20557
20559
20560
20561
20564
20565
20567
20569
20570
20571
20573
20576
20577
20579
20580
20581
20582
20584
20585
20587
20588
20590
20591
20593
20594
20596
20597
20598
20599
20600
20601
20602
20604
20605
20606
20607
20608
20609
20610
20611
20613
20614
20615
20616
20617
20618
20619
20620
20621
20622
20623
20624
20625
20626
20628
20630
20631
20632
20633
20634
20636
20641
20642
20643
20644
20645
20646
20647
20648
20649
20652
20653
20655
20657
20658
20661
20662
20663
20664
20665
20666
20669
20671
20672
20673
20675
20676
20677
20678
20679
20680
20683
20684
20685
20686
20687
20688
20692
20693
20694
20696
20697
20699
20700
20701
20704
20706
20709
20710
20711
20712
20713
20714
20715
20717
20718
20720
20721
20722
20723
20725
20726
20729
20732
20733
20737
20738
20739
20742
20743
20755
20756
20757
20760
20762
20763
20764
20768
20769
20770
20771
20772
20773
20774
20775
20776
20777
20778
20779
20780
20781
20783
20787
20789
20791
20792
20793
20794
20795
20796
20798
20801
20802
20803
20804
20806
20809
20810
20811
20812
20813
20815
20816
20817
20818
20819
20821
20822
20823
20824
20825
20826
20827
20828
20829
20830
20831
20832
20833
20834
20835
20836
20838
20839
20842
20843
20845
20847
20848
20849
20851
20852
20853
20854
20855
20856
20857
20858
20860
20862
20865
20869
20870
20871
20872
20873
20874
20878
20879
20880
20882
20883
20885
20890
20891
20892
20893
20894
20895
20896
20897
20899
20902
20903
20904
20905
20906
20907
20908
20909
20910
20911
20913
20915
20917
20918
20920
20923
20926
20927
20932
20937
20938
20939
20941
20946
20947
20948
20950
20951
20952
20954
20955
20958
20959
20962
20963
20964
20966
20967
20968
20969
20972
20974
20975
20976
20977
20982
20983
20984
20987
20988
20994
20995
20998
21001
21003
21004
21008
21010
21011
21012
21015
21016
21017
21018
21019
21020
21021
21022
21024
21025
21029
21033
21034
21035
21036
21037
21040
21042
21046
21048
21049
21050
21051
21052
21054
21055
21056
21060
21062
21065
21066
21067
21069
21070
21073
21074
21075
21076
21077
21079
21080
21081
21083
21084
21086
21088
21090
21092
21093
21094
21095
21096
21097
21098
21099
21100
21101
21102
21104
21105
21106
21107
21111
21112
21113
21115
21119
21121
21122
21124
21126
21127
21128
21129
21132
21133
21135
21137
21138
21140
21145
21150
21151
21152
21153
21154
21155
21156
21157
21158
21161
21167
21168
21169
21170
21174
21176
21178
21180
21182
21185
21193
21195
21196
21197
21199
21203
21206
21208
21209
21211
21213
21223
21227
21228
21231
21232
21233
21234
21235
21236
21238
21240
21241
21242
21244
21245
21246
21247
21248
21249
21250
21252
21254
21256
21257
21258
21259
21260
21261
21262
21263
21264
21266
21269
21272
21273
21274
21277
21279
21280
21281
21282
21283
21284
21286
21290
21291
21292
21293
21294
21295
21296
21298
21299
21301
21303
21304
21305
21307
21308
21309
21310
21311
21312
21313
21314
21315
21316
21317
21318
21319
21321
21322
21323
21328
21330
21335
21337
21338
21339
21340
21342
21343
21344
21345
21349
21350
21352
21353
21355
21359
21361
21362
21363
21365
21368
21369
21370
21371
21373
21374
21375
21376
21378
21379
21380
21381
21384
21385
21387
21389
21390
21391
21392
21393
21394
21396
21398
21399
21401
21402
21403
21404
21405
21406
21407
21409
21410
21411
21412
21413
21414
21418
21419
21420
21421
21422
21424
21426
21427
21429
21430
21432
21433
21438
21439
21440
21441
21443
21445
21446
21448
21449
21451
21452
21454
21455
21456
21457
21460
21462
21463
21464
21465
21466
21467
21472
21473
21474
21475
21476
21478
21479
21480
21481
21482
21483
21484
21485
21486
21488
21490
21491
21493
21494
21497
21498
21499
21502
21504
21508
21509
21510
21511
21512
21514
21515
21516
21517
21519
21520
21521
21522
21523
21525
21529
21533
21534
21537
21538
21539
21540
21541
21544
21546
21547
21548
21549
21550
21555
21556
21558
21559
21560
21561
21564
21565
21566
21567
21568
21572
21573
21575
21576
21582
21583
21587
21589
21591
21593
21594
21595
21596
21597
21598
21599
21600
21601
21602
21605
21606
21608
21609
21610
21611
21613
21614
21615
21617
21618
21619
21621
21622
21625
21626
21627
21628
21629
21630
21631
21632
21633
21635
21636
21637
21639
21640
21641
21642
21643
21646
21648
21649
21651
21652
21653
21654
21655
21656
21658
21659
21661
21662
21664
21665
21666
21668
21670
21671
21673
21675
21676
21680
21681
21682
21683
21684
21685
21686
21687
21688
21693
21694
21696
21697
21699
21701
21702
21705
21707
21708
21710
21714
21716
21718
21719
21720
21721
21724
21725
21726
21727
21728
21729
21732
21733
21734
21736
21738
21739
21740
21741
21742
21743
21744
21745
21746
21748
21750
21751
21753
21755
21756
21757
21758
21760
21761
21763
21764
21765
21766
21767
21768
21769
21770
21771
21772
21773
21774
21775
21776
21777
21778
21779
21780
21783
21784
21785
21786
21788
21792
21793
21794
21802
21803
21804
21805
21806
21807
21808
21809
21810
21811
21812
21814
21815
21816
21817
21818
21819
21820
21821
21822
21823
21824
21825
21826
21830
21831
21832
21833
21834
21835
21836
21837
21838
21839
21840
21841
21846
21847
21848
21849
21850
21851
21852
21854
21855
21856
21857
21858
21860
21862
21863
21864
21865
21866
21867
21868
21869
21870
21871
21873
21874
21875
21876
21877
21878
21883
21886
21887
21890
21891
21892
21893
21894
21896
21897
21899
21900
21906
21907
21908
21909
21911
21912
21913
21914
21916
21917
21918
21923
21924
21925
21926
21927
21928
21929
21931
21932
21933
21935
21936
21939
21940
21941
21944
21954
21955
21958
21960
21961
21962
21963
21964
21966
21967
21970
21971
21972
21973
21975
21979
21980
21981
21984
21985
21986
21994
21995
21996
21997
21998
21999
22001
22002
22003
22004
22005
22006
22007
22008
22009
22010
22011
22012
22014
22015
22016
22017
22018
22019
22020
22021
22022
22023
22024
22025
22026
22027
22028
22029
22030
22031
22035
22036
22039
22040
22041
22042
22043
22044
22046
22049
22051
22052
22053
22054
22055
22056
22057
22058
22059
22061
22062
22064
22065
22066
22067
22068
22069
22072
22073
22074
22075
22076
22077
22078
22079
22081
22082
22083
22084
22085
22086
22087
22088
22089
22092
22093
22096
22097
22099
22100
22101
22102
22103
22104
22106
22107
22108
22109
22110
22111
22113
22114
22115
22116
22118
22120
22122
22123
22126
22131
22133
22134
22135
22136
22137
22138
22139
22140
22141
22142
22143
22144
22145
22146
22147
22150
22151
22152
22153
22154
22155
22156
22158
22161
22162
22163
22164
22168
22171
22172
22174
22178
22179
22182
22183
22185
22186
22189
22191
22192
22193
22194
22195
22196
22198
22199
22200
22201
22202
22203
22204
22205
22206
22207
22208
22209
22210
22211
22213
22219
22220
22222
22223
22224
22227
22228
22229
22236
22237
22238
22240
22242
22243
22244
22245
22246
22247
22248
22249
22250
22251
22253
22254
22256
22257
22259
22260
22261
22262
22263
22264
22265
22266
22267
22268
22269
22270
22272
22273
22274
22275
22276
22277
22280
22281
22283
22285
22286
22287
22288
22290
22292
22293
22294
22295
22296
22298
22299
22300
22305
22306
22307
22308
22311
22312
22317
22318
22320
22321
22323
22324
22330
22332
22335
22340
22342
22343
22344
22345
22346
22348
22349
22350
22351
22352
22354
22355
22357
22358
22359
22360
22361
22362
22363
22365
22372
22373
22374
22375
22376
22377
22378
22380
22387
22388
22399
22407
22408
22409
22410
22411
22412
22414
22419
22421
22422
22424
22425
22427
22428
22430
22431
22432
22441
22445
22448
22449
22451
22452
22453
22454
22455
22458
22462
22463
22465
22468
22469
22470
22472
22475
22481
22484
22485
22486
22488
22492
22498
22499
22502
22504
22506
22507
22509
22511
22512
22513
22514
22516
22517
22518
22519
22520
22521
22522
22523
22524
22526
22527
22531
22532
22533
22535
22538
22539
22544
22545
22546
22547
22548
22549
22550
22551
22553
22555
22556
22558
22559
22560
22566
22567
22568
22569
22570
22571
22572
22574
22575
22576
22577
22578
22579
22583
22584
22585
22586
22587
22588
22589
22590
22591
22592
22593
22594
22595
22596
22597
22598
22599
22600
22601
22602
22606
22608
22609
22610
22611
22612
22613
22615
22616
22619
22620
22623
22624
22625
22626
22627
22628
22629
22630
22631
22632
22633
22634
22636
22638
22641
22642
22643
22644
22650
22651
22653
22656
22657
22658
22659
22660
22661
22662
22664
22665
22666
22667
22668
22669
22671
22673
22675
22677
22678
22679
22680
22681
22682
22683
22684
22685
22686
22687
22688
22689
22690
22691
22692
22693
22694
22695
22696
22697
22699
22700
22701
22702
22704
22707
22708
22709
22710
22711
22712
22713
22714
22715
22716
22717
22720
22721
22724
22726
22727
22728
22729
22730
22731
22733
22734
22735
22736
22737
22738
22739
22740
22741
22744
22745
22752
22754
22757
22758
22759
22760
22761
22763
22764
22765
22766
22769
22770
22771
22772
22774
22775
22776
22783
22786
22788
22789
22790
22795
22801
22802
22805
22806
22809
22816
22817
22820
22824
22825
22826
22827
22828
22829
22830
22832
22837
22838
22840
22844
22845
22854
22856
22857
22859
22861
22862
22863
22866
22867
22869
22870
22873
22874
22875
22876
22881
22882
22883
22888
22893
22896
22897
22898
22900
22901
22902
22903
22905
22906
22907
22909
22910
22913
22914
22915
22916
22917
22919
22920
22921
22925
22926
22928
22930
22931
22932
22933
22935
22936
22937
22938
22940
22941
22942
22943
22944
22945
22946
22948
22952
22956
22957
22960
22962
22967
22972
22973
22975
22976
22977
22979
22980
22981
22983
22984
22986
22987
22991
22992
22993
22995
22996
23003
23007
23009
23010
23011
23012
23013
23014
23015
23027
23029
23030
23032
23036
23037
23040
23043
23044
23045
23046
23048
23052
23055
23058
23061
23063
23064
23066
23067
23070
23073
23077
23081
23086
23087
23090
23091
23093
23098
23101
23106
23108
23109
23115
23116
23117
23119
23120
23121
23122
23123
23124
23125
23126
23128
23129
23132
23133
23137
23143
23144
23145
23146
23152
23155
23163
23164
23165
23166
23169
23172
23178
23179
23185
23187
23188
23189
23190
23191
23192
23193
23194
23203
23205
23207
23208
23212
23216
23217
23218
23221
23222
23223
23225
23226
23228
23229
23231
23234
23238
23239
23245
23246
23251
23253
23255
23256
23257
23259
23261
23264
23266
23267
23268
23269
23271
23274
23275
23278
23279
23280
23281
23282
23283
23284
23285
23286
23288
23289
23290
23291
23296
23299
23302
23303
23304
23306
23308
23309
23310
23311
23312
23313
23314
23315
23316
23318
23319
23320
23322
23324
23325
23328
23329
23330
23332
23333
23334
23337
23340
23346
23347
23348
23349
23351
23352
23353
23355
23358
23360
23362
23363
23364
23365
23367
23368
23369
23370
23371
23373
23374
23375
23376
23377
23381
23382
23384
23386
23387
23388
23389
23390
23397
23402
23403
23409
23410
23411
23412
23414
23417
23418
23419
23421
23422
23423
23424
23426
23427
23429
23431
23434
23436
23438
23439
23443
23445
23446
23448
23449
23451
23452
23453
23454
23456
23461
23463
23464
23465
23467
23468
23469
23471
23474
23483
23484
23485
23486
23488
23490
23495
23496
23497
23498
23499
23500
23501
23502
23504
23507
23508
23509
23510
23511
23512
23517
23518
23519
23520
23523
23525
23526
23529
23530
23531
23532
23533
23534
23535
23536
23537
23538
23540
23544
23545
23546
23549
23550
23552
23556
23558
23561
23562
23565
23566
23568
23569
23570
23571
23572
23573
23574
23575
23576
23577
23578
23579
23583
23584
23588
23590
23593
23594
23595
23598
23600
23601
23602
23603
23604
23607
23614
23615
23616
23623
23624
23625
23626
23627
23630
23633
23634
23635
23640
23641
23642
23646
23647
23649
23650
23652
23653
23654
23655
23656
23657
23658
23659
23661
23663
23664
23665
23667
23668
23669
23670
23671
23672
23673
23674
23679
23680
23681
23682
23684
23685
23686
23688
23689
23691
23692
23695
23700
23702
23703
23707
23708
23711
23714
23715
23716
23717
23718
23719
23721
23722
23723
23725
23726
23727
23728
23736
23739
23740
23742
23743
23745
23748
23749
23750
23751
23752
23753
23754
23756
23759
23760
23761
23762
23763
23764
23765
23767
23768
23770
23772
23774
23776
23777
23778
23779
23783
23785
23786
23787
23792
23793
23794
23795
23796
23797
23799
23800
23801
23802
23804
23805
23806
23807
23808
23810
23811
23812
23813
23816
23818
23829
23830
23831
23833
23835
23836
23839
23843
23847
23849
23851
23853
23854
23855
23857
23858
23859
23860
23864
23865
23866
23868
23869
23872
23873
23874
23876
23881
23886
23891
23893
23897
23898
23900
23902
23903
23904
23905
23906
23910
23911
23912
23913
23914
23916
23919
23921
23922
23923
23928
23942
23947
23948
23949
23951
23953
23954
23956
23958
23966
23968
23971
23972
23974
23979
23985
23986
23990
23994
24000
24001
24004
24005
24008
24011
24012
24013
24014
24015
24022
24027
24029
24030
24032
24033
24036
24037
24038
24039
24041
24043
24048
24049
24050
24051
24052
24055
24056
24057
24058
24059
24060
24061
24065
24066
24068
24069
24070
24071
24072
24073
24074
24075
24076
24077
24078
24079
24080
24083
24085
24086
24087
24089
24090
24092
24093
24095
24096
24097
24098
24099
24100
24101
24102
24103
24104
24105
24106
24107
24108
24109
24110
24111
24112
24113
24114
24115
24116
24117
24118
24119
24120
24121
24122
24123
24124
24125
24126
24127
24128
24129
24130
24131
24132
24133
24134
24135
24136
24137
24139
24140
24142
24145
24146
24147
24149
24158
24163
24165
24166
24168
24169
24170
24171
24175
24178
24179
24180
24183
24184
24188
24189
24190
24191
24194
24195
24196
24197
24198
24200
24202
24203
24204
24205
24206
24208
24214
24217
24219
24220
24222
24223
24224
24225
24227
24230
24231
24232
24233
24234
24235
24238
24240
24241
24242
24245
24247
24251
24252
24259
24260
24263
24266
24268
24269
24270
24271
24272
24274
24275
24276
24280
24281
24283
24284
24285
24286
24289
24290
24291
24294
24295
24298
24301
24302
24304
24307
24308
24312
24313
24316
24318
24320
24326
24331
24333
24335
24339
24347
24348
24352
24353
24354
24355
24356
24357
24359
24362
24363
24366
24367
24368
24372
24373
24376
24378
24380
24381
24384
24388
24390
24391
24392
24397
24406
24407
24408
24410
24412
24413
24415
24416
24417
24418
24419
24423
24426
24427
24428
24430
24431
24432
24435
24438
24439
24440
24441
24443
24444
24448
24450
24452
24455
24456
24457
24458
24464
24465
24468
24472
24473
24474
24476
24477
24479
24480
24481
24482
24483
24484
24486
24487
24489
24491
24495
24497
24499
24500
24503
24508
24511
24513
24514
24516
24518
24520
24521
24522
24525
24527
24530
24531
24533
24534
24536
24537
24538
24540
24543
24547
24548
24550
24553
24554
24557
24561
24562
24563
24566
24567
24568
24569
24570
24571
24573
24574
24587
24592
24598
24599
24600
24602
24603
24604
24607
24609
24610
24615
24617
24618
24619
24620
24621
24623
24626
24628
24629
24632
24633
24634
24636
24637
24639
24642
24645
24646
24648
24649
24651
24653
24655
24656
24657
24658
24659
24665
24666
24671
24672
24676
24678
24679
24687
24689
24690
24691
24692
24695
24696
24698
24705
24706
24708
24711
24712
24713
24714
24716
24717
24719
24729
24731
24732
24733
24735
24736
24737
24738
24740
24743
24744
24745
24748
24752
24757
24758
24759
24762
24763
24764
24765
24767
24768
24773
24774
24776
24777
24778
24781
24782
24783
24784
24788
24789
24790
24791
24793
24794
24795
24798
24800
24801
24802
24803
24804
24805
24806
24808
24809
24810
24811
24812
24813
24814
24819
24821
24822
24825
24826
24831
24833
24834
24836
24837
24838
24839
24840
24841
24843
24844
24846
24847
24853
24854
24855
24857
24858
24859
24860
24861
24862
24863
24864
24865
24866
24870
24873
24875
24877
24878
24879
24880
24881
24882
24883
24884
24885
24886
24887
24888
24889
24890
24891
24892
24893
24894
24895
24896
24897
24898
24900
24901
24903
24907
24908
24909
24910
24911
24912
24913
24915
24917
24918
24919
24920
24921
24922
24924
24931
24932
24933
24934
24935
24943
24944
24945
24949
24953
24957
24958
24959
24962
24965
24967
24975
24976
24977
24978
24979
24980
24984
24986
24989
24990
24993
24998
25000
25001
25002
25004
25005
25006
25007
25009
25012
25015
25016
25018
25021
25023
25027
25028
25029
25032
25033
25035
25036
25037
25038
25039
25040
25042
25046
25047
25048
25050
25051
25053
25056
25057
25061
25065
25067
25068
25072
25073
25074
25075
25077
25078
25079
25081
25082
25083
25087
25089
25093
25095
25096
25097
25098
25099
25100
25101
25102
25103
25104
25105
25107
25109
25110
25111
25112
25119
25121
25123
25124
25126
25127
25131
25132
25138
25139
25140
25142
25143
25144
25145
25146
25147
25148
25149
25152
25154
25156
25161
25165
25168
25169
25171
25173
25174
25176
25177
25178
25181
25182
25183
25187
25189
25190
25191
25192
25193
25196
25197
25198
25199
25202
25204
25207
25208
25210
25214
25215
25216
25217
25218
25220
25221
25224
25225
25229
25230
25231
25236
25241
25242
25243
25245
25247
25248
25249
25250
25252
25255
25256
25257
25268
25272
25273
25274
25275
25278
25279
25280
25281
25282
25283
25285
25286
25288
25292
25295
25296
25297
25298
25300
25301
25302
25303
25304
25305
25306
25308
25309
25311
25314
25316
25317
25319
25322
25324
25338
25340
25351
25352
25353
25354
25358
25359
25362
25363
25364
25367
25369
25375
25379
25381
25386
25388
25389
25390
25391
25392
25393
25396
25399
25400
25402
25406
25408
25409
25410
25412
25415
25419
25420
25426
25429
25431
25432
25433
25434
25436
25441
25443
25445
25448
25450
25462
25463
25465
25466
25469
25472
25474
25475
25478
25484
25485
25487
25488
25489
25490
25495
25497
25505
25508
25510
25511
25512
25515
25517
25523
25525
25526
25529
25530
25535
25537
25538
25541
25542
25543
25544
25547
25549
25552
25554
25555
25556
25557
25558
25559
25563
25565
25566
25572
25573
25574
25576
25577
25581
25584
25587
25588
25592
25594
25597
25598
25602
25603
25604
25609
25610
25611
25612
25613
25614
25619
25622
25623
25625
25626
25627
25629
25630
25631
25632
25633
25634
25636
25637
25640
25646
25649
25651
25654
25655
25659
25660
25662
25663
25664
25665
25667
25672
25674
25675
25676
25677
25679
25681
25682
25683
25684
25686
25687
25690
25691
25693
25694
25700
25701
25705
25706
25710
25713
25714
25715
25716
25717
25720
25721
25722
25724
25727
25729
25730
25731
25737
25740
25741
25745
25746
25754
25756
25760
25761
25762
25774
25775
25785
25790
25795
25797
25800
25802
25804
25805
25807
25810
25822
25824
25826
25827
25830
25831
25832
25834
25837
25838
25839
25840
25841
25848
25849
25850
25851
25852
25854
25855
25857
25858
25859
25861
25865
25866
25868
25876
25878
25880
25881
25883
25884
25887
25891
25894
25896
25897
25902
25903
25905
25906
25908
25909
25914
25916
25918
25920
25921
25922
25923
25924
25925
25926
25927
25928
25929
25930
25932
25933
25934
25935
25936
25937
25939
25940
25941
25942
25944
25945
25946
25947
25948
25949
25950
25952
25957
25964
25970
25977
25999
26001
26002
26003
26004
26006
26007
26008
26010
26012
26017
26018
26021
26023
26024
26025
26026
26027
26032
26034
26035
26036
26041
26042
26043
26045
26046
26048
26051
26054
26055
26060
26062
26066
26067
26068
26069
26070
26079
26081
26085
26088
26089
26090
26091
26093
26097
26099
26103
26104
26105
26106
26109
26110
26111
26112
26113
26114
26120
26121
26123
26125
26131
26132
26133
26138
26140
26142
26143
26144
26146
26147
26149
26150
26152
26156
26157
26160
26162
26164
26166
26168
26172
26174
26176
26177
26178
26182
26185
26196
26198
26201
26202
26203
26205
26206
26209
26210
26211
26214
26216
26217
26219
26220
26222
26223
26224
26226
26227
26228
26234
26242
26250
26255
26257
26260
26261
26263
26264
26265
26267
26268
26269
26272
26275
26276
26280
26283
26285
26287
26288
26289
26290
26291
26292
26296
26298
26299
26300
26301
26307
26308
26309
26316
26317
26322
26324
26330
26332
26334
26344
26349
26360
26363
26364
26366
26370
26372
26373
26375
26378
26379
26380
26385
26386
26391
26394
26396
26397
26400
26402
26404
26412
26413
26415
26416
26420
26426
26429
26430
26435
26437
26438
26441
26446
26448
26452
26456
26459
26461
26465
26466
26469
26470
26471
26472
26474
26478
26479
26483
26486
26489
26490
26491
26496
26498
26502
26510
26511
26516
26517
26518
26520
26522
26525
26526
26531
26532
26533
26535
26536
26537
26539
26540
26546
26547
26548
26551
26552
26553
26554
26555
26556
26559
26562
26563
26566
26570
26572
26573
26577
26579
26580
26582
26583
26584
26589
26592
26595
26604
26606
26607
26610
26611
26612
26613
26619
26622
26624
26626
26627
26630
26632
26633
26641
26642
26644
26649
26651
26657
26668
26676
26680
26682
26684
26688
26690
26692
26694
26696
26698
26700
26702
26704
26706
26710
26712
26718
26720
26722
26726
26728
26730
26734
26736
26738
26740
26742
26751
26757
26763
26767
26769
26771
26773
26775
26787
26789
26791
26795
26799
26807
26819
26821
26833
26843
26845
26855
26857
26861
26863
26865
26873
26879
26881
26883
26885
26891
26895
26897
26901
26903
26905
26907
26909
26911
26917
26919
26921
26925
26927
26929
26931
26933
26939
26941
26943
26945
26949
26955
26959
26965
26967
26973
26975
26977
26991
26993
26995
27001
27015
27019
27025
27027
27029
27031
27043
27047
27049
27053
27065
27067
27069
27079
27083
27085
27089
27091
27092
27097
27099
27101
27103
27107
27109
27111
27117
27119
27121
27123
27125
27127
27137
27145
27147
27157
27158
27159
27161
27163
27167
27171
27173
27187
27189
27199
27201
27203
27205
27207
27209
27211
27213
27215
27217
27219
27221
27225
27231
27235
27243
27251
27253
27255
27257
27261
27263
27265
27267
27269
27273
27285
27291
27293
27299
27303
27305
27313
27315
27317
27327
27329
27331
27333
27335
27337
27339
27341
27351
27353
27359
27361
27367
27369
27373
27377
27385
27395
27403
27419
27423
27425
27429
27431
27433
27445
27451
27457
27463
27465
27467
27469
27471
27473
27477
27479
27483
27485
27489
27491
27493
27495
27497
27499
27505
27511
27515
27519
27521
27523
27525
27527
27529
27535
27537
27539
27541
27543
27545
27547
27551
27553
27555
27557
27559
27561
27563
27565
27567
27569
27571
27575
27577
27587
27591
27593
27597
27599
27601
27603
27605
27607
27609
27611
27615
27617
27625
27629
27631
27635
27643
27645
27647
27649
27651
27653
27655
27657
27659
27661
27663
27671
27679
27685
27687
27689
27695
27701
27703
27705
27707
27713
27715
27717
27719
27731
27741
27743
27745
27753
27755
27757
27763
27765
27771
27777
27779
27781
27783
27785
27787
27797
27799
27817
27819
27821
27823
27825
27843
27851
27853
27855
27857
27859
27861
27863
27865
27867
27869
27871
27873
27875
27877
27879
27881
27883
27885
27887
27889
27891
27893
27895
27897
27899
27901
27903
27905
27911
27921
27923
27931
27937
27947
27949
27951
27953
27959
27963
27965
27967
27973
27975
27977
27979
27983
27985
27989
27991
27995
27999
28001
28003
28007
28017
28019
28021
28027
28029
28031
28033
28035
28053
28055
28057
28061
28063
28067
28069
28071
28075
28077
28079
28083
28085
28087
28089
28091
28093
28095
28103
28107
28109
28111
28115
28119
28121
28123
28125
28133
28135
28137
28143
28151
28153
28155
28162
28166
28170
28172
28174
28182
28184
28186
28190
28192
28194
28196
28198
28200
28202
28204
28208
28210
28212
28214
28216
28218
28220
28222
28224
28226
28228
28232
28238
28240
28245
28247
28249
28253
28255
28259
28261
28263
28267
28269
28271
28273
28275
28277
28279
28281
28283
28285
28291
28293
28299
28303
28305
28307
28309
28311
28313
28315
28317
28321
28323
28325
28327
28333
28335
28337
28341
28343
28347
28349
28351
28353
28355
28357
28361
28363
28367
28387
28391
28393
28395
28397
28399
28405
28407
28409
28411
28413
28415
28417
28421
28425
28427
28429
28431
28435
28441
28443
28445
28447
28449
28457
28459
28467
28475
28479
28481
28483
28485
28489
28491
28495
28505
28511
28513
28527
28531
28533
28535
28537
28541
28549
28551
28553
28557
28563
28565
28567
28573
28581
28583
28585
28587
28589
28591
28595
28607
28613
28617
28619
28621
28627
28629
28631
28633
28635
28637
28641
28643
28653
28657
28659
28665
28667
28669
28671
28673
28683
28689
28691
28697
28699
28707
28711
28713
28715
28717
28719
28725
28727
28735
28739
28743
28747
28751
28755
28759
28761
28767
28775
28777
28779
28781
28799
28805
28807
28809
28811
28813
28815
28819
28821
28825
28827
28833
28837
28839
28841
28843
28845
28847
28849
28857
28863
28865
28869
28871
28873
28875
28877
28879
28885
28889
28891
28893
28897
28899
28901
28903
28905
28907
28909
28913
28915
28917
28919
28921
28925
28927
28931
28933
28935
28939
28941
28943
28945
28949
28955
28957
28961
28963
28973
28975
28977
28979
28981
28985
28987
28989
28991
28999
29001
29005
29007
29011
29013
29015
29019
29023
29027
29033
29035
29037
29041
29043
29047
29049
29053
29065
29067
29071
29077
29081
29083
29085
29093
29107
29111
29113
29115
29117
29123
29125
29127
29135
29137
29141
29151
29153
29155
29157
29161
29163
29167
29169
29171
29173
29185
29189
29191
29199
29201
29203
29207
29211
29213
29219
29221
29223
29227
29229
29231
29235
29239
29241
29243
29245
29247
29249
29275
29279
29281
29283
29285
29287
29291
29295
29297
29301
29313
29315
29317
29319
29321
29337
29339
29341
29343
29345
29351
29359
29361
29363
29375
29377
29379
29387
29391
29393
29395
29399
29401
29405
29407
29415
29419
29421
29423
29425
29427
29431
29433
29435
29437
29443
29447
29449
29455
29457
29459
29461
29467
29471
29475
29477
29479
29481
29483
29485
29487
29491
29493
29497
29499
29501
29503
29507
29513
29527
29529
29531
29533
29535
29537
29543
29545
29547
29551
29553
29555
29559
29571
29573
29575
29577
29579
29581
29583
29585
29587
29591
29593
29595
29597
29599
29601
29609
29613
29615
29617
29619
29627
29629
29631
29635
29641
29647
29651
29655
29659
29675
29677
29679
29687
29689
29691
29693
29695
29697
29699
29701
29703
29705
29707
29709
29711
29713
29715
29717
29719
29725
29733
29735
29737
29741
29743
29745
29751
29753
29755
29757
29759
29761
29769
29773
29775
29779
29781
29783
29785
29787
29789
29791
29793
29795
29797
29799
29807
29815
29819
29821
29825
29827
29837
29845
29847
29855
29857
29859
29861
29865
29869
29871
29873
29879
29881
29887
29889
29891
29897
29899
29901
29911
29913
29915
29919
29923
29927
29931
29933
29937
29943
29945
29947
29949
29965
29971
29973
29975
29979
29981
29983
29997
30001
30003
30005
30007
30009
30011
30015
30017
30035
30039
30049
30051
30055
30057
30061
30073
30075
30077
30079
30081
30083
30085
30087
30089
30093
30095
30097
30099
30101
30103
30107
30111
30113
30117
30119
30123
30125
30127
30129
30131
30133
30135
30137
30139
30151
30155
30159
30165
30169
30175
30177
30183
30191
30195
30199
30201
30207
30209
30211
30213
30223
30225
30227
30231
30233
30235
30239
30241
30245
30249
30253
30255
30257
30259
30261
30263
30265
30267
30269
30275
30279
30281
30283
30287
30289
30291
30293
30295
30297
30303
30305
30307
30309
30311
30313
30315
30319
30323
30325
30331
30333
30335
30337
30339
30341
30345
30351
30353
30355
30357
30359
30365
30381
30389
30393
30395
30399
30403
30405
30407
30409
30411
30413
30415
30417
30419
30423
30425
30427
30429
30431
30445
30447
30449
30451
30453
30455
30457
30463
30465
30467
30473
30497
30509
30511
30513
30515
30519
30523
30525
30527
30533
30541
30545
30551
30553
30555
30557
30561
30563
30565
30567
30569
30571
30573
30575
30577
30579
30581
30583
30585
30587
30591
30593
30595
30597
30599
30601
30603
30613
30615
30617
30627
30629
30637
30639
30645
30647
30649
30651
30657
30659
30661
30663
30667
30669
30671
30673
30675
30677
30681
30683
30685
30687
30689
30691
30693
30697
30699
30701
30703
30705
30707
30709
30713
30719
30721
30723
30725
30729
30731
30733
30735
30739
30741
30743
30745
30747
30749
30751
30755
30757
30763
30765
30767
30769
30771
30773
30775
30777
30779
30783
30785
30789
30791
30813
30819
30827
30829
30831
30835
30837
30841
30843
30845
30847
30849
30855
30859
30861
30871
30879
30883
30885
30887
30891
30893
30897
30899
30901
30903
30905
30907
30909
30913
30915
30917
30919
30921
30923
30929
30931
30933
30935
30937
30939
30941
30957
30959
30961
30965
30967
30969
30973
30977
30981
30983
30987
30999
31007
31009
31011
31021
31023
31027
31029
31035
31037
31039
31043
31045
31047
31051
31053
31057
31059
31061
31067
31073
31075
31077
31079
31081
31083
31085
31089
31091
31093
31095
31097
31101
31105
31109
31113
31115
31117
31119
31123
31125
31127
31129
31131
31133
31137
31139
31145
31147
31149
31155
31157
31163
31165
31183
31185
31189
31209
31215
31217
31219
31223
31231
31237
31239
31253
31259
31261
31263
31267
31269
31275
31277
31279
31281
31283
31289
31293
31297
31299
31301
31309
31311
31313
31315
31317
31321
31335
31337
31341
31345
31347
31361
31363
31365
31371
31373
31377
31393
31395
31397
31399
31409
31413
31415
31437
31439
31441
31443
31445
31449
31455
31467
31469
31471
31477
31487
31489
31491
31493
31495
31497
31499
31509
31511
31513
31519
31521
31525
31529
31531
31539
31543
31551
31559
31561
31563
31565
31567
31573
31575
31581
31583
31585
31587
31603
31605
31613
31615
31617
31621
31623
31625
31627
31629
31635
31639
31649
31651
31655
31657
31663
31665
31667
31669
31671
31675
31677
31679
31683
31687
31689
31691
31693
31697
31701
31703
31705
31709
31713
31715
31717
31721
31723
31725
31727
31729
31733
31735
31737
31739
31743
31745
31747
31749
31751
31755
31757
31763
31765
31767
31771
31777
31781
31785
31789
31793
31795
31799
31805
31807
31809
31811
31813
31815
31817
31829
31831
31833
31839
31845
31851
31855
31857
31861
31877
31879
31881
31883
31885
31887
31889
31893
31897
31909
31919
31925
31929
31931
31933
31935
31937
31939
31947
31951
31957
31961
31969
31979
31981
31983
31987
31989
31991
31993
32003
32011
32013
32015
32017
32019
32021
32023
32025
32035
32037
32043
32053
32055
32061
32063
32067
32069
32071
32079
32081
32083
32089
32091
32093
32097
32101
32105
32113
32115
32121
32123
32125
32129
32133
32137
32145
32147
32149
32151
32155
32157
32163
32165
32167
32171
32177
32179
32181
32185
32189
32190
32191
32193
32199
32201
32203
32205
32207
32209
32223
32225
32227
32229
32233
32235
32243
32245
32247
32251
32259
32261
32263
32267
32273
32275
32277
32283
32285
32287
32293
32295
32297
32313
32315
32319
32321
32327
32329
32331
32337
32347
32361
32363
32365
32367
32369
32373
32375
32379
32381
32383
32387
32389
32391
32401
32407
32413
32419
32425
32427
32429
32431
32437
32441
32443
32445
32451
32453
32455
32457
32459
32463
32465
32471
32473
32475
32497
32499
32537
32543
32545
32547
32551
32555
32561
32565
32569
32573
32575
32577
32579
32581
32583
32589
32591
32593
32595
32597
32601
32603
32605
32609
32613
32615
32619
32625
32631
32633
32637
32639
32643
32645
32647
32649
32651
32655
32661
32663
32665
32669
32671
32675
32681
32683
32687
32689
32691
32693
32697
32699
32701
32703
32705
32711
32715
32727
32733
32735
32737
32741
32747
32749
32751
32753
32765
32769
32771
32773
32775
32779
32785
32787
32789
32793
32799
32811
32813
32817
32819
32821
32831
32833
32853
32861
32869
32871
32873
32875
32879
32881
32883
32891
32893
32899
32901
32905
32909
32913
32921
32925
32927
32929
32931
32933
32935
32937
32939
32943
32947
32955
32961
32963
32965
32975
32977
32979
32981
32983
32985
32987
32989
32991
32997
33001
33005
33007
33011
33013
33017
33019
33021
33025
33031
33043
33049
33053
33055
33057
33059
33067
33073
33075
33077
33081
33083
33091
33101
33113
33119
33121
33125
33129
33131
33137
33141
33143
33147
33151
33161
33181
33183
33191
33193
33201
33203
33211
33217
33223
33241
33245
33251
33255
33267
33275
33281
33289
33297
33309
33317
33319
33325
33327
33333
33335
33337
33353
33357
33367
33369
33371
33373
33375
33377
33379
33383
33389
33391
33395
33397
33413
33423
33427
33429
33439
33441
33443
33445
33459
33463
33473
33475
33485
33491
33493
33497
33501
33503
33511
33521
33523
33525
33531
33543
33551
33553
33559
33563
33569
33573
33575
33581
33583
33585
33589
33591
33593
33597
33601
33605
33607
33611
33615
33617
33619
33623
33631
33633
33635
33637
33639
33641
33645
33647
33671
33675
33685
33687
33691
33693
33699
33703
33707
33735
33737
33741
33743
33751
33753
33757
33761
33763
33765
33769
33779
33781
33785
33791
33793
33797
33799
33807
33811
33819
33837
33841
33845
33853
33855
33857
33859
33861
33863
33865
33869
33871
33873
33875
33881
33883
33885
33887
33891
33893
33915
33929
33945
33946
33947
33953
33963
33967
33969
33973
33985
33987
33989
33991
33993
33995
33997
33999
34005
34007
34009
34011
34015
34017
34019
34021
34023
34025
34027
34029
34031
34033
34035
34039
34041
34051
34053
34059
34075
34077
34079
34089
34091
34113
34121
34125
34127
34133
34149
34151
34153
34157
34167
34169
34173
34177
34179
34181
34183
34185
34187
34189
34193
34195
34209
34211
34213
34215
34217
34219
34221
34225
34231
34239
34245
34247
34253
34263
34267
34269
34273
34279
34285
34287
34289
34293
34295
34297
34299
34301
34303
34305
34309
34313
34321
34329
34333
34335
34337
34339
34345
34349
34363
34365
34367
34369
34377
34393
34397
34405
34415
34419
34433
34445
34447
34449
34451
34453
34457
34459
34467
34469
34471
34473
34475
34477
34485
34489
34491
34497
34505
34525
34529
34531
34535
34539
34551
34553
34565
34569
34571
34573
34577
34581
34583
34587
34589
34595
34597
34599
34601
34607
34611
34617
34621
34627
34629
34631
34643
34645
34651
34653
34657
34661
34667
34675
34681
34683
34693
34695
34707
34709
34711
34713
34719
34735
34741
34747
34749
34753
34755
34757
34771
34773
34775
34791
34793
34797
34799
34801
34815
34819
34821
34823
34831
34835
34837
34839
34841
34847
34853
34871
34875
34897
34905
34907
34909
34915
34943
34945
34949
34955
34961
34963
34973
34977
34981
34987
34989
35001
35003
35013
35021
35023
35025
35027
35031
35035
35041
35043
35045
35047
35053
35055
35057
35059
35061
35063
35075
35081
35089
35091
35093
35113
35117
35119
35121
35123
35125
35127
35133
35137
35147
35151
35153
35155
35157
35159
35171
35173
35177
35181
35183
35187
35191
35197
35199
35201
35207
35209
35211
35215
35221
35223
35225
35233
35241
35243
35247
35251
35255
35261
35273
35281
35283
35285
35305
35307
35309
35311
35313
35315
35317
35319
35321
35323
35333
35335
35337
35345
35349
35351
35353
35357
35359
35361
35371
35373
35379
35385
35389
35399
35401
35419
35421
35423
35425
35431
35433
35435
35437
35439
35449
35451
35459
35465
35471
35473
35475
35477
35479
35481
35499
35507
35513
35515
35517
35519
35521
35523
35527
35535
35537
35545
35549
35551
35555
35565
35573
35577
35583
35585
35587
35589
35591
35593
35595
35597
35599
35605
35609
35611
35613
35617
35619
35623
35627
35633
35635
35637
35639
35641
35649
35651
35653
35655
35659
35663
35665
35673
35675
35677
35683
35691
35693
35695
35697
35699
35701
35703
35705
35707
35711
35713
35715
35719
35721
35725
35727
35729
35733
35735
35737
35739
35741
35753
35755
35757
35759
35761
35767
35769
35779
35783
35785
35787
35789
35795
35799
35803
35809
35811
35813
35815
35819
35825
35827
35831
35835
35837
35839
35841
35849
35857
35863
35865
35869
35877
35879
35891
35903
35907
35911
35919
35925
35929
35931
35933
35959
35965
35983
35999
36009
36013
36015
36017
36019
36021
36023
36035
36037
36039
36041
36051
36055
36057
36059
36069
36073
36077
36079
36081
36083
36093
36097
36099
36107
36109
36113
36119
36121
36123
36125
36127
36129
36131
36133
36135
36149
36151
36157
36169
36179
36187
36193
36199
36205
36213
36225
36241
36247
36267
36277
36281
36283
36295
36297
36299
36313
36315
36317
36319
36329
36333
36335
36341
36345
36355
36357
36361
36363
36367
36369
36379
36393
36395
36403
36407
36409
36413
36417
36431
36433
36435
36437
36441
36453
36461
36465
36469
36481
36483
36491
36495
36503
36507
36511
36523
36527
36531
36533
36535
36537
36539
36541
36543
36545
36547
36549
36555
36561
36567
36577
36591
36593
36595
36601
36603
36611
36615
36617
36619
36631
36643
36645
36659
36661
36665
36671
36677
36679
36683
36685
36687
36689
36691
36695
36715
36717
36719
36723
36727
36729
36731
36733
36739
36743
36753
36755
36759
36763
36765
36771
36779
36787
36789
36795
36797
36803
36805
36813
36823
36833
36849
36851
36853
36863
36865
36867
36869
36873
36879
36881
36885
36899
36903
36905
36915
36919
36921
36923
36929
36933
36937
36941
36945
36949
36951
36957
36959
36961
36963
36965
36969
36977
36981
36995
36999
37003
37007
37009
37013
37027
37031
37039
37045
37049
37055
37059
37061
37063
37065
37067
37069
37085
37093
37097
37101
37103
37107
37109
37115
37119
37123
37125
37127
37129
37131
37135
37137
37139
37151
37153
37155
37157
37163
37179
37181
37185
37189
37195
37201
37211
37213
37217
37219
37223
37227
37231
37239
37241
37245
37247
37249
37251
37259
37267
37275
37289
37293
37299
37301
37303
37305
37327
37335
37347
37349
37351
37353
37367
37371
37373
37375
37379
37385
37387
37397
37403
37405
37407
37413
37419
37425
37427
37429
37431
37433
37435
37437
37439
37441
37443
37449
37461
37463
37465
37471
37473
37475
37477
37483
37487
37489
37495
37499
37503
37505
37507
37511
37519
37521
37523
37525
37543
37561
37563
37565
37567
37577
37583
37585
37587
37589
37595
37599
37601
37603
37611
37617
37619
37631
37633
37635
37637
37639
37641
37651
37655
37663
37665
37667
37669
37671
37677
37679
37683
37701
37703
37705
37707
37729
37731
37737
37745
37749
37753
37755
37761
37763
37771
37777
37783
37785
37789
37801
37803
37807
37815
37817
37821
37835
37843
37847
37853
37855
37859
37863
37867
37871
37873
37885
37891
37897
37909
37915
37917
37921
37925
37927
37929
37935
37947
37951
37953
37959
37963
37967
37975
37977
37979
37997
37999
38005
38009
38011
38013
38015
38017
38039
38043
38045
38047
38051
38063
38071
38089
38097
38105
38109
38111
38117
38119
38123
38125
38129
38131
38135
38137
38141
38143
38145
38155
38157
38161
38163
38167
38169
38177
38179
38185
38187
38189
38191
38193
38195
38197
38199
38201
38213
38215
38217
38221
38223
38225
38227
38233
38237
38239
38241
38247
38249
38253
38255
38257
38259
38263
38265
38267
38271
38275
38279
38281
38293
38299
38309
38313
38315
38317
38321
38323
38325
38331
38333
38335
38341
38343
38345
38353
38355
38357
38359
38361
38365
38367
38369
38377
38379
38381
38383
38385
38387
38389
38393
38395
38397
38399
38401
38403
38405
38407
38409
38411
38413
38415
38417
38419
38421
38423
38427
38429
38431
38433
38435
38437
38449
38451
38453
38457
38461
38465
38467
38469
38487
38489
38491
38495
38497
38499
38501
38503
38509
38511
38513
38515
38517
38519
38521
38523
38525
38527
38531
38533
38535
38539
38541
38543
38545
38549
38551
38553
38555
38557
38563
38565
38569
38573
38575
38577
38579
38581
38585
38591
38593
38595
38599
38601
38605
38607
38609
38611
38613
38615
38617
38619
38621
38623
38625
38631
38633
38637
38655
38657
38659
38661
38665
38667
38671
38675
38677
38679
38681
38683
38687
38689
38691
38695
38697
38699
38709
38713
38715
38717
38719
38727
38729
38731
38733
38737
38739
38741
38743
38745
38747
38751
38753
38755
38757
38759
38769
38777
38779
38781
38783
38785
38789
38793
38795
38801
38803
38805
38807
38813
38817
38821
38823
38825
38829
38833
38837
38839
38841
38843
38851
38853
38857
38859
38861
38863
38865
38867
38869
38871
38873
38877
38881
38883
38887
38895
38897
38903
38905
38907
38911
38915
38917
38919
38923
38925
38927
38929
38931
38933
38935
38939
38943
38949
38951
38953
38955
38957
38959
38961
38967
38969
38973
38977
38981
38983
38985
38987
38989
38991
38993
38995
38999
39001
39003
39005
39015
39017
39019
39021
39027
39029
39031
39033
39037
39039
39043
39049
39057
39059
39063
39067
39071
39075
39079
39097
39099
39109
39111
39113
39115
39117
39119
39121
39123
39133
39137
39139
39141
39145
39147
39153
39161
39163
39165
39169
39177
39179
39181
39189
39191
39193
39195
39197
39199
39211
39213
39231
39233
39235
39237
39257
39259
39261
39263
39265
39269
39281
39285
39287
39291
39293
39297
39301
39307
39313
39325
39327
39329
39331
39335
39343
39349
39351
39357
39371
39373
39375
39391
39395
39401
39413
39417
39419
39423
39425
39427
39429
39431
39433
39437
39443
39453
39459
39461
39467
39471
39473
39475
39477
39479
39483
39489
39493
39495
39497
39499
39501
39503
39505
39511
39513
39517
39519
39523
39527
39529
39531
39533
39557
39559
39561
39565
39571
39575
39577
39585
39587
39589
39591
39595
39601
39617
39625
39627
39629
39645
39651
39653
39659
39661
39667
39669
39673
39675
39677
39679
39687
39695
39713
39715
39717
39719
39721
39723
39725
39727
39731
39737
39745
39751
39757
39759
39761
39769
39771
39773
39775
39779
39781
39787
39789
39795
39803
39805
39811
39813
39815
39819
39821
39823
39833
39839
39847
39849
39855
39857
39859
39861
39875
39883
39885
39887
39889
39891
39893
39897
39899
39901
39903
39905
39909
39911
39915
39917
39923
39925
39927
39929
39931
39933
39935
39943
39953
39955
39959
39961
39963
39969
39987
39989
40011
40015
40019
40029
40047
40051
40053
40061
40063
40065
40067
40079
40085
40087
40093
40095
40097
40099
40113
40129
40139
40141
40149
40167
40171
40173
40175
40179
40181
40187
40197
40203
40223
40225
40231
40235
40237
40239
40253
40259
40265
40271
40275
40277
40281
40285
40293
40297
40299
40301
40303
40305
40309
40311
40313
40315
40317
40321
40323
40327
40335
40337
40345
40355
40363
40367
40375
40377
40379
40381
40391
40393
40397
40399
40409
40415
40419
40431
40433
40437
40445
40447
40449
40467
40475
40481
40491
40529
40537
40543
40545
40549
40557
40565
40573
40581
40587
40589
40599
40601
40607
40615
40619
40621
40623
40625
40627
40631
40633
40635
40637
40639
40641
40645
40647
40649
40651
40653
40661
40663
40667
40671
40673
40675
40679
40683
40685
40689
40693
40697
40707
40711
40715
40727
40729
40731
40733
40741
40747
40753
40759
40761
40797
40813
40815
40823
40833
40839
40849
40855
40861
40865
40883
40887
40889
40891
40899
40901
40903
40923
40927
40929
40933
40937
40955
40969
40971
40981
40989
40991
40997
41003
41007
41011
41017
41019
41021
41023
41025
41027
41029
41031
41033
41035
41043
41049
41063
41067
41071
41073
41075
41083
41091
41099
41103
41107
41109
41111
41113
41115
41117
41121
41123
41127
41145
41153
41155
41157
41163
41165
41167
41175
41179
41187
41191
41193
41195
41197
41199
41205
41207
41209
41211
41213
41227
41237
41239
41241
41243
41245
41249
41257
41259
41273
41287
41299
41301
41305
41307
41311
41313
41317
41325
41339
41341
41347
41359
41361
41363
41365
41367
41371
41375
41385
41387
41389
41391
41393
41395
41397
41399
41401
41403
41405
41407
41409
41411
41413
41415
41417
41419
41421
41423
41425
41427
41429
41435
41437
41439
41441
41443
41445
41447
41449
41451
41453
41455
41457
41459
41465
41469
41471
41475
41483
41485
41489
41491
41499
41501
41511
41517
41521
41525
41527
41529
41531
41535
41537
41539
41541
41549
41559
41561
41565
41567
41569
41571
41573
41575
41577
41579
41583
41591
41593
41601
41607
41613
41615
41617
41619
41629
41649
41657
41659
41661
41663
41665
41681
41683
41687
41697
41699
41701
41705
41709
41711
41719
41723
41733
41735
41745
41747
41749
41753
41757
41763
41767
41769
41771
41773
41775
41777
41779
41781
41783
41793
41795
41803
41805
41817
41819
41821
41823
41827
41831
41835
41847
41849
41857
41863
41865
41867
41873
41877
41879
41881
41893
41905
41913
41923
41925
41929
41943
41949
41957
41959
41961
41973
41987
41993
41997
42001
42003
42005
42015
42017
42025
42027
42031
42035
42037
42039
42043
42045
42053
42063
42069
42075
42087
42095
42099
42101
42107
42109
42113
42115
42117
42123
42125
42127
42129
42131
42133
42135
42137
42139
42151
42159
42161
42167
42173
42177
42185
42191
42195
42197
42199
42201
42203
42205
42209
42221
42223
42229
42231
42237
42243
42247
42249
42255
42257
42259
42263
42275
42277
42279
42289
42311
42323
42325
42327
42331
42333
42337
42339
42349
42351
42353
42355
42363
42365
42367
42373
42375
42377
42379
42381
42383
42385
42389
42391
42399
42401
42403
42407
42413
42439
42441
42443
42445
42449
42451
42455
42485
42487
42489
42491
42493
42495
42497
42501
42515
42521
42523
42525
42527
42529
42531
42535
42541
42543
42545
42547
42555
42557
42559
42563
42565
42569
42571
42575
42579
42585
42593
42597
42607
42609
42613
42629
42643
42645
42649
42651
42653
42661
42663
42675
42681
42683
42685
42687
42691
42695
42699
42705
42707
42709
42721
42723
42727
42729
42733
42737
42739
42741
42749
42755
42769
42771
42773
42775
42777
42779
42781
42785
42789
42795
42817
42819
42827
42835
42839
42841
42851
42859
42867
42871
42879
42881
42883
42885
42897
42901
42905
42913
42915
42919
42921
42923
42925
42939
42947
42949
42951
42953
42959
42961
42963
42965
42967
42971
42977
42981
42983
42985
42987
42989
42993
42997
43003
43005
43007
43009
43015
43017
43019
43025
43029
43031
43033
43035
43041
43043
43047
43049
43051
43053
43055
43057
43059
43061
43065
43067
43069
43073
43075
43077
43085
43087
43089
43091
43093
43095
43101
43103
43105
43109
43111
43113
43115
43117
43123
43125
43127
43129
43131
43133
43135
43137
43139
43141
43145
43147
43149
43151
43153
43155
43157
43159
43163
43167
43169
43171
43173
43175
43177
43179
43181
43183
43185
43187
43189
43191
43199
43201
43203
43205
43207
43209
43211
43213
43219
43225
43241
43245
43247
43249
43251
43253
43257
43259
43261
43263
43273
43279
43283
43287
43291
43293
43295
43297
43303
43305
43307
43317
43323
43331
43333
43335
43339
43341
43343
43345
43347
43353
43357
43365
43369
43371
43373
43377
43391
43393
43401
43403
43415
43417
43423
43425
43427
43429
43431
43433
43435
43443
43445
43447
43449
43459
43461
43465
43477
43479
43481
43503
43509
43515
43517
43519
43521
43525
43533
43539
43545
43553
43555
43559
43563
43565
43567
43573
43575
43577
43583
43591
43597
43601
43603
43605
43607
43611
43619
43621
43635
43645
43647
43651
43655
43661
43663
43665
43667
43669
43671
43673
43675
43683
43687
43693
43697
43703
43707
43711
43713
43715
43717
43719
43723
43725
43727
43729
43731
43733
43737
43741
43747
43749
43751
43755
43759
43761
43763
43765
43767
43769
43773
43775
43777
43779
43781
43783
43785
43787
43789
43791
43797
43799
43801
43803
43805
43809
43817
43819
43823
43829
43831
43843
43845
43849
43853
43855
43857
43861
43863
43867
43885
43887
43889
43897
43905
43911
43913
43915
43919
43921
43935
43937
43939
43943
43949
43953
43955
43957
43959
43963
43965
43967
43969
43975
43987
43999
44005
44011
44013
44017
44021
44023
44025
44027
44037
44039
44045
44047
44051
44053
44055
44059
44067
44069
44075
44083
44087
44089
44091
44095
44097
44111
44113
44119
44139
44141
44145
44155
44157
44167
44169
44171
44175
44177
44181
44185
44191
44195
44205
44213
44215
44221
44225
44227
44229
44231
44235
44239
44241
44243
44251
44253
44255
44257
44259
44261
44267
44269
44271
44275
44279
44281
44287
44291
44299
44305
44307
44311
44315
44317
44319
44323
44333
44335
44337
44339
44343
44345
44347
44357
44361
44363
44365
44367
44369
44371
44391
44409
44411
44413
44415
44427
44433
44439
44441
44447
44449
44453
44455
44457
44459
44461
44463
44469
44473
44475
44479
44483
44485
44489
44493
44495
44497
44501
44503
44511
44515
44523
44525
44527
44535
44539
44541
44555
44557
44567
44569
44581
44583
44587
44589
44591
44593
44595
44599
44609
44615
44617
44621
44625
44635
44637
44645
44651
44653
44655
44657
44669
44671
44675
44677
44681
44683
44693
44697
44699
44707
44711
44715
44717
44719
44721
44723
44729
44733
44737
44741
44743
44745
44747
44749
44751
44753
44755
44757
44759
44761
44763
44765
44767
44769
44773
44775
44777
44779
44781
44789
44791
44803
44809
44811
44813
44815
44817
44819
44821
44823
44825
44827
44829
44831
44833
44835
44837
44839
44841
44843
44845
44849
44851
44853
44855
44873
44879
44881
44883
44887
44891
44893
44895
44897
44899
44901
44903
44905
44907
44913
44915
44917
44919
44921
44923
44925
44927
44929
44931
44933
44939
44947
44949
44951
44953
44957
44959
44961
44963
44965
44967
44969
44971
44973
44977
44979
44981
44983
44985
44987
44989
44991
44993
44995
44997
44999
45001
45003
45005
45007
45009
45015
45017
45021
45023
45025
45027
45029
45031
45033
45035
45037
45041
45045
45049
45051
45053
45059
45063
45069
45075
45077
45079
45081
45085
45087
45089
45093
45095
45097
45099
45101
45103
45109
45111
45113
45115
45117
45119
45121
45123
45125
45131
45133
45135
45143
45147
45149
45151
45153
45155
45159
45161
45165
45167
45169
45175
45177
45179
45185
45187
45191
45193
45197
45199
45205
45209
45221
45225
45227
45233
45235
45237
45249
45253
45255
45257
45261
45263
45265
45273
45275
45283
45285
45297
45309
45317
45319
45321
45323
45329
45331
45333
45335
45337
45339
45347
45349
45353
45363
45367
45371
45373
45379
45381
45387
45391
45395
45401
45403
45405
45409
45413
45417
45419
45421
45431
45437
45439
45447
45449
45451
45453
45455
45457
45459
45461
45463
45465
45469
45471
45473
45477
45481
45483
45485
45489
45495
45497
45499
45501
45503
45509
45515
45517
45521
45523
45525
45527
45531
45535
45537
45541
45543
45545
45547
45549
45557
45559
45561
45563
45565
45583
45587
45595
45597
45599
45605
45607
45609
45611
45613
45615
45617
45619
45621
45623
45625
45627
45629
45631
45632
45641
45643
45645
45657
45661
45663
45665
45669
45681
45689
45697
45699
45705
45707
45709
45713
45717
45721
45725
45727
45731
45733
45741
45743
45745
45747
45749
45757
45767
45771
45773
45781
45803
45805
45815
45821
45827
45835
45837
45839
45841
45843
45845
45855
45859
45867
45879
45881
45885
45889
45891
45893
45897
45903
45905
45915
45919
45927
45931
45933
45943
45947
45949
45960
45966
45968
45970
45976
45978
45980
45984
45990
45994
45996
45998
46002
46004
46006
46008
46010
46014
46024
46026
46028
46038
46042
46044
46056
46058
46066
46070
46074
46076
46090
46098
46100
46104
46114
46124
46128
46132
46134
46144
46152
46158
46160
46164
46166
46168
46182
46188
46190
46194
46196
46200
46216
46222
46226
46228
46238
46240
46246
46258
46272
46274
46282
46286
46290
46296
46298
46300
46302
46306
46308
46318
46322
46326
46330
46332
46334
46348
46352
46354
46356
46368
46370
46374
46376
46378
46380
46382
46398
46406
46408
46410
46412
46414
46418
46420
46422
46438
46442
46444
46448
46450
46458
46462
46468
46470
46480
46482
46486
46506
46508
46512
46518
46524
46534
46540
46542
46544
46548
46550
46552
46554
46556
46558
46564
46574
46578
46584
46586
46590
46598
46600
46602
46604
46626
46632
46634
46636
46642
46646
46661
46706
46710
46712
46714
46716
46722
46724
46726
46728
46738
46740
46742
46756
46762
46764
46766
46768
46770
46772
46774
46780
46782
46788
46790
46796
46800
46802
46808
46814
46818
46836
46848
46850
46862
46864
46866
46868
46870
46874
46876
46888
46894
46896
46898
46904
46908
46914
46916
46920
46922
46932
46936
46938
46940
46942
46946
46948
46952
46954
46956
46960
46964
46972
46974
46976
46978
46998
47002
47004
47006
47008
47022
47028
47030
47048
47058
47060
47068
47070
47072
47074
47090
47092
47094
47096
47100
47102
47114
47120
47134
47140
47144
47146
47148
47150
47156
47160
47162
47168
47170
47174
47188
47196
47198
47204
47208
47210
47216
47218
47220
47234
47236
47238
47244
47246
47248
47250
47252
47254
47256
47270
47276
47292
47296
47310
47316
47330
47332
47344
47347
47349
47351
47355
47363
47369
47379
47391
47395
47407
47409
47411
47417
47421
47423
47425
47427
47437
47441
47457
47459
47463
47473
47475
47479
47483
47487
47489
47491
47507
47511
47513
47517
47529
47531
47533
47537
47541
47545
47549
47551
47557
47559
47567
47573
47575
47579
47581
47583
47585
47587
47591
47601
47607
47609
47613
47617
47625
47633
47635
47637
47639
47645
47649
47653
47657
47663
47665
47667
47669
47671
47673
47675
47677
47679
47683
47685
47687
47695
47707
47717
47719
47723
47733
47757
47761
47763
47765
47771
47783
47787
47789
47803
47807
47811
47817
47821
47825
47845
47847
47851
47859
47861
47867
47873
47881
47887
47893
47897
47899
47901
47905
47913
47917
47919
47921
47937
47939
47941
47947
47949
47951
47953
47957
47961
47963
47965
47971
47977
47985
47987
47989
47995
48007
48015
48017
48019
48021
48023
48025
48027
48029
48031
48035
48037
48039
48045
48047
48055
48059
48069
48089
48099
48117
48121
48127
48137
48151
48155
48169
48173
48175
48189
48195
48197
48203
48211
48213
48215
48241
48243
48247
48249
48251
48257
48263
48265
48269
48271
48275
48277
48283
48285
48293
48297
48299
48301
48307
48317
48321
48327
48329
48331
48341
48347
48349
48369
48371
48373
48379
48381
48387
48389
48397
48399
48405
48409
48411
48413
48421
48423
48425
48427
48429
48431
48433
48435
48437
48441
48443
48445
48461
48467
48469
48471
48473
48477
48479
48481
48483
48485
48487
48489
48491
48493
48515
48517
48523
48531
48563
48567
48571
48573
48577
48589
48593
48611
48615
48617
48621
48627
48629
48633
48635
48641
48647
48649
48661
48671
48675
48677
48679
48687
48695
48699
48711
48713
48715
48717
48719
48721
48725
48727
48729
48731
48737
48741
48745
48749
48751
48773
48775
48781
48791
48793
48797
48801
48803
48805
48807
48813
48815
48823
48825
48833
48835
48841
48843
48849
48851
48853
48855
48869
48871
48873
48879
48881
48889
48893
48895
48899
48903
48911
48913
48921
48923
48927
48929
48933
48937
48953
48961
48977
49001
49003
49009
49011
49017
49033
49039
49041
49043
49051
49053
49055
49063
49065
49067
49071
49079
49083
49097
49113
49119
49123
49125
49127
49131
49133
49135
49137
49139
49141
49143
49149
49175
49183
49189
49193
49197
49201
49203
49205
49215
49221
49233
49235
49237
49243
49245
49249
49253
49259
49261
49265
49271
49285
49287
49291
49293
49295
49305
49311
49313
49317
49319
49331
49333
49341
49343
49345
49347
49349
49359
49361
49363
49365
49367
49369
49375
49377
49379
49381
49387
49389
49397
49399
49401
49403
49419
49421
49425
49433
49439
49445
49453
49463
49469
49473
49479
49491
49499
49501
49503
49505
49509
49511
49521
49523
49525
49529
49531
49533
49535
49537
49545
49547
49551
49555
49557
49567
49573
49575
49583
49585
49587
49589
49595
49609
49611
49613
49623
49629
49631
49633
49635
49639
49641
49645
49647
49649
49661
49663
49667
49675
49677
49679
49683
49685
49687
49689
49691
49693
49695
49697
49703
49723
49739
49741
49743
49749
49753
49755
49757
49759
49761
49771
49773
49775
49789
49791
49795
49797
49801
49805
49809
49817
49821
49823
49825
49827
49831
49835
49837
49843
49859
49863
49865
49873
49881
49887
49899
49903
49909
49923
49939
49941
49947
49949
49951
49963
49965
49967
49969
49971
49973
49981
49985
49989
49991
49993
49999
50001
50003
50005
50007
50023
50025
50027
50029
50031
50033
50035
50043
50045
50053
50055
50057
50061
50063
50065
50073
50075
50077
50079
50085
50103
50105
50111
50117
50119
50123
50125
50131
50133
50145
50155
50161
50167
50169
50177
50187
50203
50205
50213
50217
50219
50221
50231
50233
50235
50237
50239
50241
50243
50245
50247
50251
50253
50267
50271
50273
50275
50293
50295
50317
50329
50331
50333
50345
50347
50353
50355
50357
50359
50363
50365
50371
50387
50389
50395
50397
50403
50413
50419
50427
50429
50431
50433
50435
50437
50441
50449
50454
50457
50459
50465
50469
50471
50473
50475
50479
50481
50501
50503
50515
50523
50525
50531
50543
50545
50553
50583
50587
50595
50601
50611
50621
50661
50663
50665
50667
50681
50685
50689
50693
50699
50701
50703
50713
50715
50717
50721
50723
50725
50727
50731
50733
50737
50739
50767
50773
50783
50797
50803
50811
50813
50817
50823
50831
50833
50835
50839
50845
50847
50849
50851
50857
50859
50863
50867
50871
50875
50877
50879
50881
50883
50885
50887
50889
50895
50909
50911
50919
50925
50931
50933
50937
50945
50965
50967
50969
50973
50979
50981
50987
50991
50993
50999
51023
51025
51027
51029
51037
51039
51043
51047
51049
51051
51057
51061
51069
51085
51087
51091
51099
51113
51115
51123
51131
51137
51139
51141
51143
51179
51195
51197
51203
51207
51209
51227
51229
51231
51233
51235
51237
51239
51245
51253
51257
51261
51267
51275
51281
51285
51289
51293
51295
51297
51299
51309
51311
51313
51315
51325
51329
51335
51355
51361
51365
51373
51389
51399
51403
51411
51413
51415
51421
51427
51429
51443
51445
51447
51449
51453
51459
51461
51463
51465
51467
51471
51473
51475
51477
51481
51487
51489
51491
51493
51495
51497
51499
51501
51505
51509
51511
51513
51515
51517
51527
51531
51539
51541
51543
51551
51555
51563
51567
51575
51583
51589
51603
51605
51607
51639
51643
51645
51647
51651
51659
51661
51663
51669
51679
51693
51705
51709
51725
51729
51733
51735
51737
51743
51745
51747
51755
51761
51763
51765
51769
51771
51773
51779
51781
51785
51789
51793
51795
51799
51815
51819
51821
51833
51835
51837
51841
51845
51847
51855
51857
51867
51869
51871
51875
51881
51883
51885
51889
51891
51893
51909
51913
51917
51919
51925
51931
51941
51945
51957
51959
51969
51971
51975
51979
51985
51987
52001
52003
52005
52007
52009
52013
52015
52017
52019
52021
52025
52037
52039
52041
52043
52045
52047
52051
52057
52059
52063
52093
52101
52105
52107
52109
52111
52117
52119
52131
52135
52149
52153
52157
52159
52163
52165
52167
52169
52171
52173
52175
52177
52179
52181
52185
52187
52193
52195
52199
52209
52217
52219
52227
52233
52235
52237
52239
52243
52245
52249
52251
52253
52255
52257
52265
52267
52271
52273
52277
52279
52299
52309
52311
52313
52315
52317
52323
52325
52329
52331
52333
52335
52339
52341
52343
52353
52365
52389
52391
52395
52399
52405
52407
52415
52419
52425
52429
52431
52435
52451
52459
52461
52465
52469
52479
52487
52489
52491
52495
52503
52507
52509
52511
52513
52515
52517
52519
52521
52523
52525
52531
52533
52535
52537
52539
52541
52543
52545
52547
52549
52551
52555
52557
52559
52565
52567
52569
52571
52573
52575
52577
52579
52581
52583
52587
52589
52591
52593
52595
52599
52601
52603
52605
52607
52609
52611
52615
52617
52619
52621
52623
52625
52627
52629
52631
52633
52635
52641
52647
52649
52653
52657
52659
52661
52663
52667
52669
52671
52689
52693
52695
52709
52713
52723
52725
52727
52729
52731
52737
52741
52743
52747
52753
52755
52757
52759
52761
52763
52769
52771
52773
52775
52777
52783
52787
52789
52791
52793
52795
52797
52803
52817
52821
52825
52827
52829
52833
52835
52837
52839
52841
52843
52847
52851
52857
52861
52863
52873
52875
52877
52879
52883
52885
52887
52889
52893
52895
52899
52905
52907
52909
52911
52919
52923
52925
52927
52929
52931
52933
52935
52937
52939
52941
52943
52947
52949
52957
52959
52961
52963
52965
52967
52969
52971
52973
52975
52977
52979
52981
52983
52985
52995
52997
52999
53001
53003
53005
53007
53009
53013
53017
53019
53021
53023
53029
53031
53033
53035
53037
53039
53041
53043
53045
53047
53049
53051
53055
53057
53065
53069
53071
53073
53077
53079
53085
53087
53089
53095
53105
53109
53111
53115
53117
53121
53129
53139
53141
53143
53145
53147
53149
53151
53153
53155
53157
53161
53165
53167
53173
53175
53181
53185
53187
53191
53193
53197
53203
53207
53209
53211
53213
53215
53219
53221
53223
53225
53229
53231
53233
53235
53237
53239
53241
53243
53245
53249
53253
53259
53261
53265
53269
53271
53275
53277
53291
53293
53295
53297
53299
53301
53303
53305
53315
53317
53319
53321
53323
53325
53329
53331
53335
53339
53341
53343
53345
53347
53349
53351
53353
53355
53357
53359
53363
53369
53371
53373
53379
53381
53383
53385
53387
53391
53393
53395
53397
53399
53403
53405
53407
53413
53415
53417
53419
53421
53423
53425
53427
53429
53431
53433
53435
53437
53439
53441
53443
53445
53447
53449
53451
53453
53455
53457
53459
53461
53463
53467
53469
53471
53473
53475
53477
53479
53481
53483
53485
53487
53489
53491
53493
53495
53497
53499
53501
53503
53505
53507
53511
53513
53515
53519
53525
53527
53535
53537
53539
53547
53555
53559
53561
53563
53565
53567
53571
53573
53577
53583
53585
53587
53589
53591
53593
53595
53597
53599
53601
53603
53605
53607
53609
53611
53613
53615
53617
53619
53621
53623
53625
53635
53637
53639
53641
53643
53645
53647
53649
53653
53661
53663
53667
53669
53671
53673
53675
53677
53679
53681
53685
53687
53689
53691
53693
53695
53697
53699
53703
53705
53707
53715
53717
53719
53721
53723
53731
53737
53739
53741
53743
53745
53747
53749
53751
53753
53755
53763
53765
53769
53773
53775
53781
53783
53785
53787
53793
53795
53797
53799
53801
53803
53805
53807
53811
53813
53817
53819
53821
53823
53827
53829
53833
53835
53837
53839
53843
53847
53851
53853
53855
53857
53859
53861
53867
53871
53881
53883
53885
53887
53893
53897
53903
53905
53907
53913
53923
53925
53933
53935
53937
53939
53943
53945
53947
53951
53955
53957
53959
53961
53967
53969
53971
53973
53975
53977
53979
53981
53985
53987
53989
53991
53993
53995
53999
54001
54005
54007
54009
54013
54015
54029
54031
54035
54037
54039
54041
54043
54047
54049
54051
54053
54055
54057
54059
54061
54063
54069
54071
54073
54075
54077
54079
54083
54085
54089
54093
54095
54101
54107
54109
54115
54119
54123
54125
54127
54129
54133
54137
54139
54147
54151
54153
54155
54163
54171
54175
54177
54179
54191
54215
54219
54223
54231
54233
54237
54239
54241
54247
54249
54259
54261
54263
54267
54273
54275
54277
54281
54285
54295
54313
54317
54321
54323
54325
54329
54337
54343
54347
54351
54353
54355
54357
54359
54361
54369
54387
54389
54391
54393
54399
54401
54405
54413
54415
54431
54457
54463
54467
54469
54477
54479
54483
54485
54491
54493
54495
54497
54499
54501
54503
54505
54507
54509
54511
54513
54515
54517
54519
54523
54527
54529
54537
54539
54541
54545
54547
54549
54553
54559
54561
54567
54569
54575
54577
54593
54597
54601
54603
54605
54607
54609
54613
54615
54617
54619
54623
54625
54627
54653
54663
54665
54669
54697
54701
54713
54723
54725
54731
54739
54741
54749
54753
54755
54757
54761
54763
54773
54775
54779
54781
54783
54785
54789
54793
54795
54797
54799
54811
54813
54815
54817
54819
54827
54829
54839
54841
54843
54847
54855
54869
54873
54881
54883
54885
54893
54895
54897
54901
54903
54917
54919
54921
54925
54927
54935
54939
54941
54943
54945
54949
54951
54955
54957
54959
54961
54969
54971
54973
54975
54977
54979
54981
54983
54985
54987
54993
54995
55003
55005
55007
55009
55011
55013
55015
55017
55021
55023
55025
55027
55029
55031
55033
55037
55039
55047
55053
55057
55059
55063
55065
55067
55081
55087
55093
55095
55103
55105
55111
55117
55123
55125
55127
55129
55131
55133
55135
55137
55139
55141
55143
55151
55153
55155
55157
55161
55163
55167
55169
55173
55179
55183
55185
55189
55191
55193
55197
55207
55209
55211
55215
55221
55231
55235
55237
55239
55241
55247
55251
55253
55255
55257
55259
55261
55263
55265
55267
55271
55273
55291
55301
55303
55305
55309
55313
55315
55317
55323
55325
55327
55329
55331
55337
55345
55349
55359
55361
55365
55369
55371
55373
55375
55377
55381
55383
55385
55397
55399
55401
55403
55405
55407
55409
55421
55429
55431
55433
55435
55437
55441
55447
55455
55461
55465
55471
55483
55493
55495
55497
55499
55501
55503
55505
55507
55509
55537
55553
55559
55563
55565
55577
55583
55585
55587
55589
55591
55593
55599
55601
55603
55607
55609
55611
55613
55615
55617
55619
55623
55625
55627
55629
55635
55637
55639
55641
55645
55651
55653
55655
55657
55659
55663
55667
55669
55671
55673
55675
55677
55679
55683
55685
55693
55695
55697
55705
55711
55715
55717
55721
55723
55729
55737
55739
55743
55745
55747
55749
55753
55755
55757
55759
55761
55763
55769
55775
55779
55781
55783
55791
55793
55799
55801
55803
55805
55809
55811
55813
55815
55817
55819
55821
55825
55827
55829
55831
55849
55851
55853
55857
55863
55865
55867
55869
55875
55877
55879
55881
55883
55885
55887
55889
55893
55899
55901
55905
55913
55915
55917
55919
55925
55929
55931
55939
55941
55943
55945
55947
55949
55951
55953
55955
55957
55959
55961
55963
55969
55971
55973
55975
55979
55983
55991
56001
56003
56005
56007
56011
56019
56021
56025
56027
56029
56031
56033
56035
56037
56039
56043
56045
56047
56049
56051
56053
56055
56057
56063
56065
56067
56069
56071
56073
56075
56079
56087
56095
56097
56099
56101
56109
56111
56113
56117
56119
56121
56123
56125
56133
56135
56137
56139
56141
56153
56155
56161
56165
56169
56173
56175
56179
56181
56187
56201
56203
56205
56207
56209
56217
56221
56225
56229
56233
56235
56239
56241
56243
56245
56247
56249
56251
56253
56257
56259
56261
56263
56265
56267
56269
56273
56275
56277
56279
56281
56283
56285
56287
56289
56291
56293
56297
56299
56301
56305
56307
56313
56315
56319
56321
56323
56325
56327
56329
56331
56335
56337
56341
56347
56357
56363
56367
56369
56371
56379
56381
56385
56393
56407
56413
56421
56423
56431
56433
56435
56437
56439
56441
56443
56445
56447
56449
56451
56453
56455
56457
56459
56461
56465
56467
56469
56473
56475
56477
56479
56481
56483
56485
56487
56489
56491
56493
56495
56497
56499
56501
56503
56505
56507
56509
56511
56513
56515
56517
56519
56521
56523
56525
56527
56529
56531
56533
56535
56537
56541
56549
56561
56565
56567
56569
56575
56593
56595
56599
56603
56605
56607
56625
56631
56633
56635
56637
56639
56643
56645
56647
56649
56651
56659
56663
56679
56681
56689
56693
56695
56703
56707
56713
56715
56719
56721
56725
56733
56735
56737
56739
56741
56743
56749
56751
56753
56755
56757
56759
56761
56763
56765
56779
56793
56805
56809
56811
56813
56815
56817
56823
56827
56831
56833
56835
56837
56839
56841
56857
56859
56863
56865
56871
56873
56875
56877
56879
56881
56883
56885
56887
56891
56893
56897
56899
56909
56913
56917
56919
56923
56925
56927
56929
56935
56941
56945
56951
56953
56955
56965
56981
56983
56985
56987
56995
56997
57001
57007
57009
57011
57013
57015
57017
57019
57021
57023
57025
57027
57029
57031
57033
57035
57039
57045
57051
57057
57059
57061
57063
57065
57067
57069
57071
57073
57075
57079
57081
57083
57085
57087
57091
57095
57097
57099
57101
57103
57105
57113
57127
57131
57135
57137
57141
57143
57161
57169
57171
57173
57175
57185
57187
57197
57199
57201
57203
57205
57207
57209
57211
57213
57215
57233
57235
57237
57239
57243
57245
57249
57257
57267
57269
57271
57277
57279
57281
57283
57285
57295
57301
57303
57307
57309
57311
57313
57315
57317
57319
57321
57323
57325
57327
57329
57331
57333
57337
57343
57345
57346
57351
57357
57359
57363
57365
57367
57369
57373
57383
57387
57391
57399
57401
57403
57409
57411
57413
57415
57417
57419
57421
57423
57429
57431
57433
57441
57443
57459
57463
57465
57467
57469
57471
57483
57491
57495
57497
57501
57507
57509
57511
57513
57515
57517
57519
57521
57525
57527
57529
57533
57539
57545
57547
57549
57555
57561
57565
57571
57575
57577
57591
57595
57601
57605
57609
57611
57617
57619
57621
57629
57633
57635
57637
57639
57641
57643
57645
57647
57649
57655
57661
57663
57667
57671
57673
57675
57679
57681
57683
57685
57689
57691
57693
57699
57701
57705
57711
57713
57717
57719
57721
57723
57725
57727
57729
57731
57733
57735
57737
57745
57747
57749
57751
57755
57757
57759
57761
57763
57765
57767
57769
57771
57777
57781
57783
57789
57791
57793
57795
57801
57805
57807
57809
57813
57817
57819
57821
57823
57825
57827
57829
57831
57833
57835
57847
57849
57855
57861
57869
57885
57893
57897
57899
57903
57907
57927
57939
57947
57961
57963
57965
57967
57969
57971
57973
57975
57977
57979
57981
57983
57985
57989
57991
57993
57997
58003
58007
58015
58021
58023
58025
58027
58029
58031
58033
58035
58039
58041
58043
58055
58057
58059
58063
58065
58067
58069
58071
58073
58075
58077
58079
58081
58083
58085
58093
58101
58107
58109
58119
58121
58123
58137
58139
58141
58145
58147
58149
58151
58153
58157
58159
58163
58165
58167
58169
58171
58173
58175
58177
58179
58183
58185
58191
58193
58197
58203
58209
58211
58217
58229
58233
58235
58237
58245
58253
58259
58263
58265
58267
58269
58271
58273
58275
58277
58279
58281
58283
58293
58295
58299
58307
58309
58311
58313
58317
58319
58321
58327
58329
58331
58333
58335
58337
58339
58341
58343
58345
58349
58365
58369
58379
58381
58383
58385
58391
58393
58397
58411
58413
58415
58419
58421
58423
58425
58427
58431
58433
58437
58439
58443
58449
58461
58463
58465
58469
58471
58473
58475
58485
58487
58497
58509
58535
58537
58539
58541
58543
58545
58547
58553
58555
58563
58577
58579
58581
58583
58597
58607
58609
58611
58613
58615
58617
58631
58643
58645
58647
58649
58651
58657
58659
58663
58667
58669
58671
58673
58675
58679
58681
58683
58685
58687
58691
58695
58699
58701
58705
58707
58711
58717
58721
58731
58739
58745
58747
58749
58751
58753
58755
58757
58759
58763
58769
58771
58781
58783
58785
58787
58789
58791
58793
58795
58797
58799
58803
58807
58809
58811
58813
58815
58817
58819
58821
58823
58825
58827
58829
58831
58833
58835
58839
58843
58845
58847
58849
58851
58861
58863
58867
58869
58873
58877
58885
58887
58891
58895
58897
58899
58903
58907
58913
58915
58917
58919
58923
58925
58927
58929
58931
58933
58935
58939
58945
58949
58951
58953
58955
58957
58959
58963
58965
58967
58969
58973
58975
58977
58981
58983
58987
58989
58991
58993
58995
58997
58999
59001
59003
59005
59007
59009
59011
59013
59015
59023
59027
59029
59030
59031
59033
59035
59037
59041
59045
59047
59049
59051
59055
59063
59065
59071
59073
59075
59077
59079
59081
59083
59085
59087
59089
59091
59093
59109
59111
59127
59129
59137
59139
59145
59147
59149
59151
59153
59155
59157
59159
59161
59163
59169
59183
59189
59191
59195
59205
59219
59223
59225
59227
59229
59231
59239
59251
59257
59259
59261
59263
59265
59271
59273
59279
59281
59283
59285
59287
59289
59291
59293
59297
59299
59303
59311
59317
59319
59335
59341
59343
59345
59369
59375
59379
59381
59385
59387
59389
59391
59393
59395
59397
59399
59401
59413
59415
59417
59419
59421
59425
59427
59429
59431
59433
59437
59441
59443
59445
59449
59453
59455
59457
59459
59461
59463
59465
59467
59473
59475
59485
59487
59491
59493
59495
59497
59499
59505
59509
59517
59519
59541
59543
59545
59547
59549
59551
59553
59555
59557
59559
59563
59567
59573
59587
59589
59599
59601
59611
59613
59619
59621
59623
59625
59627
59629
59631
59633
59635
59637
59639
59641
59643
59645
59647
59657
59661
59669
59671
59675
59679
59701
59703
59705
59707
59709
59711
59713
59715
59717
59719
59721
59725
59727
59729
59731
59733
59735
59753
59761
59763
59767
59769
59771
59773
59775
59777
59781
59791
59793
59799
59805
59807
59809
59811
59813
59815
59817
59819
59821
59823
59825
59827
59829
59831
59833
59835
59837
59839
59841
59843
59845
59847
59849
59851
59857
59863
59893
59897
59903
59913
59917
59921
59923
59925
59927
59929
59931
59933
59935
59937
59939
59941
59943
59945
59947
59949
59951
59953
59955
59957
59959
59961
59971
59979
59981
59985
59987
59991
59993
60011
60013
60019
60021
60023
60025
60027
60029
60031
60033
60035
60037
60039
60041
60043
60045
60047
60049
60051
60053
60055
60057
60059
60061
60063
60089
60093
60095
60097
60103
60105
60115
60117
60125
60129
60135
60137
60139
60141
60143
60147
60149
60151
60153
60155
60157
60159
60161
60163
60165
60195
60197
60201
60203
60205
60225
60227
60229
60231
60233
60235
60237
60239
60241
60243
60245
60247
60249
60251
60253
60255
60257
60259
60261
60263
60283
60285
60289
60291
60293
60295
60297
60305
60307
60309
60311
60313
60315
60317
60319
60321
60323
60325
60327
60329
60331
60333
60335
60337
60339
60341
60343
60345
60347
60355
60357
60359
60361
60367
60369
60371
60385
60395
60399
60405
60407
60419
60425
60427
60429
60431
60433
60435
60437
60439
60441
60443
60445
60447
60449
60451
60453
60455
60457
60459
60461
60463
60465
60467
60471
60475
60477
60479
60481
60483
60487
60503
60507
60509
60511
60521
60523
60525
60527
60529
60531
60533
60535
60537
60539
60541
60543
60545
60547
60549
60551
60553
60555
60557
60559
60561
60567
60583
60589
60593
60595
60601
60621
60627
60629
60631
60633
60635
60637
60639
60641
60643
60645
60647
60649
60651
60653
60655
60657
60659
60661
60663
60665
60667
60669
60671
60673
60675
60679
60681
60683
60697
60703
60713
60715
60719
60721
60723
60731
60733
60735
60737
60739
60741
60743
60745
60747
60749
60751
60753
60755
60757
60759
60761
60763
60765
60767
60769
60783
60797
60799
60801
60815
60821
60831
60833
60835
60837
60839
60841
60843
60845
60847
60849
60851
60853
60855
60857
60859
60861
60863
60865
60867
60869
60871
60881
60885
60889
60895
60909
60911
60917
60927
60929
60935
60937
60939
60941
60943
60945
60947
60949
60951
60953
60955
60957
60959
60961
60963
60965
60967
60969
60970
60971
60973
60975
60977
60985
60987
60989
60993
60995
60997
61001
61003
61005
61009
61011
61015
61017
61019
61021
61027
61029
61031
61033
61035
61037
61039
61041
61043
61045
61047
61049
61051
61055
61057
61069
61079
61081
61083
61085
61087
61093
61097
61103
61105
61107
61109
61115
61117
61119
61123
61125
61127
61129
61131
61135
61137
61139
61141
61147
61149
61151
61157
61159
61161
61163
61165
61167
61169
61173
61185
61189
61191
61193
61195
61197
61201
61203
61205
61207
61217
61219
61221
61223
61233
61239
61241
61243
61247
61249
61251
61253
61255
61257
61259
61271
61273
61275
61277
61279
61281
61283
61285
61287
61293
61295
61297
61299
61303
61305
61307
61309
61317
61319
61329
61331
61333
61337
61341
61343
61349
61351
61353
61355
61357
61359
61361
61363
61365
61369
61371
61375
61377
61379
61385
61389
61391
61393
61395
61397
61403
61407
61411
61413
61417
61419
61421
61423
61425
61427
61429
61431
61437
61439
61443
61445
61447
61449
61451
61453
61455
61457
61459
61461
61465
61467
61469
61471
61479
61481
61483
61485
61487
61489
61491
61493
61495
61501
61503
61505
61507
61509
61511
61513
61517
61519
61521
61523
61525
61527
61529
61531
61535
61537
61543
61545
61547
61549
61551
61553
61555
61557
61559
61561
61563
61565
61567
61569
61573
61575
61577
61579
61581
61583
61591
61593
61595
61597
61601
61603
61605
61611
61613
61615
61617
61619
61621
61631
61633
61635
61637
61645
61647
61649
61651
61655
61657
61659
61661
61663
61669
61671
61673
61675
61681
61683
61685
61687
61689
61695
61697
61699
61701
61703
61705
61709
61711
61715
61719
61721
61727
61729
61735
61739
61741
61743
61753
61755
61759
61763
61765
61767
61779
61781
61783
61787
61789
61791
61797
61799
61801
61807
61809
61811
61819
61827
61829
61835
61837
61839
61841
61843
61845
61847
61857
61859
61861
61863
61865
61867
61869
61875
61877
61883
61891
61893
61895
61901
61903
61905
61907
61921
61923
61925
61933
61935
61937
61939
61941
61945
61947
61949
61951
61953
61955
61957
61959
61961
61963
61971
61973
61975
61977
61981
61985
61987
61989
61991
61993
61999
62001
62003
62005
62007
62011
62015
62017
62019
62023
62027
62029
62031
62033
62039
62041
62045
62047
62049
62055
62057
62059
62061
62063
62065
62067
62071
62075
62077
62079
62083
62085
62087
62089
62091
62093
62097
62099
62101
62107
62109
62111
62113
62115
62117
62119
62123
62125
62127
62129
62131
62137
62145
62147
62149
62151
62153
62155
62157
62159
62161
62163
62165
62167
62173
62177
62179
62181
62193
62195
62197
62199
62203
62205
62207
62209
62211
62213
62215
62217
62221
62223
62225
62227
62229
62231
62245
62247
62249
62253
62255
62267
62269
62271
62277
62285
62287
62289
62301
62303
62309
62311
62313
62315
62317
62319
62323
62333
62335
62339
62343
62345
62349
62351
62353
62355
62357
62359
62361
62363
62365
62367
62369
62371
62373
62379
62381
62383
62389
62391
62393
62395
62397
62403
62407
62413
62415
62421
62423
62425
62433
62435
62439
62441
62443
62445
62447
62449
62451
62453
62461
62463
62465
62477
62479
62481
62483
62485
62487
62489
62491
62493
62495
62497
62505
62507
62509
62511
62513
62515
62517
62519
62521
62523
62529
62543
62545
62547
62549
62551
62553
62555
62557
62559
62563
62565
62567
62569
62573
62575
62577
62579
62581
62583
62585
62587
62589
62591
62593
62595
62597
62599
62601
62603
62607
62609
62611
62619
62621
62623
62625
62633
62637
62639
62647
62649
62651
62653
62655
62657
62659
62661
62663
62667
62669
62671
62673
62677
62679
62681
62683
62685
62687
62697
62699
62703
62705
62707
62709
62711
62713
62715
62719
62721
62723
62725
62727
62729
62731
62733
62735
62737
62739
62743
62745
62747
62749
62753
62755
62757
62759
62769
62771
62779
62781
62787
62789
62791
62793
62795
62797
62799
62811
62813
62817
62827
62829
62833
62835
62837
62839
62841
62843
62845
62847
62855
62857
62859
62861
62863
62865
62867
62869
62873
62877
62879
62883
62885
62887
62889
62895
62897
62903
62905
62907
62909
62911
62913
62915
62919
62921
62933
62937
62939
62941
62945
62951
62953
62957
62961
62963
62967
62971
62973
62975
62981
62985
62987
62989
62991
62995
62997
62999
63001
63005
63007
63009
63011
63013
63017
63019
63025
63027
63029
63031
63033
63043
63045
63047
63049
63053
63055
63057
63059
63061
63063
63065
63067
63069
63071
63073
63075
63077
63079
63081
63083
63087
63089
63093
63095
63097
63099
63101
63105
63109
63111
63121
63123
63125
63133
63135
63139
63141
63143
63145
63147
63149
63151
63157
63161
63165
63167
63169
63173
63175
63181
63183
63185
63189
63193
63195
63197
63199
63203
63205
63207
63209
63211
63213
63215
63217
63219
63221
63223
63225
63227
63229
63231
63233
63235
63237
63239
63241
63245
63247
63249
63251
63253
63257
63259
63261
63263
63265
63269
63271
63273
63275
63277
63279
63281
63285
63287
63289
63291
63293
63295
63297
63299
63307
63309
63311
63313
63315
63317
63319
63321
63325
63327
63329
63331
63333
63341
63343
63345
63347
63349
63351
63353
63355
63361
63363
63365
63367
63369
63371
63375
63377
63379
63381
63385
63387
63389
63391
63393
63395
63397
63399
63401
63403
63405
63407
63409
63411
63413
63415
63417
63419
63421
63425
63427
63431
63435
63437
63441
63443
63451
63453
63455
63457
63459
63465
63473
63475
63483
63489
63493
63495
63497
63499
63501
63503
63509
63513
63515
63517
63525
63527
63529
63531
63533
63535
63537
63539
63541
63543
63545
63547
63549
63551
63553
63555
63557
63561
63565
63567
63569
63577
63579
63583
63585
63587
63589
63591
63593
63599
63601
63605
63607
63609
63613
63621
63623
63633
63635
63639
63641
63643
63645
63647
63649
63651
63657
63659
63665
63667
63673
63689
63691
63693
63701
63703
63705
63709
63711
63713
63715
63717
63719
63725
63727
63729
63731
63733
63735
63737
63739
63741
63743
63745
63747
63751
63753
63759
63761
63763
63765
63767
63769
63773
63775
63777
63779
63781
63783
63787
63789
63791
63793
63795
63797
63799
63805
63807
63809
63811
63813
63815
63817
63819
63821
63823
63825
63827
63829
63831
63833
63835
63837
63839
63843
63845
63847
63849
63851
63853
63855
63857
63865
63867
63875
63877
63879
63881
63883
63885
63889
63891
63893
63897
63901
63903
63905
63907
63909
63913
63915
63917
63919
63925
63927
63941
63943
63945
63947
63949
63951
63953
63959
63961
63963
63965
63967
63969
63971
63973
63975
63977
63979
63981
63985
63987
63991
63993
63995
63997
63999
64001
64003
64009
64011
64013
64015
64017
64021
64023
64027
64029
64031
64033
64035
64037
64047
64049
64051
64053
64055
64057
64061
64063
64067
64069
64071
64073
64081
64083
64087
64091
64095
64097
64099
64101
64103
64105
64107
64111
64113
64115
64117
64119
64123
64125
64127
64129
64131
64145
64147
64149
64151
64153
64157
64161
64163
64171
64173
64175
64177
64197
64201
64203
64211
64213
64215
64217
64219
64223
64225
64233
64235
64237
64239
64259
64261
64269
64271
64281
64283
64285
64287
64289
64291
64293
64295
64303
64305
64307
64319
64321
64323
64324
64325
64329
64331
64333
64341
64343
64345
64355
64357
64359
64361
64363
64365
64367
64369
64371
64373
64375
64377
64379
64381
64389
64391
64395
64397
64399
64401
64405
64407
64409
64415
64417
64419
64423
64425
64429
64431
64435
64437
64439
64441
64443
64449
64451
64453
64457
64459
64463
64465
64467
64469
64471
64477
64481
64485
64487
64493
64497
64503
64505
64507
64513
64515
64517
64519
64525
64529
64531
64535
64537
64541
64543
64547
64549
64553
64555
64557
64559
64561
64563
64565
64571
64575
64579
64581
64583
64589
64595
64597
64603
64605
64607
64611
64613
64629
64631
64633
64647
64649
64651
64659
64661
64663
64665
64667
64669
64671
64675
64677
64679
64681
64689
64691
64693
64695
64699
64703
64705
64707
64709
64711
64719
64721
64723
64731
64733
64735
64737
64741
64743
64745
64747
64755
64757
64761
64763
64769
64771
64773
64783
64785
64797
64799
64803
64805
64809
64813
64815
64819
64821
64823
64831
64833
64841
64845
64847
64849
64875
64881
64883
64885
64887
64893
64895
64899
64901
64903
64905
64907
64911
64913
64915
64917
64919
64921
64925
64927
64929
64931
64933
64939
64941
64947
64949
64951
64953
64959
64961
64963
64969
64971
64977
64979
64981
64989
64995
64997
65009
65011
65017
65019
65021
65023
65035
65037
65039
65043
65045
65047
65049
65051
65061
65063
65077
65079
65081
65085
65089
65091
65093
65095
65097
65099
65101
65103
65105
65111
65113
65117
65119
65121
65129
65133
65135
65139
65141
65143
65151
65153
65155
65157
65159
65163
65165
65167
65169
65171
65173
65177
65179
65183
65185
65187
65215
65217
65219
65221
65227
65229
65233
65235
65247
65249
65251
65253
65255
65259
65261
65265
65267
65269
65281
65283
65287
65289
65291
65299
65301
65305
65307
65311
65313
65315
65317
65319
65323
65325
65329
65333
65341
65343
65345
65347
65349
65351
65353
65355
65357
65359
65361
65363
65365
65369
65371
65373
65375
65377
65379
65381
65383
65387
65389
65391
65393
65395
65397
65401
65403
65405
65407
65409
65411
65413
65415
65417
65419
65421
65423
65425
65429
65433
65435
65441
65445
65449
65451
65453
65455
65457
65461
65467
65469
65471
65473
65477
65483
65485
65489
65497
65499
65503
65505
65513
65515
65521
65523
65525
65533
65535
65543
65547
65549
65553
65559
65561
65565
65569
65573
65581
65583
65585
65587
65589
65591
65599
65601
65605
65607
65621
65625
65627
65631
65633
65635
65637
65639
65641
65643
65645
65647
65649
65651
65653
65657
65659
65661
65663
65665
65667
65669
65671
65673
65675
65677
65681
65683
65685
65691
65693
65697
65699
65701
65705
65709
65715
65717
65719
65721
65723
65725
65731
65733
65735
65737
65739
65741
65743
65755
65763
65765
65767
65769
65773
65781
65783
65785
65787
65793
65795
65801
65803
65807
65809
65811
65813
65815
65817
65819
65823
65825
65827
65829
65831
65833
65835
65837
65839
65843
65845
65853
65855
65861
65863
65869
65873
65875
65877
65879
65883
65891
65893
65897
65899
65909
65911
65913
65915
65923
65925
65927
65935
65955
65957
65959
65969
65971
65973
65979
65981
65983
65987
65989
65993
65995
66001
66003
66005
66007
66015
66017
66021
66023
66025
66027
66029
66037
66039
66041
66043
66045
66047
66053
66055
66057
66061
66063
66067
66069
66071
66073
66075
66077
66081
66083
66085
66109
66113
66117
66119
66123
66125
66131
66133
66135
66137
66139
66141
66149
66157
66159
66161
66163
66169
66177
66179
66181
66185
66187
66189
66191
66193
66205
66207
66209
66215
66217
66219
66221
66223
66227
66229
66231
66233
66237
66239
66241
66243
66247
66249
66253
66257
66259
66261
66263
66265
66269
66271
66273
66275
66285
66287
66289
66293
66295
66299
66303
66305
66311
66313
66315
66317
66319
66321
66323
66333
66337
66339
66341
66343
66345
66347
66349
66351
66357
66359
66361
66367
66369
66371
66373
66375
66389
66393
66395
66405
66407
66413
66421
66423
66425
66427
66433
66435
66437
66439
66441
66445
66451
66453
66455
66463
66465
66469
66475
66485
66487
66489
66493
66495
66497
66499
66505
66507
66509
66511
66513
66517
66519
66523
66525
66527
66531
66533
66535
66537
66541
66543
66551
66553
66555
66557
66559
66561
66563
66565
66571
66581
66583
66585
66587
66589
66593
66595
66597
66599
66601
66607
66609
66611
66613
66615
66617
66621
66625
66627
66629
66631
66639
66645
66649
66651
66657
66659
66661
66663
66667
66673
66675
66677
66679
66681
66683
66685
66687
66689
66695
66701
66707
66709
66713
66715
66717
66719
66721
66723
66725
66729
66731
66735
66739
66741
66747
66749
66751
66753
66755
66761
66767
66771
66773
66775
66777
66781
66785
66799
66801
66809
66811
66813
66815
66817
66823
66825
66829
66831
66839
66853
66855
66859
66863
66865
66867
66873
66875
66877
66879
66881
66883
66885
66887
66891
66893
66895
66897
66901
66909
66915
66917
66919
66921
66927
66929
66931
66933
66935
66937
66939
66941
66943
66945
66947
66953
66955
66957
66959
66961
66971
66975
66979
66985
66987
66989
66991
66999
67001
67003
67005
67007
67009
67011
67013
67015
67017
67019
67021
67031
67035
67039
67041
67043
67047
67055
67057
67059
67065
67067
67069
67075
67077
67081
67085
67087
67089
67093
67095
67097
67099
67101
67103
67107
67113
67117
67121
67123
67125
67127
67129
67131
67133
67135
67139
67141
67143
67155
67157
67159
67161
67163
67165
67169
67173
67175
67177
67181
67183
67185
67187
67189
67193
67195
67197
67199
67201
67203
67205
67207
67209
67211
67215
67217
67223
67227
67231
67233
67235
67237
67241
67243
67247
67249
67251
67255
67257
67259
67261
67263
67265
67269
67271
67273
67275
67279
67287
67289
67293
67295
67297
67299
67301
67303
67309
67315
67327
67329
67333
67335
67337
67341
67343
67345
67349
67351
67353
67355
67357
67359
67363
67365
67369
67371
67373
67379
67381
67383
67385
67389
67395
67397
67399
67401
67405
67413
67415
67417
67421
67425
67427
67429
67431
67433
67445
67447
67453
67459
67463
67465
67467
67469
67471
67473
67475
67477
67479
67481
67483
67489
67491
67493
67495
67497
67501
67503
67505
67507
67509
67515
67519
67521
67523
67525
67529
67531
67533
67537
67541
67543
67545
67547
67551
67553
67555
67557
67559
67561
67563
67565
67569
67575
67577
67581
67583
67593
67595
67597
67601
67615
67617
67627
67629
67631
67633
67635
67637
67639
67641
67643
67645
67651
67653
67655
67659
67661
67663
67665
67671
67673
67677
67679
67681
67685
67691
67693
67695
67699
67705
67707
67709
67711
67713
67715
67717
67721
67725
67727
67729
67737
67739
67741
67743
67745
67747
67749
67751
67753
67755
67757
67759
67765
67767
67775
67777
67785
67787
67789
67791
67793
67795
67797
67805
67807
67813
67817
67819
67821
67825
67827
67829
67831
67837
67843
67845
67847
67853
67855
67857
67859
67861
67863
67865
67867
67869
67871
67873
67877
67879
67885
67887
67889
67891
67893
67897
67899
67903
67913
67915
67917
67919
67921
67923
67925
67931
67939
67941
67943
67945
67947
67949
67951
67959
67975
67977
67979
67981
67983
67987
67989
67991
67993
67995
68005
68007
68009
68011
68013
68015
68017
68019
68021
68023
68025
68031
68033
68035
68037
68043
68049
68053
68057
68059
68063
68065
68067
68069
68073
68075
68077
68081
68083
68085
68087
68089
68093
68095
68097
68099
68101
68103
68109
68111
68115
68117
68119
68121
68123
68125
68129
68131
68135
68147
68149
68151
68161
68163
68165
68173
68175
68177
68183
68191
68193
68195
68197
68201
68203
68211
68217
68219
68221
68225
68227
68231
68237
68241
68243
68249
68251
68255
68261
68263
68265
68269
68273
68277
68279
68289
68293
68297
68301
68307
68309
68311
68313
68315
68317
68319
68321
68323
68325
68327
68329
68331
68335
68337
68341
68343
68347
68349
68351
68361
68363
68375
68379
68405
68407
68409
68411
68413
68415
68417
68419
68421
68431
68433
68437
68445
68461
68463
68465
68467
68469
68471
68473
68475
68479
68481
68483
68485
68487
68489
68491
68493
68495
68497
68499
68501
68505
68517
68519
68521
68523
68527
68537
68543
68545
68547
68565
68567
68569
68571
68573
68575
68577
68579
68583
68587
68589
68595
68601
68605
68607
68609
68613
68617
68619
68621
68625
68637
68641
68643
68649
68653
68661
68665
68669
68673
68675
68685
68687
68689
68691
68695
68697
68699
68701
68703
68705
68707
68709
68711
68713
68715
68717
68719
68721
68723
68725
68727
68729
68731
68739
68747
68749
68757
68759
68761
68767
68769
68771
68773
68775
68779
68781
68783
68785
68787
68789
68795
68797
68803
68805
68807
68813
68815
68817
68819
68821
68825
68827
68829
68831
68833
68835
68845
68851
68853
68859
68861
68863
68865
68867
68871
68873
68875
68881
68883
68887
68889
68891
68893
68897
68899
68913
68915
68917
68923
68925
68927
68929
68937
68945
68947
68949
68951
68953
68955
68959
68963
68971
68975
68977
68979
68981
68983
68985
68987
68989
68991
68999
69001
69003
69005
69007
69009
69015
69017
69019
69027
69029
69031
69033
69035
69043
69045
69047
69049
69053
69055
69059
69061
69063
69065
69073
69077
69079
69081
69083
69089
69091
69093
69095
69097
69101
69103
69105
69111
69121
69123
69125
69127
69129
69133
69141
69143
69151
69157
69163
69165
69167
69169
69171
69199
69201
69203
69207
69209
69211
69217
69219
69225
69229
69233
69235
69237
69241
69243
69265
69267
69269
69271
69273
69275
69277
69281
69285
69293
69297
69303
69305
69307
69309
69313
69317
69319
69325
69333
69337
69339
69341
69343
69345
69349
69351
69357
69361
69363
69365
69367
69371
69375
69377
69379
69387
69389
69393
69399
69403
69407
69409
69413
69415
69417
69419
69423
69425
69427
69429
69431
69433
69439
69441
69447
69457
69465
69467
69477
69483
69485
69495
69499
69501
69503
69505
69507
69509
69511
69513
69519
69521
69527
69531
69533
69539
69549
69551
69557
69559
69561
69569
69575
69577
69579
69583
69585
69587
69591
69593
69611
69615
69617
69621
69627
69631
69633
69637
69641
69643
69645
69647
69657
69661
69663
69665
69667
69669
69675
69677
69679
69681
69683
69685
69687
69689
69691
69693
69697
69699
69701
69703
69705
69707
69709
69711
69715
69717
69719
69721
69723
69725
69733
69737
69739
69743
69745
69747
69753
69757
69759
69765
69767
69771
69773
69775
69779
69783
69785
69787
69789
69797
69799
69801
69807
69809
69811
69823
69825
69827
69829
69833
69835
69837
69839
69841
69843
69845
69847
69863
69867
69871
69873
69875
69877
69879
69889
69891
69893
69899
69903
69905
69909
69915
69919
69923
69925
69927
69931
69937
69939
69941
69943
69947
69955
69957
69959
69963
69969
69971
69977
69981
69983
69985
69989
69995
70001
70003
70005
70007
70009
70015
70017
70021
70023
70027
70031
70035
70039
70047
70049
70051
70053
70055
70059
70061
70071
70073
70079
70083
70091
70095
70099
70101
70107
70111
70117
70121
70123
70127
70129
70133
70135
70137
70139
70141
70143
70145
70147
70149
70151
70153
70159
70167
70175
70177
70179
70185
70189
70191
70193
70195
70199
70201
70203
70211
70213
70215
70219
70221
70223
70225
70227
70229
70231
70233
70235
70237
70239
70245
70247
70251
70259
70261
70263
70265
70267
70273
70275
70277
70279
70283
70285
70287
70291
70293
70297
70305
70307
70311
70315
70319
70321
70323
70325
70327
70329
70331
70333
70335
70337
70343
70345
70349
70351
70353
70355
70359
70363
70371
70391
70393
70399
70401
70403
70405
70407
70409
70413
70419
70421
70423
70425
70431
70433
70435
70439
70441
70443
70445
70447
70453
70457
70463
70465
70467
70469
70473
70479
70481
70485
70491
70497
70501
70503
70505
70507
70509
70515
70517
70521
70523
70525
70527
70531
70533
70535
70537
70541
70543
70545
70547
70549
70551
70555
70557
70563
70565
70567
70569
70575
70577
70579
70581
70585
70587
70589
70595
70597
70599
70601
70603
70607
70611
70613
70615
70621
70623
70625
70631
70635
70637
70639
70641
70643
70645
70651
70657
70659
70661
70663
70665
70667
70677
70679
70683
70685
70687
70689
70691
70697
70701
70703
70705
70707
70709
70715
70717
70721
70723
70729
70731
70733
70735
70737
70739
70741
70743
70745
70747
70749
70751
70753
70759
70775
70777
70779
70781
70783
70785
70787
70789
70791
70793
70795
70797
70801
70803
70805
70807
70811
70813
70825
70827
70829
70831
70835
70837
70839
70841
70843
70845
70847
70849
70851
70853
70855
70857
70859
70861
70863
70865
70867
70869
70871
70873
70877
70879
70885
70887
70897
70899
70901
70903
70907
70909
70911
70913
70915
70917
70919
70921
70925
70929
70931
70933
70935
70937
70939
70941
70943
70959
70961
70963
70977
70979
70981
70983
70985
70987
70991
70997
71003
71005
71007
71009
71011
71013
71017
71021
71023
71025
71027
71029
71031
71047
71049
71051
71053
71055
71059
71063
71073
71075
71077
71079
71087
71089
71093
71099
71101
71105
71107
71115
71117
71119
71121
71123
71127
71129
71131
71135
71137
71139
71141
71143
71145
71147
71149
71163
71167
71171
71173
71175
71177
71179
71181
71185
71205
71211
71215
71217
71221
71227
71233
71237
71239
71241
71243
71245
71247
71249
71251
71253
71255
71257
71259
71261
71263
71269
71273
71279
71281
71283
71285
71295
71297
71301
71303
71305
71307
71309
71313
71315
71317
71323
71325
71327
71329
71333
71335
71337
71341
71343
71345
71347
71351
71353
71361
71363
71371
71373
71375
71385
71389
71391
71393
71395
71397
71399
71401
71403
71405
71407
71409
71411
71413
71415
71417
71419
71421
71423
71425
71427
71433
71437
71441
71445
71449
71451
71453
71463
71467
71473
71475
71477
71479
71481
71483
71493
71499
71503
71505
71507
71515
71517
71519
71521
71523
71531
71533
71537
71543
71545
71547
71549
71551
71553
71555
71561
71563
71569
71571
71573
71575
71579
71581
71585
71589
71591
71593
71595
71599
71601
71605
71619
71637
71641
71645
71659
71661
71669
71675
71681
71685
71687
71689
71691
71693
71695
71697
71699
71701
71703
71705
71707
71709
71713
71715
71717
71719
71723
71725
71727
71729
71731
71733
71737
71739
71741
71743
71745
71747
71749
71751
71753
71757
71765
71769
71771
71773
71777
71779
71781
71783
71785
71787
71789
71793
71799
71805
71807
71809
71813
71817
71819
71821
71823
71825
71829
71839
71843
71845
71847
71849
71861
71865
71867
71869
71871
71873
71875
71879
71881
71883
71893
71897
71901
71903
71907
71911
71917
71919
71921
71923
71925
71927
71929
71931
71937
71939
71941
71943
71947
71949
71951
71953
71955
71957
71959
71961
71963
71969
71973
71975
71977
71979
71981
71983
71997
72007
72019
72023
72025
72027
72029
72031
72033
72035
72037
72039
72041
72043
72045
72047
72051
72053
72055
72063
72065
72067
72069
72071
72073
72081
72093
72099
72101
72107
72109
72111
72113
72115
72117
72119
72121
72123
72125
72135
72137
72141
72145
72147
72153
72159
72161
72167
72169
72171
72173
72175
72177
72179
72181
72183
72185
72187
72189
72191
72193
72195
72197
72199
72205
72227
72233
72241
72251
72257
72261
72263
72267
72269
72271
72273
72275
72299
72301
72303
72311
72313
72315
72323
72325
72327
72329
72331
72333
72335
72337
72339
72341
72343
72345
72347
72349
72351
72353
72355
72357
72361
72363
72365
72373
72377
72379
72381
72383
72385
72389
72391
72395
72397
72399
72401
72403
72407
72409
72411
72413
72415
72417
72419
72425
72429
72431
72439
72443
72445
72451
72453
72461
72463
72465
72467
72473
72475
72477
72479
72481
72483
72485
72487
72489
72491
72493
72495
72497
72499
72501
72503
72505
72509
72511
72513
72515
72523
72529
72531
72535
72539
72547
72549
72555
72557
72571
72581
72583
72591
72595
72603
72611
72613
72617
72619
72621
72623
72625
72627
72629
72631
72641
72645
72651
72653
72655
72657
72659
72661
72663
72665
72667
72669
72671
72673
72675
72677
72679
72681
72683
72685
72689
72691
72693
72695
72697
72703
72705
72709
72711
72713
72715
72717
72719
72735
72737
72739
72741
72743
72745
72747
72749
72751
72753
72755
72757
72759
72761
72763
72765
72767
72769
72771
72773
72775
72777
72779
72783
72785
72787
72789
72803
72805
72807
72809
72811
72813
72815
72817
72819
72821
72823
72825
72827
72829
72833
72839
72841
72843
72845
72855
72857
72859
72869
72879
72883
72887
72893
72897
72899
72903
72905
72907
72911
72913
72915
72917
72919
72921
72923
72925
72927
72929
72931
72933
72935
72937
72939
72941
72943
72945
72947
72949
72951
72955
72971
72979
72983
72985
72989
72995
72997
72999
73001
73009
73011
73013
73015
73017
73019
73021
73023
73025
73027
73031
73033
73035
73037
73039
73041
73043
73045
73047
73049
73053
73061
73063
73065
73067
73069
73071
73073
73075
73077
73079
73081
73083
73085
73087
73089
73091
73093
73107
73115
73123
73139
73141
73145
73157
73159
73167
73169
73171
73173
73175
73177
73179
73181
73195
73197
73203
73205
73207
73209
73211
73213
73215
73225
73227
73231
73233
73235
73237
73241
73243
73245
73247
73249
73251
73253
73255
73257
73261
73263
73265
73267
73269
73271
73273
73275
73277
73279
73283
73289
73295
73303
73305
73307
73311
73313
73315
73317
73319
73321
73323
73325
73327
73329
73331
73333
73335
73337
73339
73341
73343
73345
73347
73349
73353
73355
73363
73373
73375
73379
73381
73383
73385
73387
73397
73401
73405
73407
73409
73413
73415
73423
73425
73427
73429
73431
73433
73435
73439
73441
73451
73453
73455
73457
73469
73471
73473
73475
73477
73479
73481
73483
73485
73487
73489
73491
73493
73495
73497
73499
73501
73503
73511
73519
73523
73525
73531
73539
73543
73545
73551
73555
73561
73569
73571
73573
73575
73589
73601
73603
73621
73623
73625
73627
73631
73633
73635
73637
73639
73649
73651
73653
73655
73657
73659
73661
73663
73665
73667
73669
73671
73673
73675
73677
73679
73681
73683
73689
73695
73701
73703
73705
73711
73717
73721
73727
73729
73731
73741
73743
73747
73749
73751
73757
73759
73765
73767
73769
73771
73773
73775
73777
73779
73781
73785
73787
73795
73797
73799
73801
73803
73805
73807
73809
73811
73813
73815
73817
73819
73821
73823
73825
73827
73829
73831
73835
73843
73845
73847
73849
73855
73865
73871
73901
73903
73909
73911
73915
73919
73923
73927
73929
73939
73941
73943
73947
73951
73953
73955
73957
73959
73961
73963
73965
73967
73969
73971
73973
73975
73977
73979
73981
73983
73985
73991
73993
73995
73997
73999
74007
74011
74015
74017
74029
74033
74035
74041
74043
74045
74049
74053
74055
74057
74059
74071
74083
74095
74097
74099
74101
74103
74105
74107
74109
74111
74113
74115
74117
74119
74121
74123
74125
74127
74129
74133
74135
74139
74141
74143
74147
74149
74157
74159
74161
74163
74167
74171
74173
74179
74181
74187
74189
74191
74193
74201
74203
74205
74207
74209
74211
74213
74215
74217
74219
74223
74225
74227
74229
74233
74235
74239
74241
74243
74245
74247
74249
74253
74255
74261
74263
74265
74267
74273
74275
74281
74283
74285
74287
74291
74293
74295
74297
74305
74307
74309
74315
74317
74319
74321
74325
74327
74329
74331
74335
74337
74339
74341
74343
74345
74347
74349
74353
74355
74357
74359
74361
74363
74365
74367
74369
74371
74375
74377
74379
74381
74383
74385
74387
74397
74399
74401
74403
74405
74407
74409
74411
74413
74415
74417
74419
74421
74427
74429
74431
74433
74437
74439
74443
74445
74447
74449
74455
74509
74513
74515
74517
74519
74521
74523
74525
74527
74529
74531
74533
74535
74539
74541
74543
74547
74549
74553
74559
74561
74563
74565
74567
74571
74573
74583
74585
74587
74589
74591
74593
74595
74599
74601
74603
74605
74609
74611
74613
74615
74617
74627
74629
74631
74635
74637
74639
74641
74643
74645
74653
74655
74659
74661
74663
74665
74667
74669
74673
74675
74677
74679
74683
74685
74689
74691
74695
74697
74701
74703
74705
74715
74717
74719
74723
74725
74727
74729
74733
74739
74741
74743
74745
74747
74749
74751
74753
74755
74757
74761
74763
74765
74771
74773
74775
74777
74779
74781
74789
74791
74797
74799
74801
74803
74805
74807
74809
74815
74817
74819
74821
74827
74829
74831
74835
74837
74839
74847
74851
74853
74857
74859
74863
74867
74869
74871
74875
74877
74883
74887
74891
74893
74895
74901
74903
74911
74913
74915
74921
74923
74925
74933
74935
74937
74939
74941
74943
74945
74949
74951
74953
74955
74961
74967
74975
74977
74983
74985
74987
74989
74991
74993
74995
74997
74999
75001
75007
75009
75011
75013
75015
75017
75019
75021
75023
75025
75027
75029
75031
75033
75037
75043
75045
75049
75051
75053
75055
75059
75061
75063
75065
75067
75071
75073
75075
75079
75083
75085
75089
75091
75093
75095
75099
75101
75103
75107
75109
75111
75119
75121
75125
75129
75131
75133
75135
75137
75139
75141
75143
75151
75153
75155
75157
75159
75163
75165
75167
75171
75179
75181
75183
75189
75203
75209
75211
75213
75215
75217
75223
75225
75227
75231
75233
75235
75239
75241
75243
75245
75247
75249
75251
75253
75257
75259
75261
75263
75265
75267
75269
75271
75277
75279
75283
75285
75287
75289
75291
75303
75305
75307
75315
75317
75319
75321
75323
75325
75327
75331
75333
75335
75337
75339
75341
75345
75347
75359
75367
75369
75371
75375
75377
75379
75383
75385
75389
75393
75395
75399
75401
75403
75405
75407
75409
75411
75413
75419
75421
75423
75441
75443
75453
75455
75457
75459
75465
75467
75469
75471
75473
75481
75483
75485
75487
75489
75493
75495
75497
75501
75503
75505
75511
75521
75525
75527
75529
75535
75537
75539
75545
75547
75549
75551
75553
75555
75561
75571
75587
75593
75595
75597
75615
75617
75619
75621
75623
75625
75627
75629
75631
75633
75635
75637
75643
75645
75649
75651
75653
75655
75661
75663
75671
75673
75675
75677
75683
75687
75691
75693
75695
75697
75699
75703
75705
75707
75709
75719
75723
75725
75733
75735
75737
75739
75743
75745
75747
75749
75753
75755
75759
75761
75763
75765
75767
75771
75777
75779
75781
75783
75785
75787
75789
75801
75803
75805
75807
75809
75811
75813
75815
75817
75827
75829
75831
75833
75835
75837
75841
75847
75849
75851
75853
75855
75857
75859
75861
75865
75867
75869
75877
75883
75885
75887
75891
75893
75895
75899
75903
75909
75917
75919
75921
75923
75925
75927
75929
75931
75933
75935
75937
75939
75941
75945
75947
75949
75951
75953
75955
75957
75961
75963
75965
75967
75975
75977
75979
75981
75989
75991
75993
75995
75997
75999
76005
76007
76009
76011
76015
76017
76019
76021
76023
76027
76029
76031
76033
76035
76037
76039
76043
76051
76053
76055
76057
76059
76061
76069
76071
76073
76075
76077
76083
76085
76087
76089
76091
76093
76095
76101
76105
76107
76109
76111
76113
76115
76117
76119
76127
76129
76137
76139
76141
76143
76151
76153
76155
76157
76161
76163
76165
76173
76175
76179
76181
76183
76185
76187
76189
76191
76193
76195
76199
76201
76203
76205
76207
76209
76211
76213
76215
76217
76219
76221
76225
76227
76229
76231
76233
76235
76237
76239
76241
76243
76245
76247
76249
76251
76253
76255
76257
76259
76261
76263
76265
76267
76269
76271
76273
76275
76277
76279
76281
76289
76291
76293
76295
76297
76299
76303
76307
76309
76311
76313
76315
76319
76321
76335
76337
76341
76343
76347
76349
76351
76355
76357
76359
76363
76365
76367
76369
76371
76375
76383
76387
76389
76391
76393
76397
76399
76401
76403
76405
76407
76409
76417
76419
76421
76425
76427
76429
76437
76439
76441
76443
76445
76447
76449
76453
76457
76463
76467
76469
76471
76475
76477
76479
76483
76487
76489
76491
76493
76495
76497
76499
76501
76503
76505
76507
76511
76513
76515
76517
76527
76531
76533
76535
76541
76543
76545
76555
76557
76559
76561
76563
76565
76567
76569
76571
76573
76579
76581
76583
76587
76591
76593
76597
76599
76601
76603
76605
76607
76621
76623
76625
76627
76629
76631
76633
76641
76643
76645
76647
76649
76651
76653
76655
76657
76669
76671
76673
76675
76679
76685
76687
76689
76695
76697
76699
76717
76723
76725
76727
76737
76739
76743
76745
76749
76751
76755
76757
76759
76773
76775
76777
76779
76781
76783
76787
76789
76795
76797
76799
76801
76803
76811
76813
76821
76825
76827
76829
76831
76835
76837
76839
76841
76843
76849
76853
76855
76857
76861
76863
76867
76873
76895
76897
76901
76903
76905
76907
76909
76911
76915
76917
76919
76921
76925
76927
76929
76931
76935
76937
76941
76945
76947
76949
76951
76953
76957
76959
76961
76963
76965
76969
76971
76973
76975
76977
76979
76983
76985
76987
76991
76993
76995
76999
77001
77005
77007
77011
77015
77017
77021
77023
77025
77027
77029
77031
77033
77035
77037
77039
77043
77047
77051
77055
77057
77063
77065
77067
77069
77071
77073
77079
77081
77085
77087
77089
77091
77093
77097
77099
77101
77103
77105
77107
77109
77111
77115
77117
77119
77121
77123
77125
77127
77131
77133
77135
77143
77145
77147
77149
77159
77161
77163
77169
77171
77173
77181
77183
77185
77187
77189
77191
77193
77195
77197
77199
77201
77203
77205
77207
77209
77211
77213
77217
77221
77233
77237
77239
77241
77247
77249
77251
77253
77255
77257
77259
77261
77265
77273
77289
77295
77299
77301
77309
77311
77313
77319
77323
77327
77329
77331
77333
77335
77337
77339
77347
77349
77351
77353
77355
77359
77365
77375
77377
77379
77381
77383
77385
77387
77389
77391
77393
77395
77397
77399
77401
77403
77405
77407
77409
77411
77415
77417
77419
77427
77435
77437
77443
77445
77449
77451
77453
77455
77457
77459
77461
77463
77465
77467
77469
77489
77493
77495
77497
77499
77501
77503
77505
77507
77509
77523
77541
77553
77557
77559
77561
77563
77569
77571
77573
77575
77577
77579
77581
77583
77591
77593
77595
77597
77599
77601
77603
77605
77609
77611
77617
77621
77623
77625
77627
77635
77637
77639
77641
77643
77659
77661
77663
77665
77667
77669
77673
77675
77677
77703
77705
77707
77709
77711
77713
77715
77717
77719
77721
77723
77727
77729
77731
77733
77735
77737
77739
77741
77743
77745
77747
77749
77751
77753
77755
77757
77759
77761
77763
77769
77777
77779
77789
77811
77813
77815
77817
77819
77821
77827
77831
77841
77845
77847
77849
77853
77855
77857
77859
77861
77865
77867
77871
77881
77891
77895
77899
77907
77909
77911
77913
77915
77917
77919
77921
77923
77925
77927
77929
77931
77933
77935
77937
77939
77941
77943
77945
77947
77951
77953
77957
77959
77961
77963
77965
77969
77971
77973
77979
77983
77985
77989
77993
77995
78003
78011
78015
78017
78019
78031
78033
78043
78045
78047
78049
78061
78065
78067
78071
78073
78077
78079
78081
78083
78085
78087
78089
78091
78093
78095
78097
78099
78101
78103
78105
78107
78109
78111
78113
78115
78119
78121
78135
78141
78143
78157
78159
78161
78163
78167
78169
78171
78173
78177
78183
78185
78187
78189
78193
78197
78199
78201
78203
78205
78211
78213
78215
78217
78219
78221
78223
78225
78227
78229
78235
78237
78241
78243
78244
78247
78249
78253
78255
78257
78263
78265
78267
78271
78287
78317
78325
78327
78331
78337
78339
78349
78351
78353
78355
78373
78375
78377
78379
78381
78385
78387
78389
78391
78395
78397
78399
78407
78411
78413
78415
78417
78419
78421
78423
78425
78427
78429
78431
78437
78439
78441
78449
78451
78463
78465
78467
78475
78477
78481
78483
78487
78489
78491
78493
78495
78497
78501
78521
78523
78525
78531
78535
78537
78547
78549
78551
78553
78555
78559
78561
78563
78565
78567
78569
78571
78587
78591
78593
78595
78597
78601
78603
78605
78607
78609
78611
78613
78615
78627
78629
78631
78633
78641
78645
78647
78649
78651
78653
78657
78659
78661
78663
78665
78667
78669
78675
78677
78679
78681
78683
78689
78691
78695
78697
78699
78701
78705
78707
78709
78711
78713
78715
78717
78719
78721
78725
78727
78731
78733
78735
78751
78753
78755
78761
78765
78767
78773
78775
78787
78789
78793
78795
78799
78801
78805
78807
78813
78817
78819
78821
78823
78825
78827
78829
78831
78833
78835
78837
78845
78847
78851
78859
78867
78869
78871
78873
78879
78883
78885
78889
78891
78893
78897
78899
78905
78911
78913
78915
78917
78919
78921
78925
78929
78931
78933
78939
78941
78943
78945
78947
78949
78953
78959
78961
78969
78971
78973
78975
78977
78979
78981
78985
78987
78989
78991
78993
78995
78997
78999
79001
79009
79027
79029
79031
79033
79035
79037
79039
79041
79043
79045
79047
79049
79051
79053
79059
79061
79063
79067
79075
79077
79081
79083
79085
79097
79099
79101
79103
79105
79111
79125
79127
79133
79135
79137
79139
79141
79143
79145
79147
79151
79155
79157
79159
79161
79163
79165
79167
79169
79171
79173
79183
79191
79193
79195
79197
79211
79215
79217
79219
79221
79223
79225
79227
79229
79231
79233
79235
79237
79239
79243
79245
79247
79249
79251
79253
79255
79257
79265
79271
79273
79275
79277
79279
79281
79283
79285
79287
79289
79291
79293
79295
79297
79299
79301
79303
79307
79309
79313
79315
79317
79319
79321
79323
79325
79331
79335
79337
79339
79341
79343
79345
79347
79349
79351
79353
79355
79363
79365
79367
79369
79371
79373
79377
79379
79387
79391
79393
79395
79397
79403
79413
79415
79419
79429
79431
79433
79441
79445
79447
79449
79451
79453
79459
79461
79463
79465
79467
79469
79471
79473
79475
79477
79479
79481
79483
79485
79487
79489
79491
79499
79501
79507
79511
79513
79515
79519
79525
79527
79531
79533
79535
79537
79539
79541
79543
79545
79547
79549
79553
79555
79557
79559
79561
79563
79565
79567
79569
79571
79573
79575
79577
79579
79581
79583
79589
79599
79605
79607
79609
79611
79615
79619
79621
79623
79625
79627
79633
79635
79637
79641
79647
79649
79651
79655
79667
79669
79693
79695
79697
79699
79701
79703
79707
79713
79715
79717
79719
79729
79731
79735
79737
79739
79741
79743
79747
79751
79753
79761
79765
79767
79769
79781
79785
79787
79789
79791
79793
79795
79803
79805
79807
79811
79813
79819
79821
79823
79835
79841
79845
79849
79853
79855
79857
79859
79861
79863
79865
79869
79871
79875
79877
79879
79881
79883
79886
79887
79889
79891
79899
79901
79905
79907
79909
79917
79919
79921
79923
79925
79929
79931
79943
79949
79951
79953
79955
79957
79959
79965
79971
79973
79975
79979
79985
79987
79989
79993
79997
79999
80001
80003
80005
80007
80009
80011
80013
80015
80017
80019
80025
80026
80035
80041
80045
80047
80049
80053
80055
80057
80059
80061
80063
80081
80083
80085
80087
80089
80091
80101
80107
80115
80119
80121
80123
80125
80129
80133
80145
80151
80157
80163
80165
80167
80169
80171
80175
80177
80179
80181
80185
80187
80189
80191
80193
80195
80197
80217
80221
80223
80225
80227
80229
80231
80233
80243
80245
80251
80253
80255
80257
80259
80261
80263
80267
80269
80271
80275
80277
80281
80285
80289
80293
80297
80303
80305
80307
80311
80313
80317
80319
80321
80323
80325
80327
80337
80339
80341
80343
80345
80347
80349
80351
80357
80363
80365
80367
80369
80371
80373
80375
80381
80385
80395
80401
80403
80405
80407
80411
80417
80419
80421
80425
80427
80429
80431
80433
80435
80441
80449
80453
80455
80459
80461
80463
80465
80467
80469
80471
80473
80483
80485
80487
80489
80493
80495
80501
80505
80507
80509
80511
80513
80523
80525
80531
80533
80537
80539
80541
80543
80545
80547
80549
80555
80557
80559
80561
80581
80583
80585
80593
80595
80599
80601
80605
80613
80617
80619
80621
80623
80629
80631
80633
80635
80637
80639
80641
80647
80653
80659
80661
80663
80665
80667
80669
80671
80673
80675
80685
80687
80689
80695
80697
80701
80703
80705
80707
80709
80711
80715
80717
80719
80721
80723
80731
80735
80739
80745
80747
80749
80751
80757
80761
80763
80765
80767
80769
80771
80773
80775
80777
80779
80781
80785
80787
80789
80791
80795
80797
80805
80809
80813
80815
80817
80823
80825
80837
80841
80843
80849
80851
80853
80855
80873
80875
80877
80883
80885
80887
80889
80891
80899
80903
80907
80909
80915
80917
80919
80921
80923
80925
80927
80929
80931
80933
80945
80953
80955
80959
80961
80963
80965
80969
80971
80973
80975
80977
80979
80981
80983
80985
80987
80989
80991
80993
80995
80997
80999
81003
81005
81007
81017
81021
81031
81033
81035
81037
81039
81041
81047
81049
81051
81053
81055
81057
81059
81061
81063
81065
81067
81071
81075
81079
81081
81083
81085
81087
81107
81109
81111
81113
81115
81117
81133
81137
81139
81141
81143
81145
81147
81149
81151
81153
81155
81157
81159
81169
81171
81175
81177
81181
81187
81189
81193
81195
81197
81199
81201
81203
81205
81207
81209
81211
81221
81223
81233
81235
81241
81243
81245
81249
81255
81259
81263
81267
81269
81271
81273
81279
81283
81285
81303
81309
81311
81313
81315
81317
81321
81331
81335
81337
81339
81351
81357
81359
81361
81363
81365
81367
81381
81383
81407
81421
81423
81425
81427
81429
81435
81437
81439
81441
81443
81447
81449
81451
81455
81457
81461
81465
81467
81475
81477
81483
81485
81491
81493
81497
81499
81505
81507
81511
81517
81521
81523
81525
81527
81529
81535
81537
81549
81551
81561
81563
81565
81567
81573
81575
81593
81597
81601
81603
81605
81607
81609
81611
81615
81625
81627
81629
81631
81637
81643
81647
81649
81655
81657
81667
81669
81671
81673
81675
81677
81679
81681
81683
81685
81687
81689
81691
81701
81703
81705
81707
81711
81713
81717
81719
81721
81731
81733
81735
81743
81747
81749
81753
81755
81757
81759
81761
81763
81765
81775
81779
81781
81783
81785
81787
81789
81791
81793
81795
81803
81807
81811
81817
81823
81827
81829
81831
81835
81839
81841
81843
81847
81849
81851
81855
81859
81861
81863
81865
81867
81869
81871
81873
81875
81879
81881
81883
81889
81891
81899
81901
81903
81907
81913
81915
81917
81919
81921
81925
81927
81931
81935
81937
81939
81941
81943
81947
81949
81951
81953
81955
81957
81961
81965
81971
81973
81977
81985
81989
82005
82007
82011
82015
82017
82019
82027
82029
82031
82033
82035
82039
82041
82043
82051
82057
82059
82063
82065
82071
82073
82077
82079
82081
82085
82087
82089
82091
82093
82097
82099
82101
82103
82105
82107
82111
82113
82117
82123
82131
82135
82137
82141
82145
82147
82149
82151
82155
82157
82159
82167
82171
82173
82175
82177
82181
82183
82187
82189
82193
82197
82199
82205
82211
82215
82217
82219
82221
82223
82225
82227
82233
82237
82239
82241
82243
82251
82271
82273
82275
82281
82283
82285
82287
82289
82295
82297
82299
82319
82321
82323
82325
82327
82328
82335
82337
82339
82345
82347
82349
82353
82357
82367
82373
82377
82379
82381
82385
82387
82389
82391
82393
82395
82397
82399
82401
82403
82411
82415
82417
82419
82421
82423
82425
82427
82433
82435
82437
82439
82443
82449
82453
82455
82457
82459
82461
82463
82467
82479
82483
82485
82487
82489
82491
82497
82499
82501
82507
82513
82515
82517
82519
82521
82523
82525
82527
82529
82531
82537
82547
82549
82551
82553
82555
82557
82559
82561
82563
82565
82569
82585
82593
82595
82597
82599
82601
82603
82605
82607
82609
82613
82615
82619
82627
82631
82633
82635
82637
82639
82641
82643
82651
82655
82661
82665
82667
82669
82671
82673
82675
82677
82679
82681
82683
82685
82687
82697
82703
82705
82707
82709
82715
82717
82719
82723
82725
82727
82731
82733
82735
82737
82739
82741
82743
82745
82747
82749
82751
82753
82755
82757
82759
82763
82765
82767
82773
82777
82779
82781
82783
82785
82787
82789
82795
82797
82799
82801
82805
82811
82813
82817
82819
82821
82823
82825
82827
82829
82831
82837
82839
82849
82851
82853
82855
82859
82861
82863
82865
82867
82875
82877
82879
82881
82883
82885
82889
82899
82903
82913
82917
82921
82927
82929
82931
82933
82935
82937
82941
82943
82947
82951
82957
82963
82971
82979
82981
82983
82987
82993
82997
83005
83007
83009
83011
83013
83015
83017
83019
83021
83027
83029
83031
83033
83035
83037
83039
83041
83043
83045
83047
83059
83061
83069
83071
83073
83075
83077
83079
83081
83083
83085
83087
83089
83091
83093
83097
83099
83105
83107
83109
83111
83113
83115
83117
83123
83127
83129
83131
83143
83145
83147
83151
83153
83157
83159
83161
83163
83165
83169
83177
83179
83181
83183
83185
83187
83193
83195
83197
83199
83201
83215
83225
83227
83231
83233
83235
83237
83239
83247
83251
83253
83255
83257
83259
83261
83265
83267
83273
83275
83281
83285
83295
83303
83305
83307
83309
83311
83313
83315
83317
83319
83323
83335
83337
83339
83351
83353
83355
83357
83359
83361
83365
83367
83369
83373
83375
83377
83379
83381
83387
83395
83397
83399
83401
83403
83405
83409
83411
83413
83417
83423
83425
83427
83431
83433
83435
83437
83439
83441
83443
83457
83459
83461
83463
83465
83469
83471
83473
83475
83477
83479
83481
83483
83485
83487
83495
83499
83501
83503
83505
83507
83509
83511
83513
83515
83517
83519
83543
83547
83549
83551
83553
83555
83557
83559
83567
83571
83573
83577
83579
83585
83587
83589
83591
83593
83595
83597
83599
83601
83603
83605
83619
83623
83627
83629
83637
83641
83643
83645
83649
83651
83653
83655
83657
83669
83673
83675
83677
83679
83683
83685
83687
83689
83695
83697
83699
83701
83703
83705
83707
83709
83711
83713
83715
83717
83719
83721
83723
83725
83729
83731
83733
83735
83739
83747
83759
83761
83763
83767
83769
83773
83775
83781
83791
83793
83795
83797
83803
83805
83807
83809
83811
83813
83815
83817
83819
83821
83835
83837
83839
83841
83849
83851
83853
83855
83857
83859
83861
83863
83865
83867
83869
83871
83873
83875
83877
83883
83885
83893
83895
83897
83899
83901
83903
83907
83917
83919
83921
83923
83929
83931
83939
83941
83943
83951
83953
83955
83957
83963
83965
83969
83973
83975
83977
83979
83981
83983
83985
83987
83989
83995
83997
83999
84011
84013
84017
84019
84023
84025
84027
84029
84031
84033
84035
84037
84041
84043
84045
84047
84049
84051
84053
84055
84057
84063
84065
84071
84083
84085
84087
84089
84091
84093
84097
84101
84107
84109
84111
84113
84115
84117
84121
84127
84129
84131
84135
84141
84143
84145
84147
84149
84155
84159
84163
84169
84171
84181
84187
84189
84191
84193
84197
84199
84201
84203
84207
84209
84211
84215
84217
84219
84221
84225
84229
84233
84235
84237
84241
84243
84245
84247
84249
84251
84253
84255
84259
84267
84269
84271
84273
84275
84277
84279
84281
84283
84285
84287
84289
84291
84293
84295
84297
84299
84303
84305
84307
84323
84331
84335
84339
84341
84351
84353
84357
84359
84361
84363
84365
84367
84369
84371
84373
84375
84377
84379
84381
84385
84387
84391
84393
84395
84397
84399
84401
84403
84405
84421
84423
84425
84427
84433
84435
84437
84439
84441
84447
84451
84453
84455
84457
84461
84465
84473
84477
84479
84481
84497
84499
84501
84503
84505
84507
84509
84511
84515
84519
84523
84525
84559
84573
84575
84579
84581
84583
84585
84587
84589
84591
84593
84597
84599
84601
84603
84605
84607
84609
84611
84613
84615
84617
84621
84623
84625
84639
84641
84643
84645
84647
84649
84653
84659
84663
84665
84667
84673
84675
84683
84685
84693
84695
84697
84699
84701
84703
84715
84717
84721
84723
84725
84729
84737
84739
84741
84743
84745
84747
84755
84773
84775
84781
84791
84793
84795
84797
84799
84801
84803
84805
84807
84811
84813
84815
84817
84823
84825
84827
84829
84835
84839
84843
84845
84847
84849
84851
84853
84859
84861
84871
84889
84891
84893
84901
84903
84905
84907
84911
84913
84929
84933
84935
84939
84941
84943
84945
84949
84957
84959
84961
84963
84965
84967
84969
84971
84973
84975
84977
84981
84983
84985
84991
84999
85001
85003
85005
85007
85009
85019
85021
85023
85025
85027
85029
85033
85037
85039
85041
85043
85045
85051
85053
85055
85057
85059
85061
85081
85093
85097
85099
85103
85105
85107
85109
85111
85113
85115
85125
85127
85129
85131
85133
85135
85137
85139
85141
85143
85147
85149
85151
85155
85157
85159
85165
85167
85171
85173
85189
85191
85193
85195
85199
85201
85205
85207
85209
85211
85213
85215
85217
85219
85247
85255
85269
85273
85275
85285
85287
85289
85291
85293
85295
85297
85301
85313
85315
85323
85325
85331
85333
85335
85337
85339
85341
85373
85385
85391
85393
85409
85411
85425
85433
85437
85441
85443
85445
85447
85449
85451
85453
85455
85457
85459
85461
85463
85465
85467
85469
85471
85485
85495
85497
85505
85507
85517
85521
85523
85529
85537
85543
85545
85547
85549
85551
85553
85555
85557
85559
85561
85563
85573
85587
85591
85597
85615
85619
85621
85623
85625
85627
85629
85631
85633
85635
85653
85659
85661
85663
85665
85667
85669
85677
85679
85685
85689
85695
85699
85703
85707
85709
85715
85717
85719
85721
85723
85735
85737
85745
85747
85749
85751
85753
85755
85757
85759
85769
85773
85779
85781
85787
85793
85796
85798
85799
85801
85802
85803
85804
85805
85806
85807
85808
85809
85810
85811
85812
85814
85816
85818
85819
85820
85822
85823
85824
85826
85827
85831
85832
85835
85838
85840
85841
85842
85843
85844
85845
85846
85847
85848
85856
85857
85858
85859
85861
85862
85863
85864
85865
85867
85868
85869
85870
85871
85875
85876
85879
85881
85884
85886
85887
85888
85891
85894
85895
85900
85901
85904
85909
85915
85916
85917
85920
85921
85922
85924
85929
85931
85932
85938
85941
85943
85945
85946
85947
85948
85949
85950
85952
85953
85954
85955
85956
85957
85958
85959
85960
85964
85967
85968
85974
85975
85977
85979
85980
85981
85982
85983
85987
85989
85990
85991
85992
85993
85994
85996
86000
86001
86002
86003
86004
86005
86006
86007
86008
86009
86010
86011
86012
86013
86014
86015
86016
86017
86018
86019
86032
86040
86041
86042
86043
86044
86045
86046
86048
86050
86051
86053
86055
86059
86060
86061
86062
86064
86065
86066
86067
86068
86069
86070
86071
86072
86073
86074
86075
86076
86077
86078
86083
86084
86085
86089
86090
86092
86094
86096
86097
86098
86099
86100
86101
86104
86106
86108
86112
86119
86126
86129
86130
86131
86132
86133
86134
86135
86136
86137
86138
86139
86140
86141
86142
86144
86145
86147
86148
86149
86150
86152
86153
86154
86155
86156
86157
86158
86159
86160
86161
86162
86163
86164
86165
86175
86177
86178
86179
86180
86181
86183
86184
86187
86188
86189
86190
86191
86193
86194
86195
86196
86197
86198
86199
86200
86201
86202
86203
86204
86205
86206
86207
86208
86209
86210
86211
86212
86213
86214
86215
86216
86217
86218
86221
86222
86223
86228
86229
86230
86231
86232
86235
86239
86242
86243
86248
86253
86256
86261
86263
86264
86268
86269
86270
86271
86272
86273
86274
86279
86280
86281
86285
86286
86287
86289
86290
86293
86296
86300
86305
86306
86307
86308
86309
86310
86311
86312
86313
86315
86316
86325
86326
86327
86328
86329
86330
86336
86337
86338
86341
86342
86343
86344
86345
86346
86348
86350
86351
86352
86353
86354
86355
86356
86357
86358
86359
86365
86366
86367
86369
86370
86371
86372
86373
86374
86375
86376
86377
86379
86380
86383
86385
86386
86387
86388
86389
86392
86394
86395
86397
86398
86399
86400
86401
86402
86403
86404
86405
86407
86411
86412
86414
86415
86416
86417
86418
86420
86421
86422
86424
86425
86427
86428
86429
86430
86431
86432
86433
86435
86436
86438
86439
86440
86441
86442
86445
86446
86448
86449
86451
86453
86454
86455
86456
86458
86460
86461
86462
86463
86464
86465
86466
86467
86468
86469
86470
86472
86473
86474
86475
86476
86477
86478
86479
86480
86482
86483
86486
86487
86488
86489
86490
86492
86493
86495
86496
86497
86498
86499
86501
86502
86505
86506
86507
86508
86509
86511
86512
86513
86514
86515
86516
86517
86518
86519
86520
86521
86522
86523
86524
86525
86526
86527
86528
86529
86530
86531
86532
86533
86534
86535
86537
86538
86539
86540
86541
86542
86544
86545
86546
86548
86550
86552
86554
86556
86557
86558
86559
86563
86565
86566
86567
86571
86573
86575
86577
86587
86588
86589
86590
86591
86592
86593
86594
86595
86597
86598
86600
86601
86603
86604
86605
86609
86611
86612
86613
86614
86615
86616
86617
86618
86619
86620
86621
86622
86623
86624
86625
86626
86627
86628
86629
86630
86631
86633
86634
86638
86639
86640
86641
86642
86643
86644
86647
86648
86649
86650
86651
86652
86654
86655
86657
86658
86660
86662
86663
86665
86668
86669
86670
86671
86673
86675
86677
86680
86681
86682
86683
86685
86686
86687
86689
86690
86691
86692
86693
86694
86695
86696
86697
86698
86699
86701
86703
86707
86708
86709
86710
86715
86716
86718
86719
86720
86721
86722
86729
86732
86734
86735
86736
86739
86740
86741
86743
86745
86747
86757
86758
86759
86763
86766
86767
86768
86769
86770
86772
86774
86777
86780
86782
86785
86789
86791
86792
86793
86794
86795
86797
86801
86807
86808
86811
86812
86813
86814
86815
86816
86818
86819
86820
86821
86822
86823
86824
86825
86826
86827
86828
86829
86832
86833
86834
86836
86837
86842
86844
86854
86855
86856
86857
86860
86864
86865
86866
86867
86868
86869
86870
86871
86872
86873
86877
86879
86880
86881
86882
86883
86887
86888
86889
86890
86891
86892
86893
86894
86895
86897
86898
86899
86900
86903
86904
86905
86906
86907
86908
86909
86911
86912
86916
86917
86918
86919
86921
86922
86923
86924
86934
86935
86938
86939
86940
86941
86943
86949
86956
86957
86958
86959
86966
86967
86968
86972
86975
86976
86980
86981
86982
86983
86988
86989
86990
86991
86992
86993
86995
86996
86997
87003
87004
87005
87006
87007
87011
87012
87014
87018
87019
87021
87023
87025
87027
87028
87032
87033
87037
87040
87041
87042
87043
87044
87045
87047
87049
87050
87051
87052
87053
87054
87055
87056
87057
87058
87059
87061
87067
87069
87070
87072
87073
87075
87076
87077
87078
87079
87080
87081
87083
87084
87086
87087
87088
87089
87090
87091
87092
87093
87094
87095
87096
87097
87098
87100
87101
87102
87103
87104
87105
87106
87107
87108
87110
87111
87112
87113
87117
87118
87119
87120
87122
87124
87125
87126
87127
87128
87129
87130
87131
87132
87133
87134
87135
87136
87137
87138
87139
87140
87141
87142
87144
87145
87146
87148
87149
87150
87151
87152
87154
87155
87156
87157
87159
87160
87161
87162
87164
87165
87167
87168
87169
87170
87172
87173
87175
87176
87177
87179
87180
87181
87182
87183
87184
87185
87186
87187
87188
87189
87192
87195
87201
87203
87204
87205
87206
87207
87208
87209
87212
87213
87214
87215
87216
87217
87218
87219
87220
87221
87222
87223
87224
87225
87226
87227
87228
87229
87230
87231
87232
87233
87234
87235
87236
87237
87238
87239
87240
87241
87242
87243
87244
87245
87246
87247
87248
87249
87250
87251
87252
87253
87254
87255
87257
87260
87261
87262
87263
87264
87265
87267
87269
87270
87271
87272
87273
87274
87275
87281
87282
87284
87286
87287
87291
87292
87295
87297
87302
87303
87304
87306
87307
87308
87311
87312
87313
87314
87315
87319
87320
87323
87324
87328
87329
87330
87331
87332
87335
87336
87337
87338
87339
87341
87347
87348
87349
87352
87353
87354
87355
87356
87362
87363
87364
87365
87367
87368
87369
87371
87372
87373
87375
87376
87389
87392
87393
87394
87395
87396
87397
87400
87401
87402
87403
87404
87416
87417
87418
87419
87420
87421
87422
87426
87427
87428
87429
87440
87441
87442
87450
87452
87453
87454
87456
87458
87459
87466
87468
87469
87470
87471
87472
87473
87474
87475
87476
87478
87479
87480
87483
87484
87489
87490
87495
87496
87497
87498
87499
87500
87501
87502
87503
87504
87505
87506
87507
87508
87509
87510
87515
87516
87518
87521
87522
87523
87524
87528
87529
87530
87531
87533
87534
87535
87536
87537
87538
87539
87549
87551
87552
87553
87554
87555
87557
87558
87559
87561
87563
87566
87567
87568
87569
87571
87572
87573
87574
87576
87577
87578
87579
87581
87583
87587
87594
87595
87596
87599
87600
87601
87605
87609
87610
87612
87613
87616
87619
87620
87621
87623
87625
87627
87628
87629
87630
87631
87632
87633
87634
87637
87639
87640
87643
87644
87645
87647
87648
87653
87654
87655
87656
87657
87658
87659
87660
87661
87662
87663
87667
87668
87669
87670
87671
87677
87678
87681
87682
87683
87687
87691
87698
87701
87706
87709
87710
87711
87712
87713
87714
87718
87719
87720
87721
87722
87725
87730
87732
87733
87734
87735
87736
87737
87738
87739
87740
87741
87742
87743
87744
87745
87746
87747
87748
87749
87750
87751
87752
87753
87754
87755
87756
87757
87758
87759
87760
87761
87762
87763
87764
87765
87766
87767
87768
87769
87770
87771
87772
87773
87774
87775
87776
87777
87778
87779
87780
87781
87782
87783
87784
87785
87786
87787
87788
87789
87790
87791
87792
87793
87794
87795
87796
87797
87798
87799
87800
87801
87802
87803
87804
87805
87806
87807
87808
87809
87810
87811
87812
87813
87814
87815
87816
87818
87819
87820
87821
87822
87823
87824
87825
87826
87827
87828
87829
87830
87831
87832
87833
87834
87835
87837
87838
87839
87840
87841
87842
87843
87844
87845
87847
87848
87850
87851
87853
87854
87855
87856
87857
87860
87861
87863
87865
87866
87867
87869
87870
87871
87872
87873
87874
87875
87876
87877
87878
87879
87880
87883
87884
87885
87886
87887
87889
87892
87894
87900
87902
87903
87904
87910
87911
87912
87917
87920
87921
87922
87923
87926
87927
87928
87930
87934
87936
87937
87938
87945
87946
87949
87950
87951
87953
87956
87957
87958
87960
87962
87963
87964
87965
87966
87967
87969
87970
87971
87972
87974
87975
87976
87977
87979
87982
87983
87984
87985
87986
87987
87996
87999
88000
88001
88004
88005
88007
88008
88009
88010
88012
88015
88020
88021
88022
88030
88032
88033
88035
88036
88037
88041
88042
88043
88044
88045
88049
88054
88056
88057
88061
88063
88064
88065
88068
88069
88070
88071
88072
88075
88076
88080
88081
88084
88087
88091
88092
88093
88097
88100
88101
88102
88103
88105
88106
88107
88108
88109
88110
88111
88112
88115
88116
88117
88118
88122
88125
88130
88131
88133
88135
88137
88142
88147
88148
88149
88150
88152
88154
88155
88156
88157
88160
88163
88165
88167
88168
88169
88170
88171
88172
88174
88175
88176
88178
88179
88180
88181
88182
88183
88184
88185
88186
88187
88188
88189
88190
88191
88192
88193
88194
88196
88197
88199
88200
88201
88202
88203
88205
88206
88207
88208
88210
88211
88212
88215
88216
88217
88218
88219
88220
88221
88222
88223
88224
88225
88226
88227
88228
88229
88230
88233
88234
88235
88236
88237
88238
88243
88244
88245
88246
88247
88251
88252
88260
88263
88265
88267
88269
88272
88276
88279
88283
88286
88292
88296
88298
88299
88300
88301
88302
88303
88307
88308
88311
88314
88315
88316
88317
88318
88319
88320
88321
88324
88325
88327
88332
88333
88335
88336
88340
88341
88342
88343
88344
88345
88347
88349
88351
88354
88356
88357
88358
88359
88360
88361
88363
88368
88370
88371
88372
88373
88374
88375
88376
88379
88380
88381
88382
88383
88384
88385
88386
88387
88390
88393
88396
88398
88401
88402
88403
88404
88405
88406
88408
88409
88410
88413
88416
88418
88419
88422
88423
88425
88426
88427
88430
88431
88432
88433
88434
88435
88436
88437
88442
88443
88444
88446
88447
88451
88452
88453
88456
88465
88466
88467
88472
88477
88478
88481
88482
88483
88489
88490
88491
88496
88497
88498
88499
88500
88501
88502
88503
88504
88505
88506
88509
88512
88516
88517
88518
88519
88520
88522
88525
88526
88531
88532
88533
88535
88536
88537
88539
88543
88546
88554
88557
88560
88564
88565
88567
88586
88588
88589
88590
88592
88593
88595
88600
88601
88602
88603
88604
88605
88606
88607
88608
88609
88610
88611
88612
88613
88614
88615
88616
88617
88618
88619
88620
88621
88622
88623
88624
88625
88630
88633
88637
88638
88639
88640
88641
88642
88643
88644
88645
88650
88653
88654
88655
88656
88657
88658
88659
88660
88661
88662
88663
88664
88665
88667
88668
88670
88671
88672
88673
88674
88675
88676
88677
88678
88679
88680
88681
88682
88683
88684
88685
88686
88688
88689
88695
88699
88702
88703
88704
88705
88706
88707
88710
88716
88717
88719
88720
88723
88725
88726
88727
88738
88742
88743
88749
88750
88762
88763
88764
88765
88766
88767
88768
88769
88770
88771
88777
88782
88783
88786
88787
88789
88790
88793
88797
88798
88799
88800
88804
88805
88807
88808
88809
88810
88811
88812
88813
88814
88815
88816
88817
88820
88822
88823
88824
88825
88826
88827
88829
88830
88831
88832
88833
88834
88835
88836
88837
88838
88839
88840
88841
88842
88843
88844
88845
88846
88847
88849
88850
88851
88852
88853
88854
88855
88857
88866
88867
88868
88869
88870
88871
88872
88875
88876
88877
88880
88882
88885
88893
88894
88895
88896
88897
88899
88901
88902
88905
88906
88908
88911
88912
88913
88914
88915
88916
88918
88919
88920
88921
88923
88924
88925
88926
88927
88929
88930
88933
88939
88940
88941
88942
88944
88945
88949
88950
88952
88953
88955
88956
88959
88960
88961
88962
88963
88964
88965
88966
88967
88968
88969
88970
88972
88974
88975
88976
88977
88978
88980
88981
88984
88987
88990
88991
88993
88994
89004
89008
89010
89011
89012
89013
89014
89018
89021
89049
89051
89052
89053
89056
89057
89058
89059
89060
89061
89062
89063
89064
89065
89073
89077
89082
89083
89084
89085
89087
89088
89089
89090
89091
89092
89093
89095
89096
89105
89106
89107
89108
89109
89111
89112
89115
89119
89120
89121
89122
89123
89124
89125
89126
89127
89131
89132
89133
89148
89152
89156
89157
89158
89159
89160
89161
89162
89178
89179
89181
89182
89183
89184
89186
89187
89190
89191
89192
89193
89194
89195
89196
89197
89199
89206
89209
89212
89214
89215
89217
89218
89219
89221
89222
89223
89224
89225
89226
89227
89232
89233
89241
89242
89243
89244
89245
89246
89247
89250
89251
89252
89253
89254
89255
89256
89261
89264
89265
89266
89267
89268
89269
89270
89271
89272
89273
89276
89283
89286
89288
89289
89290
89291
89292
89296
89297
89300
89301
89302
89304
89306
89307
89308
89309
89310
89311
89312
89313
89314
89316
89318
89319
89320
89321
89322
89323
89324
89326
89327
89328
89335
89339
89340
89341
89342
89343
89344
89345
89346
89347
89348
89349
89350
89352
89354
89355
89356
89357
89358
89359
89360
89361
89362
89364
89365
89366
89368
89370
89372
89377
89379
89382
89383
89384
89385
89386
89387
89388
89389
89390
89392
89393
89398
89400
89408
89410
89411
89413
89414
89415
89420
89421
89424
89425
89426
89427
89428
89429
89438
89443
89446
89451
89452
89453
89454
89457
89458
89466
89467
89468
89477
89478
89479
89480
89481
89482
89485
89486
89487
89488
89503
89504
89505
89506
89507
89508
89509
89510
89511
89512
89513
89515
89516
89517
89518
89519
89521
89522
89523
89524
89525
89526
89528
89530
89531
89532
89533
89534
89536
89537
89538
89540
89542
89544
89548
89549
89550
89551
89553
89555
89556
89559
89561
89562
89564
89566
89567
89572
89573
89574
89575
89576
89577
89578
89579
89580
89582
89586
89587
89588
89589
89590
89594
89597
89598
89601
89604
89605
89606
89607
89608
89609
89610
89611
89612
89613
89614
89616
89617
89618
89622
89623
89624
89625
89626
89627
89629
89630
89631
89632
89633
89636
89637
89639
89640
89641
89646
89647
89649
89655
89656
89657
89659
89660
89662
89664
89665
89666
89667
89668
89669
89674
89675
89676
89677
89678
89679
89680
89682
89683
89684
89685
89686
89690
89692
89694
89695
89697
89698
89699
89700
89701
89702
89703
89704
89705
89706
89709
89710
89711
89713
89714
89715
89716
89722
89724
89725
89727
89728
89729
89730
89731
89732
89733
89734
89735
89736
89737
89738
89741
89746
89747
89748
89749
89750
89751
89752
89753
89754
89761
89762
89763
89764
89765
89766
89768
89769
89770
89771
89772
89773
89774
89775
89777
89778
89780
89781
89782
89785
89791
89796
89799
89800
89801
89802
89803
89804
89805
89806
89807
89808
89809
89811
89818
89821
89824
89825
89828
89829
89830
89831
89832
89833
89834
89835
89836
89837
89838
89840
89841
89844
89845
89846
89850
89856
89861
89863
89866
89867
89874
89875
89876
89877
89878
89879
89880
89885
89888
89889
89890
89891
89903
89904
89905
89906
89907
89915
89920
89928
89929
89932
89933
89935
89937
89938
89941
89942
89944
89948
89949
89951
89952
89953
89954
89955
89959
89960
89961
89963
89964
89967
89969
89970
89972
89974
89975
89976
89977
89979
89980
89981
89982
89983
89984
89985
89986
89987
89988
89995
89996
90000
90001
90002
90003
90004
90005
90006
90007
90008
90010
90011
90012
90014
90016
90017
90021
90029
90030
90032
90033
90034
90035
90036
90037
90038
90040
90041
90042
90044
90045
90047
90050
90051
90052
90053
90054
90055
90056
90057
90058
90065
90066
90067
90068
90069
90070
90072
90073
90075
90078
90079
90080
90081
90082
90088
90089
90092
90097
90098
90099
90100
90101
90102
90103
90104
90105
90109
90110
90111
90112
90113
90114
90117
90118
90119
90123
90125
90126
90127
90128
90130
90131
90132
90133
90134
90135
90136
90143
90144
90145
90147
90148
90149
90150
90151
90152
90153
90154
90155
90160
90161
90162
90163
90164
90165
90166
90167
90168
90169
90170
90171
90172
90173
90174
90175
90176
90178
90179
90180
90181
90182
90183
90184
90185
90186
90187
90188
90189
90190
90191
90192
90193
90194
90195
90197
90198
90212
90214
90216
90218
90221
90222
90223
90224
90225
90229
90230
90232
90233
90235
90236
90239
90241
90247
90248
90250
90251
90252
90253
90254
90255
90256
90258
90259
90262
90264
90268
90269
90270
90271
90272
90273
90274
90276
90277
90278
90279
90280
90281
90282
90283
90284
90286
90288
90289
90290
90296
90300
90301
90302
90304
90305
90309
90310
90313
90314
90317
90318
90322
90324
90326
90327
90329
90330
90331
90334
90337
90344
90345
90346
90347
90350
90352
90353
90354
90355
90356
90357
90358
90359
90362
90363
90364
90371
90372
90374
90375
90377
90378
90379
90380
90381
90382
90383
90387
90391
90394
90396
90401
90406
90407
90408
90411
90415
90418
90419
90420
90421
90423
90429
90430
90431
90432
90433
90434
90438
90440
90452
90458
90459
90460
90461
90462
90463
90464
90465
90466
90467
90470
90471
90472
90473
90475
90476
90477
90480
90484
90485
90488
90489
90490
90491
90492
90494
90496
90497
90498
90507
90521
90522
90524
90525
90526
90527
90528
90529
90530
90531
90533
90535
90536
90537
90538
90540
90541
90542
90544
90545
90546
90547
90548
90549
90551
90559
90561
90563
90564
90565
90572
90573
90574
90575
90576
90577
90578
90581
90585
90587
90588
90589
90590
90591
90592
90601
90606
90607
90609
90610
90611
90612
90613
90614
90627
90630
90631
90632
90635
90639
90640
90641
90642
90682
90684
90685
90686
90687
90689
90696
90707
90708
90709
90710
90711
90716
90717
90718
90719
90720
90721
90724
90725
90726
90727
90728
90731
90733
90734
90735
90750
90751
90753
90754
90755
90756
90757
90759
90761
90763
90765
90768
90774
90775
90778
90780
90782
90783
90784
90785
90786
90791
90800
90807
90809
90810
90811
90812
90813
90814
90815
90818
90819
90821
90822
90823
90825
90829
90830
90832
90833
90835
90836
90838
90839
90840
90841
90843
90845
90846
90847
90848
90849
90851
90852
90853
90854
90864
90865
90866
90867
90868
90869
90870
90874
90875
90876
90878
90879
90883
90884
90885
90886
90888
90890
90892
90894
90895
90896
90902
90903
90904
90905
90906
90908
90919
90921
90922
90927
90928
90931
90934
90935
90936
90937
90939
90943
90945
90946
90947
90948
90950
90951
90953
90954
90955
90956
90957
90960
90961
90963
90965
90972
90973
90978
90980
90981
90982
90988
90989
90991
90993
90999
91001
91003
91004
91009
91018
91019
91020
91021
91022
91026
91028
91029
91030
91031
91032
91033
91037
91038
91039
91040
91043
91044
91046
91047
91048
91050
91051
91052
91054
91056
91057
91058
91059
91060
91062
91065
91066
91072
91073
91074
91075
91080
91083
91085
91088
91089
91090
91091
91097
91099
91103
91106
91107
91108
91109
91111
91113
91117
91118
91119
91122
91124
91125
91126
91127
91128
91129
91133
91134
91135
91136
91137
91139
91140
91141
91142
91143
91145
91146
91147
91148
91149
91151
91153
91154
91155
91156
91157
91159
91160
91161
91162
91163
91164
91165
91166
91167
91168
91171
91173
91174
91175
91177
91178
91179
91180
91181
91182
91183
91186
91187
91192
91193
91195
91200
91202
91204
91205
91206
91207
91209
91213
91214
91215
91216
91217
91218
91219
91220
91221
91222
91223
91224
91227
91228
91229
91231
91232
91233
91234
91235
91236
91237
91242
91243
91247
91254
91255
91257
91258
91260
91261
91262
91263
91264
91265
91266
91267
91272
91273
91275
91276
91277
91279
91281
91282
91283
91284
91285
91292
91293
91295
91297
91298
91299
91301
91302
91303
91305
91307
91308
91309
91311
91312
91313
91314
91315
91317
91318
91319
91320
91321
91322
91323
91324
91326
91327
91328
91330
91331
91332
91333
91334
91335
91337
91338
91340
91341
91342
91343
91344
91345
91346
91348
91349
91350
91352
91353
91354
91355
91356
91357
91358
91359
91360
91361
91362
91363
91364
91365
91366
91367
91368
91370
91372
91373
91374
91375
91376
91377
91378
91379
91380
91381
91382
91383
91384
91385
91389
91390
91392
91393
91395
91396
91397
91398
91399
91400
91401
91402
91403
91404
91405
91408
91409
91410
91411
91412
91413
91414
91416
91419
91420
91421
91423
91424
91425
91426
91427
91429
91432
91436
91441
91442
91443
91444
91446
91447
91448
91451
91452
91453
91457
91458
91459
91460
91461
91462
91464
91467
91470
91474
91475
91476
91484
91486
91487
91488
91489
91490
91491
91493
91494
91495
91496
91497
91500
91507
91512
91513
91514
91515
91517
91519
91520
91521
91527
91528
91529
91530
91533
91534
91535
91536
91537
91551
91553
91557
91558
91559
91560
91561
91562
91564
91567
91568
91569
91570
91571
91572
91573
91576
91581
91586
91592
91593
91594
91596
91601
91602
91603
91604
91605
91606
91607
91608
91609
91612
91614
91616
91621
91625
91626
91627
91628
91629
91630
91631
91632
91633
91635
91636
91637
91639
91641
91646
91650
91654
91656
91657
91658
91659
91660
91661
91663
91664
91665
91667
91673
91674
91675
91676
91678
91680
91682
91684
91686
91687
91689
91690
91691
91692
91693
91697
91698
91699
91700
91702
91703
91704
91705
91706
91708
91711
91713
91714
91715
91716
91717
91723
91724
91726
91727
91730
91731
91732
91734
91738
91740
91741
91742
91746
91747
91748
91750
91751
91752
91753
91754
91758
91764
91767
91769
91770
91771
91773
91774
91775
91776
91778
91780
91781
91782
91783
91784
91785
91786
91787
91788
91790
91791
91796
91801
91802
91804
91806
91809
91811
91813
91814
91817
91820
91821
91822
91824
91825
91828
91830
91837
91839
91840
91841
91844
91848
91850
91855
91858
91859
91860
91861
91864
91865
91866
91868
91869
91870
91871
91872
91875
91880
91883
91887
91889
91890
91897
91898
91899
91904
91905
91906
91907
91908
91911
91912
91913
91917
91918
91919
91920
91921
91924
91925
91930
91931
91934
91935
91936
91937
91938
91940
91941
91942
91943
91944
91945
91946
91950
91951
91952
91953
91954
91956
91957
91958
91960
91961
91962
91967
91968
91969
91971
91974
91975
91977
91979
91980
91985
91986
91987
91988
91990
91991
91992
91994
91995
91998
91999
92000
92001
92002
92003
92004
92005
92007
92009
92010
92013
92014
92017
92018
92019
92020
92021
92022
92024
92026
92027
92031
92032
92033
92034
92036
92039
92040
92041
92042
92043
92046
92047
92052
92054
92055
92057
92059
92060
92061
92063
92066
92067
92068
92070
92071
92072
92073
92074
92075
92076
92077
92079
92080
92081
92082
92086
92087
92088
92094
92096
92098
92099
92100
92102
92103
92104
92106
92108
92110
92111
92112
92113
92114
92115
92116
92121
92124
92126
92128
92129
92131
92132
92133
92136
92149
92150
92151
92152
92153
92154
92156
92158
92160
92161
92162
92164
92166
92172
92174
92176
92177
92179
92180
92181
92182
92183
92184
92186
92189
92191
92192
92193
92194
92197
92198
92199
92200
92201
92203
92204
92205
92207
92209
92210
92211
92214
92215
92216
92217
92218
92220
92228
92229
92230
92231
92232
92233
92234
92235
92236
92237
92238
92240
92241
92242
92244
92252
92253
92256
92257
92260
92261
92262
92265
92267
92270
92271
92279
92280
92283
92284
92286
92288
92291
92292
92293
92294
92296
92297
92299
92301
92304
92305
92306
92307
92308
92309
92315
92316
92325
92326
92327
92328
92330
92332
92333
92335
92338
92339
92341
92342
92343
92350
92352
92354
92356
92359
92360
92362
92364
92367
92368
92369
92372
92373
92374
92376
92377
92378
92381
92385
92388
92393
92396
92402
92404
92405
92408
92409
92412
92415
92416
92417
92418
92420
92422
92424
92425
92427
92430
92432
92435
92436
92437
92438
92448
92449
92450
92451
92456
92457
92463
92465
92467
92470
92471
92472
92473
92475
92476
92483
92486
92488
92491
92493
92496
92499
92500
92501
92502
92509
92510
92511
92514
92515
92516
92517
92518
92519
92520
92521
92523
92524
92525
92526
92529
92530
92531
92534
92535
92536
92539
92541
92542
92543
92546
92547
92548
92549
92554
92555
92556
92558
92559
92561
92562
92564
92566
92567
92569
92570
92571
92572
92573
92574
92575
92576
92578
92580
92582
92583
92584
92585
92586
92590
92594
92600
92601
92603
92604
92609
92612
92614
92618
92621
92623
92624
92625
92626
92627
92628
92629
92632
92633
92634
92637
92638
92640
92641
92643
92644
92645
92646
92647
92648
92649
92650
92651
92653
92654
92663
92666
92667
92668
92669
92672
92673
92674
92675
92683
92684
92689
92691
92693
92694
92698
92701
92702
92703
92704
92705
92706
92707
92708
92709
92711
92712
92714
92715
92717
92719
92722
92723
92724
92725
92726
92728
92729
92730
92731
92732
92736
92737
92740
92743
92749
92752
92753
92754
92756
92759
92760
92761
92764
92765
92768
92769
92770
92771
92772
92773
92781
92783
92787
92790
92791
92792
92797
92801
92802
92803
92804
92807
92808
92809
92810
92812
92813
92814
92817
92818
92822
92823
92824
92825
92826
92827
92832
92833
92834
92836
92838
92839
92840
92841
92842
92846
92847
92849
92856
92859
92862
92864
92865
92866
92867
92868
92869
92870
92871
92872
92873
92874
92875
92876
92878
92880
92884
92888
92889
92890
92891
92892
92893
92894
92895
92896
92900
92904
92905
92906
92907
92909
92910
92911
92912
92916
92918
92919
92920
92921
92923
92924
92926
92927
92928
92929
92931
92932
92933
92936
92937
92938
92939
92941
92943
92946
92947
92948
92953
92954
92956
92957
92959
92960
92962
92963
92964
92966
92982
92984
92985
92986
92987
92988
92989
92991
92992
92993
92994
92995
92996
92997
92998
92999
93000
93001
93002
93007
93013
93015
93016
93017
93018
93019
93020
93025
93026
93027
93028
93029
93030
93031
93033
93034
93035
93046
93049
93050
93052
93054
93056
93057
93058
93059
93060
93063
93064
93065
93066
93067
93068
93069
93071
93073
93074
93078
93080
93084
93087
93088
93091
93094
93095
93096
93097
93098
93099
93101
93105
93108
93111
93112
93113
93114
93115
93116
93117
93118
93120
93121
93122
93123
93124
93125
93128
93129
93130
93133
93134
93136
93137
93138
93140
93141
93142
93143
93144
93147
93148
93151
93152
93154
93155
93157
93159
93162
93163
93164
93165
93167
93169
93177
93180
93181
93183
93186
93187
93188
93205
93206
93211
93214
93215
93216
93220
93221
93224
93225
93226
93227
93231
93232
93234
93235
93237
93238
93239
93241
93243
93244
93245
93246
93248
93249
93250
93251
93252
93253
93254
93255
93257
93258
93259
93260
93261
93262
93264
93265
93266
93269
93270
93272
93274
93276
93281
93284
93285
93286
93287
93293
93294
93298
93299
93301
93303
93308
93314
93316
93318
93319
93320
93321
93322
93324
93325
93326
93328
93330
93334
93335
93336
93337
93338
93339
93341
93342
93343
93344
93345
93347
93349
93350
93352
93353
93354
93358
93360
93363
93364
93366
93367
93369
93370
93371
93373
93376
93377
93378
93379
93380
93382
93383
93384
93385
93388
93389
93391
93392
93393
93394
93395
93396
93397
93398
93399
93400
93402
93408
93409
93410
93412
93414
93416
93417
93421
93422
93423
93424
93425
93426
93427
93428
93429
93430
93432
93436
93438
93439
93440
93441
93442
93443
93444
93445
93446
93448
93449
93450
93451
93455
93456
93457
93460
93461
93462
93463
93472
93473
93474
93476
93478
93481
93487
93488
93490
93492
93493
93496
93497
93498
93499
93500
93501
93502
93503
93505
93506
93510
93511
93512
93516
93519
93520
93521
93525
93528
93529
93530
93532
93533
93534
93535
93536
93546
93547
93548
93549
93550
93551
93553
93555
93556
93561
93562
93563
93564
93565
93566
93567
93568
93573
93574
93577
93578
93580
93581
93583
93584
93586
93587
93588
93589
93590
93591
93592
93593
93595
93596
93597
93599
93602
93603
93604
93605
93606
93607
93608
93609
93610
93611
93613
93614
93615
93616
93617
93618
93622
93624
93625
93626
93627
93628
93629
93632
93634
93635
93637
93639
93640
93642
93643
93646
93647
93650
93651
93652
93653
93654
93655
93658
93659
93660
93661
93662
93663
93665
93666
93670
93675
93676
93677
93678
93679
93680
93681
93682
93689
93690
93691
93692
93695
93696
93698
93699
93704
93705
93707
93713
93715
93717
93719
93722
93723
93724
93726
93727
93728
93729
93730
93731
93732
93747
93748
93749
93750
93753
93755
93757
93758
93760
93763
93764
93765
93766
93767
93768
93769
93771
93774
93775
93778
93779
93780
93782
93787
93788
93789
93793
93795
93796
93799
93800
93801
93802
93804
93810
93819
93820
93831
93832
93833
93834
93838
93841
93842
93844
93847
93849
93851
93852
93853
93855
93860
93862
93863
93864
93865
93866
93867
93868
93869
93870
93873
93874
93875
93876
93877
93879
93880
93881
93888
93889
93890
93892
93894
93895
93896
93897
93898
93899
93900
93901
93903
93911
93912
93916
93917
93918
93919
93920
93921
93922
93923
93924
93928
93929
93930
93931
93932
93933
93934
93935
93937
93944
93949
93951
93955
93963
93967
93970
93972
93977
93978
93979
93982
93983
93985
93990
93991
93992
93993
93994
93995
93997
93999
94001
94003
94005
94009
94010
94011
94014
94015
94016
94017
94019
94020
94021
94022
94023
94024
94025
94026
94027
94028
94029
94030
94032
94033
94034
94038
94039
94042
94043
94044
94046
94050
94051
94052
94053
94054
94055
94056
94057
94058
94062
94063
94066
94067
94068
94069
94070
94072
94076
94077
94078
94087
94088
94089
94090
94097
94098
94099
94100
94101
94102
94103
94106
94110
94111
94112
94115
94117
94122
94123
94125
94126
94127
94128
94130
94135
94136
94138
94139
94140
94141
94142
94143
94145
94154
94155
94156
94158
94161
94166
94168
94169
94170
94172
94173
94175
94181
94182
94188
94189
94191
94192
94195
94197
94198
94199
94200
94201
94202
94203
94204
94205
94206
94207
94208
94209
94210
94211
94216
94217
94218
94219
94220
94222
94223
94225
94226
94228
94230
94231
94234
94235
94237
94238
94240
94241
94242
94243
94244
94245
94248
94249
94250
94251
94252
94253
94254
94256
94258
94259
94260
94261
94262
94263
94266
94267
94268
94272
94274
94275
94276
94277
94278
94279
94280
94281
94282
94283
94284
94285
94286
94289
94293
94294
94295
94296
94297
94298
94299
94300
94301
94304
94305
94306
94307
94308
94309
94310
94311
94313
94314
94315
94316
94317
94318
94319
94320
94323
94337
94341
94342
94343
94344
94345
94346
94347
94348
94351
94352
94354
94355
94361
94364
94366
94367
94369
94370
94371
94372
94374
94375
94376
94377
94379
94381
94383
94384
94385
94386
94387
94388
94392
94394
94395
94396
94397
94398
94399
94400
94401
94402
94403
94404
94407
94408
94409
94410
94411
94412
94413
94414
94415
94416
94417
94418
94420
94422
94424
94426
94427
94428
94431
94436
94437
94438
94439
94440
94441
94445
94446
94448
94450
94451
94452
94453
94457
94459
94462
94470
94471
94472
94473
94475
94476
94477
94478
94480
94482
94483
94484
94485
94486
94487
94490
94491
94492
94493
94508
94517
94518
94519
94520
94521
94522
94523
94524
94526
94527
94528
94533
94534
94535
94536
94538
94540
94542
94543
94548
94549
94551
94558
94559
94560
94561
94562
94563
94566
94568
94574
94575
94576
94577
94578
94579
94580
94581
94582
94583
94584
94585
94586
94590
94591
94592
94593
94594
94595
94596
94597
94599
94601
94604
94609
94610
94611
94612
94614
94619
94620
94622
94623
94624
94625
94627
94628
94629
94630
94631
94634
94636
94639
94643
94644
94645
94646
94651
94652
94656
94657
94658
94661
94665
94666
94667
94668
94671
94673
94675
94676
94677
94678
94679
94680
94683
94684
94686
94687
94688
94690
94693
94696
94698
94699
94700
94701
94702
94704
94705
94706
94708
94709
94711
94712
94713
94717
94728
94730
94731
94744
94749
94751
94752
94753
94754
94756
94757
94758
94760
94761
94762
94763
94764
94765
94766
94767
94768
94772
94773
94774
94775
94776
94777
94778
94779
94780
94781
94782
94783
94784
94785
94786
94788
94792
94793
94795
94796
94797
94798
94803
94804
94805
94807
94809
94810
94811
94813
94816
94818
94819
94820
94821
94822
94823
94825
94829
94831
94832
94833
94834
94835
94836
94837
94838
94839
94840
94841
94842
94843
94844
94848
94850
94851
94852
94855
94856
94857
94863
94864
94865
94866
94867
94868
94869
94870
94871
94873
94874
94875
94876
94877
94878
94880
94881
94894
94895
94896
94897
94898
94899
94900
94901
94902
94903
94904
94905
94906
94907
94908
94909
94910
94911
94912
94913
94914
94915
94918
94919
94920
94926
94930
94931
94932
94936
94937
94941
94942
94943
94944
94946
94953
94955
94956
94957
94958
94960
94961
94962
94963
94964
94965
94966
94967
94969
94970
94974
94979
94991
94992
94993
94996
94997
95000
95010
95011
95012
95013
95014
95016
95017
95018
95019
95020
95021
95022
95023
95024
95025
95027
95028
95030
95033
95034
95041
95042
95050
95051
95052
95056
95059
95060
95061
95064
95075
95083
95084
95086
95087
95089
95090
95091
95096
95097
95098
95099
95105
95106
95107
95109
95112
95113
95115
95116
95118
95120
95121
95125
95126
95128
95130
95131
95133
95134
95135
95137
95138
95148
95150
95151
95152
95153
95154
95155
95156
95157
95158
95159
95161
95162
95163
95164
95165
95166
95185
95189
95190
95191
95192
95193
95194
95195
95199
95200
95202
95204
95206
95207
95208
95210
95211
95212
95214
95215
95216
95218
95219
95220
95221
95222
95223
95224
95228
95230
95231
95232
95236
95238
95239
95243
95244
95246
95247
95248
95249
95250
95251
95252
95253
95254
95255
95256
95257
95258
95259
95260
95261
95262
95263
95264
95265
95266
95268
95269
95270
95271
95273
95276
95277
95278
95279
95280
95282
95283
95284
95285
95286
95287
95288
95290
95291
95292
95293
95295
95296
95298
95299
95300
95301
95305
95309
95310
95311
95312
95313
95314
95315
95317
95318
95320
95321
95323
95324
95325
95326
95331
95333
95335
95336
95337
95338
95339
95340
95341
95342
95343
95345
95346
95347
95348
95351
95352
95353
95355
95356
95357
95358
95363
95365
95366
95367
95368
95369
95370
95372
95374
95375
95376
95377
95380
95381
95382
95384
95385
95386
95391
95392
95394
95395
95396
95397
95398
95401
95404
95405
95406
95407
95408
95409
95410
95411
95412
95414
95415
95416
95417
95418
95419
95420
95422
95423
95425
95426
95427
95429
95431
95434
95435
95436
95438
95439
95440
95441
95442
95443
95444
95445
95446
95449
95452
95456
95457
95460
95463
95464
95466
95467
95468
95469
95477
95479
95484
95485
95486
95487
95488
95492
95494
95495
95496
95497
95498
95499
95506
95507
95509
95513
95514
95515
95521
95523
95525
95526
95527
95529
95530
95531
95532
95533
95534
95537
95539
95540
95542
95543
95544
95545
95547
95550
95551
95552
95553
95554
95555
95556
95557
95562
95563
95564
95565
95566
95567
95568
95569
95570
95571
95572
95573
95574
95575
95576
95578
95580
95586
95587
95589
95592
95594
95596
95599
95602
95608
95610
95611
95613
95614
95615
95616
95617
95618
95619
95620
95621
95622
95624
95626
95630
95636
95640
95643
95644
95645
95646
95647
95648
95650
95652
95653
95654
95655
95657
95659
95660
95661
95662
95663
95664
95665
95668
95672
95674
95675
95680
95681
95682
95683
95684
95685
95686
95687
95688
95690
95691
95692
95693
95694
95695
95696
95697
95698
95699
95701
95702
95705
95721
95725
95726
95729
95731
95732
95733
95735
95736
95738
95741
95742
95743
95745
95746
95748
95751
95752
95753
95754
95755
95757
95759
95760
95764
95766
95768
95769
95770
95776
95778
95781
95782
95783
95785
95788
95789
95790
95791
95792
95798
95800
95811
95818
95819
95829
95831
95834
95835
95836
95837
95838
95839
95847
95848
95851
95852
95854
95859
95860
95862
95864
95865
95867
95868
95869
95870
95879
95882
95886
95887
95888
95889
95890
95891
95892
95893
95895
95896
95900
95901
95902
95903
95904
95905
95907
95909
95910
95911
95912
95913
95914
95915
95916
95917
95918
95919
95920
95921
95922
95923
95924
95925
95926
95928
95929
95930
95931
95933
95934
95935
95936
95937
95938
95939
95940
95941
95942
95943
95944
95948
95950
95953
95954
95957
95958
95964
95965
95973
95974
95975
95976
95978
95979
95982
95983
95984
95985
95987
95988
95990
95992
95993
95994
95996
96005
96006
96008
96009
96010
96011
96012
96013
96014
96016
96021
96023
96027
96037
96042
96043
96044
96045
96046
96048
96049
96050
96052
96053
96054
96056
96059
96060
96061
96065
96066
96069
96070
96078
96080
96081
96082
96083
96087
96088
96089
96090
96091
96092
96093
96094
96095
96096
96100
96102
96104
96109
96112
96113
96114
96116
96117
96118
96119
96120
96121
96122
96123
96125
96129
96131
96132
96133
96134
96136
96137
96138
96139
96140
96141
96142
96143
96145
96150
96152
96156
96159
96162
96163
96164
96165
96166
96168
96169
96170
96171
96172
96173
96174
96175
96179
96181
96182
96183
96185
96186
96187
96188
96189
96191
96192
96193
96194
96196
96200
96201
96205
96207
96208
96214
96216
96217
96218
96219
96220
96221
96222
96223
96224
96225
96231
96232
96233
96240
96241
96242
96243
96244
96245
96247
96253
96254
96255
96256
96257
96258
96261
96262
96263
96264
96265
96266
96269
96270
96271
96272
96273
96274
96276
96279
96281
96282
96283
96284
96285
96286
96287
96288
96289
96290
96291
96294
96298
96299
96302
96304
96305
96306
96307
96310
96312
96314
96315
96317
96318
96319
96321
96322
96326
96328
96330
96332
96333
96334
96337
96341
96344
96345
96348
96349
96350
96352
96353
96354
96355
96357
96360
96361
96362
96363
96364
96369
96371
96374
96375
96376
96377
96378
96379
96380
96381
96383
96384
96386
96388
96389
96390
96391
96392
96393
96394
96395
96396
96397
96402
96404
96405
96406
96409
96410
96412
96413
96414
96415
96416
96418
96420
96421
96422
96428
96432
96433
96434
96435
96436
96437
96438
96439
96441
96442
96443
96444
96445
96446
96447
96448
96450
96451
96452
96453
96454
96455
96456
96459
96460
96461
96467
96468
96471
96472
96474
96475
96477
96478
96480
96482
96483
96484
96485
96486
96487
96488
96490
96491
96492
96493
96494
96495
96496
96497
96499
96500
96501
96502
96503
96507
96510
96513
96514
96516
96517
96520
96521
96522
96523
96524
96525
96526
96527
96528
96530
96531
96535
96536
96538
96539
96540
96541
96543
96544
96549
96550
96552
96555
96556
96557
96558
96559
96560
96561
96562
96564
96566
96567
96573
96574
96575
96579
96580
96581
96582
96584
96585
96594
96597
96604
96610
96611
96612
96614
96618
96620
96621
96623
96625
96627
96628
96629
96630
96631
96632
96633
96634
96635
96637
96638
96640
96641
96642
96643
96644
96645
96646
96647
96648
96653
96655
96656
96657
96658
96661
96662
96663
96664
96665
96667
96669
96671
96672
96673
96674
96675
96678
96683
96684
96685
96689
96692
96693
96698
96699
96700
96701
96702
96703
96704
96705
96706
96713
96714
96715
96716
96717
96718
96719
96720
96721
96723
96724
96725
96726
96727
96728
96738
96741
96742
96743
96744
96745
96746
96748
96749
96756
96758
96759
96762
96763
96764
96765
96766
96767
96768
96769
96770
96771
96772
96774
96775
96790
96792
96795
96796
96797
96798
96809
96812
96814
96815
96816
96817
96818
96819
96820
96821
96823
96824
96825
96827
96828
96829
96831
96832
96834
96835
96836
96838
96841
96846
96847
96848
96849
96851
96852
96853
96855
96856
96857
96858
96860
96861
96866
96867
96869
96871
96879
96885
96887
96889
96890
96892
96893
96894
96895
96896
96898
96899
96902
96903
96904
96908
96909
96911
96912
96913
96917
96918
96921
96922
96923
96924
96926
96931
96933
96934
96935
96936
96937
96940
96941
96942
96943
96946
96949
96950
96953
96954
96956
96957
96958
96960
96961
96963
96964
96965
96966
96967
96974
96978
96982
96983
96984
96985
96991
96993
96994
96997
96998
96999
97000
97001
97002
97010
97012
97014
97016
97017
97018
97019
97020
97022
97023
97024
97026
97027
97034
97035
97040
97051
97052
97053
97055
97056
97057
97060
97062
97063
97064
97065
97066
97067
97068
97069
97071
97072
97074
97078
97079
97081
97085
97087
97088
97089
97090
97091
97092
97096
97097
97098
97099
97101
97104
97105
97106
97107
97108
97111
97112
97114
97115
97116
97118
97120
97121
97122
97123
97124
97126
97134
97135
97136
97137
97138
97139
97140
97141
97142
97143
97145
97146
97147
97151
97153
97154
97155
97157
97158
97159
97160
97161
97162
97163
97164
97166
97167
97168
97169
97174
97176
97177
97179
97181
97182
97183
97188
97189
97190
97191
97192
97193
97194
97195
97198
97199
97200
97201
97202
97203
97207
97208
97209
97210
97211
97212
97213
97214
97215
97216
97217
97218
97219
97224
97225
97229
97230
97232
97233
97234
97235
97236
97237
97238
97239
97240
97241
97242
97244
97245
97246
97247
97248
97249
97250
97251
97252
97254
97255
97256
97261
97262
97263
97265
97266
97267
97268
97272
97275
97276
97277
97279
97280
97281
97284
97285
97287
97288
97289
97292
97293
97294
97295
97296
97297
97298
97300
97306
97308
97310
97311
97313
97314
97315
97318
97319
97320
97321
97322
97323
97324
97325
97326
97327
97328
97330
97331
97332
97333
97334
97336
97338
97339
97340
97341
97342
97343
97344
97345
97346
97347
97349
97350
97351
97352
97354
97355
97356
97357
97358
97359
97360
97361
97362
97364
97365
97367
97368
97372
97374
97376
97378
97381
97387
97394
97397
97399
97400
97401
97402
97403
97407
97408
97409
97410
97412
97414
97417
97418
97419
97420
97422
97423
97424
97425
97433
97436
97439
97441
97442
97443
97450
97453
97456
97457
97458
97459
97482
97510
97512
97514
97517
97520
97522
97523
97524
97525
97526
97527
97533
97535
97539
97540
97541
97542
97543
97544
97545
97546
97547
97549
97550
97551
97552
97553
97555
97556
97557
97558
97559
97560
97565
97568
97569
97570
97571
97579
97582
97583
97584
97585
97586
97587
97588
97589
97590
97593
97594
97595
97596
97597
97599
97601
97602
97603
97606
97609
97610
97611
97614
97615
97617
97618
97623
97626
97629
97630
97631
97634
97635
97636
97639
97640
97641
97642
97643
97644
97645
97646
97647
97648
97652
97655
97657
97658
97659
97660
97661
97662
97664
97666
97667
97669
97670
97671
97672
97673
97674
97675
97676
97677
97678
97679
97680
97684
97685
97686
97687
97688
97689
97690
97691
97692
97693
97699
97700
97702
97703
97704
97705
97707
97710
97713
97716
97718
97721
97722
97725
97727
97738
97740
97741
97742
97743
97745
97746
97747
97748
97749
97751
97753
97754
97755
97757
97758
97759
97760
97764
97772
97773
97774
97776
97778
97782
97783
97784
97786
97788
97790
97791
97792
97793
97795
97797
97798
97801
97802
97803
97807
97808
97816
97817
97818
97819
97820
97821
97822
97823
97824
97825
97826
97827
97828
97829
97830
97831
97832
97833
97834
97835
97836
97838
97844
97845
97848
97849
97850
97851
97852
97853
97854
97855
97856
97858
97859
97860
97861
97862
97864
97865
97867
97868
97869
97870
97871
97872
97875
97876
97877
97878
97879
97884
97886
97890
97891
97892
97893
97896
97897
97898
97904
97905
97906
97907
97913
97916
97918
97919
97920
97921
97923
97924
97925
97926
97928
97929
97941
97942
97944
97951
97952
97953
97954
97955
97956
97957
97958
97959
97960
97961
97962
97964
97973
97975
97976
97977
97978
97980
97981
97982
97983
97984
97986
97987
97992
97993
97994
97996
97997
97999
98002
98003
98006
98007
98008
98011
98015
98016
98017
98018
98019
98021
98023
98025
98026
98030
98033
98034
98035
98036
98037
98038
98048
98050
98051
98053
98059
98060
98061
98062
98063
98067
98068
98069
98070
98072
98076
98077
98078
98079
98080
98082
98083
98087
98088
98089
98090
98091
98092
98095
98098
98100
98101
98102
98104
98107
98110
98111
98112
98113
98114
98115
98116
98118
98119
98120
98121
98122
98125
98127
98128
98129
98130
98131
98132
98133
98134
98135
98136
98137
98138
98139
98140
98141
98142
98143
98144
98145
98146
98147
98148
98149
98150
98154
98155
98156
98157
98158
98159
98161
98162
98171
98174
98176
98177
98178
98179
98180
98181
98182
98183
98184
98186
98187
98188
98190
98191
98192
98193
98195
98196
98197
98198
98199
98200
98201
98202
98203
98204
98209
98210
98211
98212
98213
98215
98217
98218
98219
98221
98222
98225
98226
98227
98228
98229
98230
98232
98234
98235
98237
98238
98239
98240
98241
98243
98244
98252
98253
98254
98255
98256
98257
98258
98259
98260
98261
98263
98265
98267
98269
98270
98273
98274
98279
98281
98283
98284
98291
98293
98294
98295
98297
98298
98299
98300
98301
98302
98303
98304
98305
98306
98308
98310
98311
98312
98313
98314
98318
98320
98321
98323
98324
98325
98330
98334
98335
98336
98337
98338
98339
98340
98341
98343
98344
98345
98346
98347
98348
98350
98351
98352
98353
98356
98358
98359
98360
98361
98362
98363
98364
98366
98367
98368
98371
98374
98376
98377
98378
98379
98380
98382
98391
98393
98394
98396
98397
98398
98400
98401
98402
98406
98407
98409
98418
98421
98425
98431
98432
98433
98435
98436
98437
98440
98441
98444
98447
98449
98452
98453
98457
98458
98462
98468
98470
98472
98473
98474
98479
98480
98481
98482
98483
98484
98485
98486
98487
98490
98496
98501
98502
98512
98513
98514
98515
98516
98517
98518
98519
98523
98525
98526
98527
98529
98530
98531
98532
98533
98534
98536
98537
98539
98542
98547
98548
98549
98556
98559
98567
98568
98569
98570
98573
98575
98576
98577
98578
98579
98581
98583
98584
98589
98590
98591
98592
98593
98594
98595
98596
98597
98599
98600
98602
98603
98604
98605
98606
98607
98608
98609
98611
98612
98614
98615
98623
98624
98631
98632
98635
98638
98639
98646
98654
98655
98656
98657
98659
98663
98664
98665
98668
98670
98674
98675
98676
98687
98688
98689
98690
98694
98695
98696
98698
98699
98700
98701
98702
98703
98705
98706
98707
98710
98711
98712
98713
98718
98720
98723
98724
98725
98726
98735
98749
98750
98751
98752
98753
98758
98759
98761
98763
98764
98765
98768
98769
98770
98771
98773
98778
98781
98787
98788
98793
98795
98796
98797
98799
98801
98802
98804
98805
98820
98821
98822
98823
98832
98835
98839
98841
98843
98847
98848
98849
98850
98851
98852
98853
98854
98855
98857
98860
98866
98867
98868
98869
98870
98871
98872
98873
98874
98875
98876
98878
98879
98880
98882
98883
98884
98885
98886
98888
98894
98895
98899
98903
98906
98907
98914
98916
98917
98918
98919
98926
98929
98930
98932
98933
98934
98936
98938
98944
98945
98946
98947
98949
98950
98951
98955
98956
98957
98958
98959
98961
98962
98963
98964
98965
98966
98967
98968
98969
98970
98971
98972
98974
98975
98976
98977
98978
98979
98985
98986
98988
98989
98991
98992
98993
98995
98996
98998
98999
99001
99002
99003
99004
99007
99011
99014
99015
99017
99018
99021
99023
99024
99025
99026
99028
99029
99030
99031
99032
99033
99034
99035
99037
99038
99039
99041
99042
99044
99046
99049
99050
99052
99053
99058
99059
99065
99066
99067
99068
99069
99070
99072
99079
99080
99081
99082
99083
99084
99085
99086
99087
99088
99089
99090
99091
99092
99093
99094
99096
99097
99098
99101
99102
99106
99112
99113
99116
99117
99120
99122
99123
99127
99128
99129
99130
99131
99132
99133
99135
99136
99138
99143
99149
99155
99157
99160
99161
99162
99163
99165
99166
99168
99170
99172
99174
99176
99177
99178
99179
99180
99181
99182
99183
99185
99186
99187
99188
99190
99191
99194
99198
99199
99203
99205
99208
99210
99213
99214
99215
99221
99222
99223
99225
99226
99227
99228
99229
99230
99231
99232
99234
99235
99236
99247
99251
99252
99256
99262
99264
99266
99270
99271
99272
99273
99275
99279
99280
99281
99282
99283
99284
99285
99286
99287
99288
99289
99290
99292
99294
99296
99299
99300
99301
99302
99303
99304
99305
99309
99311
99312
99313
99314
99315
99316
99319
99320
99322
99324
99325
99326
99327
99328
99329
99330
99331
99332
99333
99334
99335
99336
99337
99338
99339
99340
99341
99345
99346
99347
99349
99350
99351
99352
99353
99354
99355
99356
99357
99358
99359
99360
99361
99363
99364
99365
99366
99368
99369
99370
99371
99372
99374
99377
99378
99380
99382
99383
99384
99385
99386
99391
99393
99394
99395
99397
99405
99406
99408
99409
99410
99411
99412
99413
99417
99429
99431
99432
99438
99439
99445
99446
99447
99448
99449
99453
99454
99456
99458
99464
99466
99469
99482
99483
99484
99489
99490
99491
99493
99494
99495
99496
99497
99498
99499
99500
99501
99502
99503
99504
99505
99506
99507
99508
99509
99511
99512
99513
99514
99515
99516
99524
99525
99526
99527
99528
99529
99531
99532
99536
99537
99542
99547
99550
99551
99553
99554
99555
99557
99561
99562
99563
99564
99565
99566
99567
99568
99572
99575
99584
99588
99589
99590
99591
99592
99593
99594
99595
99602
99603
99610
99611
99612
99613
99614
99615
99616
99617
99619
99620
99621
99622
99624
99627
99628
99630
99636
99637
99640
99643
99645
99646
99648
99652
99653
99654
99655
99656
99657
99659
99661
99662
99663
99665
99667
99668
99673
99678
99679
99680
99681
99682
99683
99684
99685
99686
99687
99691
99694
99696
99697
99698
99701
99704
99712
99715
99716
99717
99719
99720
99724
99725
99726
99727
99730
99731
99732
99733
99735
99736
99737
99740
99741
99743
99744
99746
99750
99751
99752
99755
99757
99758
99759
99761
99762
99763
99764
99765
99766
99767
99768
99770
99771
99772
99773
99774
99775
99776
99783
99784
99785
99786
99787
99790
99792
99795
99800
99801
99802
99803
99805
99806
99807
99808
99809
99814
99815
99816
99817
99819
99820
99821
99825
99830
99832
99833
99834
99835
99836
99837
99840
99841
99846
99847
99848
99849
99852
99853
99859
99860
99866
99867
99869
99870
99872
99874
99875
99876
99877
99878
99879
99880
99882
99883
99884
99886
99887
99890
99891
99892
99893
99894
99895
99896
99903
99906
99909
99910
99914
99915
99917
99919
99920
99926
99927
99930
99931
99932
99936
99941
99942
99944
99945
99946
99948
99949
99954
99956
99957
99958
99959
99960
99961
99962
99963
99966
99967
99968
99969
99970
99971
99974
99977
99978
99979
99982
99984
99987
99988
99989
99990
99991
99992
99993
99994
99995
99996
99997
99998
99999
100000
100001
100004
100005
100008
100009
100011
100013
100014
100019
100022
100023
100025
100026
100027
100031
100032
100033
100034
100035
100036
100037
100039
100040
100041
100042
100043
100044
100047
100048
100049
100050
100051
100052
100053
100054
100055
100056
100057
100058
100059
100061
100064
100065
100066
100067
100068
100069
100070
100071
100072
100075
100077
100078
100079
100080
100081
100082
100083
100084
100085
100086
100087
100090
100091
100097
100098
100099
100101
100102
100103
100104
100105
100106
100108
100109
100111
100112
100117
100118
100124
100126
100127
100128
100131
100132
100133
100134
100135
100136
100137
100142
100143
100145
100147
100148
100149
100150
100151
100152
100153
100154
100155
100159
100161
100163
100164
100165
100166
100167
100170
100173
100174
100177
100178
100179
100180
100181
100182
100183
100184
100185
100186
100187
100191
100192
100193
100194
100198
100199
100200
100201
100202
100203
100207
100208
100210
100211
100212
100215
100217
100219
100220
100221
100222
100223
100224
100225
100226
100228
100229
100230
100231
100232
100233
100234
100235
100236
100237
100238
100239
100240
100241
100242
100243
100244
100245
100249
100252
100253
100257
100259
100260
100261
100262
100263
100264
100265
100266
100267
100268
100269
100270
100271
100274
100275
100276
100277
100278
100284
100285
100286
100287
100288
100289
100290
100291
100294
100297
100298
100299
100300
100302
100303
100304
100306
100307
100308
100309
100310
100311
100312
100313
100314
100316
100320
100321
100322
100323
100324
100325
100326
100327
100328
100329
100330
100331
100334
100341
100343
100345
100346
100347
100348
100349
100350
100351
100352
100353
100363
100364
100365
100367
100368
100369
100370
100376
100377
100378
100379
100382
100383
100384
100385
100386
100387
100388
100391
100396
100401
100402
100403
100404
100405
100406
100407
100408
100409
100410
100412
100413
100416
100417
100418
100419
100420
100421
100422
100423
100427
100428
100429
100430
100431
100432
100433
100434
100435
100437
100438
100440
100441
100443
100444
100445
100447
100448
100449
100450
100454
100455
100456
100457
100458
100459
100460
100461
100463
100465
100466
100467
100468
100470
100472
100473
100474
100475
100476
100477
100478
100480
100482
100486
100489
100490
100491
100492
100493
100494
100495
100498
100500
100501
100503
100504
100507
100509
100510
100511
100512
100514
100515
100516
100518
100519
100520
100523
100524
100526
100527
100529
100530
100531
100532
100533
100536
100537
100538
100539
100543
100544
100545
100548
100549
100550
100551
100552
100553
100554
100555
100556
100557
100558
100559
100560
100561
100564
100565
100570
100572
100573
100575
100576
100577
100581
100582
100583
100584
100585
100586
100600
100604
100607
100611
100615
100616
100621
100624
100625
100626
100627
100628
100629
100630
100631
100632
100633
100634
100635
100636
100637
100639
100653
100654
100657
100660
100663
100664
100665
100666
100667
100668
100669
100670
100671
100672
100678
100681
100682
100683
100684
100685
100686
100687
100688
100689
100690
100691
100695
100697
100699
100701
100702
100703
100704
100705
100706
100707
100708
100709
100710
100714
100715
100716
100723
100724
100725
100732
100736
100737
100739
100742
100743
100744
100745
100746
100747
100748
100749
100752
100753
100754
100756
100760
100762
100763
100764
100765
100766
100767
100768
100769
100770
100771
100772
100773
100774
100775
100776
100777
100778
100779
100781
100782
100783
100784
100787
100789
100790
100792
100794
100795
100796
100797
100798
100799
100800
100801
100803
100804
100805
100806
100807
100808
100809
100810
100812
100817
100819
100820
100821
100822
100823
100824
100825
100830
100831
100837
100838
100839
100840
100841
100843
100855
100857
100860
100861
100862
100863
100864
100865
100866
100867
100870
100871
100872
100873
100874
100875
100876
100877
100881
100882
100883
100884
100885
100887
100888
100891
100897
100900
100901
100902
100903
100904
100905
100906
100911
100912
100913
100914
100915
100916
100917
100918
100919
100920
100922
100923
100924
100925
100926
100927
100930
100931
100932
100933
100934
100935
100936
100943
100944
100945
100952
100957
100958
100965
100967
100968
100969
100970
100971
100972
100975
100976
100979
100980
100981
100982
100983
100988
100990
100991
100992
100993
100994
100995
100996
100997
100998
101001
101004
101009
101012
101013
101014
101015
101016
101017
101018
101020
101021
101023
101025
101029
101030
101031
101032
101033
101034
101036
101037
101040
101041
101042
101043
101044
101053
101054
101055
101056
101057
101058
101059
101068
101071
101075
101076
101077
101078
101079
101080
101081
101082
101083
101084
101085
101086
101087
101088
101089
101090
101092
101093
101094
101095
101099
101100
101101
101102
101104
101105
101106
101107
101108
101109
101110
101111
101112
101117
101118
101119
101120
101121
101122
101123
101124
101125
101126
101128
101131
101132
101133
101134
101137
101138
101139
101140
101141
101142
101143
101144
101145
101148
101151
101152
101156
101158
101159
101160
101161
101162
101163
101166
101169
101170
101171
101172
101173
101174
101177
101178
101180
101181
101183
101187
101188
101189
101190
101191
101192
101194
101195
101199
101202
101203
101207
101209
101210
101211
101212
101213
101214
101215
101218
101221
101222
101223
101224
101225
101226
101227
101231
101234
101235
101237
101239
101242
101243
101244
101245
101246
101247
101248
101249
101250
101251
101252
101253
101256
101257
101258
101260
101262
101263
101264
101265
101266
101267
101278
101279
101280
101281
101282
101283
101284
101286
101287
101288
101289
101290
101291
101292
101293
101295
101300
101301
101302
101303
101304
101305
101306
101311
101312
101313
101314
101315
101316
101319
101321
101322
101323
101326
101327
101328
101329
101330
101331
101334
101335
101342
101345
101346
101347
101348
101349
101350
101353
101354
101355
101357
101358
101359
101360
101362
101363
101364
101365
101366
101367
101368
101369
101370
101371
101372
101374
101375
101376
101377
101378
101379
101382
101385
101386
101387
101388
101389
101390
101391
101392
101395
101396
101400
101401
101402
101403
101404
101405
101406
101407
101408
101409
101411
101415
101416
101418
101420
101421
101422
101423
101424
101425
101426
101427
101428
101429
101430
101431
101439
101443
101471
101472
101473
101474
101475
101476
101477
101479
101480
101482
101485
101486
101487
101488
101489
101490
101491
101492
101493
101495
101496
101497
101504
101508
101509
101510
101511
101512
101513
101515
101523
101525
101527
101528
101529
101530
101531
101533
101534
101535
101536
101537
101538
101539
101549
101550
101551
101553
101554
101555
101557
101558
101560
101562
101563
101564
101566
101567
101569
101570
101571
101572
101573
101574
101575
101579
101580
101581
101582
101583
101584
101588
101589
101590
101591
101592
101593
101594
101595
101596
101601
101602
101603
101604
101605
101606
101610
101612
101613
101614
101615
101617
101619
101620
101621
101623
101624
101625
101626
101627
101628
101631
101633
101634
101635
101636
101637
101638
101640
101641
101642
101643
101644
101657
101658
101659
101660
101661
101662
101667
101674
101677
101678
101679
101680
101681
101682
101683
101684
101685
101686
101688
101689
101690
101691
101697
101701
101702
101703
101704
101705
101706
101707
101709
101711
101715
101719
101723
101724
101725
101726
101727
101731
101732
101733
101734
101735
101736
101737
101738
101739
101740
101741
101742
101743
101745
101746
101747
101748
101749
101750
101751
101752
101759
101762
101771
101773
101774
101775
101776
101777
101778
101783
101784
101785
101787
101788
101789
101790
101791
101792
101793
101794
101795
101802
101803
101808
101809
101810
101811
101812
101813
101814
101815
101816
101818
101819
101820
101821
101822
101825
101826
101827
101828
101829
101831
101837
101840
101841
101842
101843
101844
101845
101846
101847
101848
101850
101851
101852
101853
101854
101855
101857
101858
101867
101868
101873
101874
101875
101876
101877
101879
101880
101881
101882
101884
101892
101893
101895
101896
101897
101898
101899
101901
101905
101906
101908
101914
101915
101916
101917
101918
101919
101921
101926
101933
101934
101935
101936
101937
101938
101940
101942
101944
101946
101947
101948
101949
101950
101951
101952
101953
101955
101956
101959
101962
101966
101968
101969
101970
101972
101975
101976
101977
101978
101979
101980
101981
101982
101985
101986
101987
101988
101989
101990
101992
101993
101994
101997
102001
102004
102005
102006
102007
102008
102009
102010
102011
102012
102013
102014
102015
102016
102017
102018
102019
102020
102022
102023
102024
102027
102028
102029
102030
102036
102037
102038
102039
102040
102041
102042
102045
102048
102051
102052
102053
102054
102055
102056
102057
102060
102063
102065
102067
102068
102076
102077
102079
102080
102081
102082
102083
102084
102085
102086
102087
102088
102094
102097
102098
102099
102102
102104
102105
102106
102107
102108
102109
102111
102112
102113
102114
102115
102117
102118
102119
102120
102132
102133
102135
102137
102140
102141
102143
102146
102147
102151
102152
102153
102154
102156
102157
102160
102161
102162
102165
102167
102168
102169
102170
102171
102172
102173
102174
102175
102176
102177
102178
102184
102189
102193
102194
102195
102198
102200
102201
102202
102204
102206
102210
102211
102212
102215
102216
102217
102219
102221
102223
102224
102226
102227
102230
102231
102232
102233
102234
102235
102236
102237
102238
102239
102243
102245
102247
102248
102254
102255
102256
102257
102259
102260
102261
102265
102266
102267
102268
102269
102270
102274
102278
102279
102280
102282
102283
102286
102292
102294
102295
102296
102298
102299
102300
102302
102303
102306
102307
102310
102311
102312
102313
102317
102319
102320
102321
102322
102323
102324
102325
102326
102327
102328
102329
102330
102331
102332
102333
102334
102335
102336
102337
102343
102344
102345
102346
102348
102349
102350
102351
102352
102353
102354
102355
102356
102357
102360
102361
102362
102364
102365
102366
102367
102368
102369
102370
102371
102373
102374
102382
102402
102404
102405
102410
102413
102414
102415
102416
102417
102418
102419
102421
102422
102425
102426
102430
102433
102434
102436
102437
102438
102439
102444
102445
102446
102447
102448
102449
102451
102452
102453
102455
102456
102457
102458
102459
102460
102461
102462
102464
102465
102467
102468
102469
102472
102478
102479
102481
102484
102485
102487
102488
102492
102497
102498
102503
102504
102505
102506
102507
102508
102509
102510
102511
102514
102515
102516
102517
102519
102522
102523
102532
102539
102540
102548
102549
102554
102557
102562
102563
102564
102565
102566
102568
102569
102570
102572
102573
102574
102577
102578
102580
102583
102585
102587
102588
102589
102590
102591
102592
102593
102594
102595
102596
102599
102601
102605
102606
102607
102611
102614
102617
102618
102620
102621
102624
102625
102626
102629
102630
102631
102634
102636
102637
102638
102639
102640
102641
102642
102643
102644
102645
102646
102648
102649
102650
102652
102653
102654
102655
102656
102657
102658
102660
102661
102662
102663
102664
102665
102666
102667
102668
102671
102672
102673
102674
102675
102676
102679
102682
102683
102685
102688
102689
102690
102691
102692
102693
102694
102695
102696
102697
102699
102701
102702
102703
102705
102707
102708
102711
102713
102715
102716
102717
102718
102719
102720
102721
102722
102723
102725
102726
102731
102732
102733
102734
102735
102736
102737
102739
102741
102748
102749
102750
102752
102758
102759
102760
102761
102763
102764
102765
102766
102767
102768
102769
102770
102771
102772
102773
102775
102782
102783
102784
102785
102786
102787
102788
102789
102790
102795
102798
102799
102800
102807
102809
102810
102811
102812
102813
102814
102815
102816
102817
102818
102819
102820
102821
102822
102825
102826
102830
102833
102836
102838
102839
102840
102841
102844
102845
102846
102847
102850
102851
102852
102853
102855
102856
102859
102860
102861
102862
102863
102864
102865
102866
102867
102868
102870
102871
102874
102875
102881
102882
102884
102885
102887
102893
102896
102898
102899
102902
102905
102906
102907
102908
102909
102910
102911
102912
102913
102914
102925
102929
102931
102935
102943
102946
102947
102948
102949
102953
102956
102958
102959
102960
102964
102965
102966
102967
102968
102969
102970
102971
102972
102979
102980
102983
102984
102985
102986
102987
102988
102989
102990
102993
102994
102995
102997
102998
102999
103000
103001
103002
103003
103006
103007
103008
103009
103012
103014
103017
103028
103033
103034
103035
103039
103045
103046
103047
103048
103049
103050
103051
103052
103053
103054
103055
103056
103057
103058
103063
103070
103072
103075
103078
103079
103080
103083
103085
103086
103087
103092
103093
103094
103095
103096
103097
103098
103100
103107
103109
103110
103112
103117
103123
103125
103126
103127
103128
103129
103130
103131
103135
103137
103138
103139
103140
103142
103143
103144
103148
103150
103154
103156
103157
103161
103162
103165
103166
103169
103170
103171
103172
103173
103174
103175
103176
103177
103179
103182
103184
103191
103194
103196
103197
103198
103199
103200
103201
103202
103206
103208
103209
103210
103211
103212
103213
103216
103217
103218
103219
103226
103227
103228
103229
103230
103232
103233
103234
103236
103237
103242
103244
103247
103248
103249
103250
103251
103254
103255
103256
103261
103262
103268
103274
103275
103276
103279
103280
103281
103283
103286
103289
103290
103291
103292
103293
103294
103296
103304
103305
103310
103311
103312
103314
103317
103318
103320
103322
103323
103325
103326
103329
103330
103332
103335
103337
103343
103350
103351
103352
103353
103354
103355
103356
103357
103358
103359
103361
103364
103365
103366
103367
103370
103373
103374
103378
103380
103381
103382
103392
103399
103401
103403
103404
103407
103408
103418
103428
103433
103436
103438
103439
103440
103441
103442
103444
103445
103447
103448
103451
103453
103456
103457
103460
103463
103464
103465
103466
103467
103471
103472
103473
103474
103475
103484
103485
103486
103487
103488
103489
103491
103495
103496
103497
103499
103500
103501
103508
103509
103510
103511
103512
103513
103515
103522
103526
103530
103531
103532
103534
103537
103538
103543
103546
103549
103550
103552
103553
103555
103556
103559
103560
103561
103562
103565
103566
103567
103568
103569
103570
103571
103574
103576
103577
103578
103579
103580
103581
103582
103583
103597
103602
103603
103606
103608
103615
103616
103617
103621
103622
103623
103625
103632
103633
103635
103636
103638
103639
103640
103641
103642
103646
103647
103648
103649
103650
103654
103655
103656
103657
103658
103662
103665
103667
103668
103674
103675
103676
103677
103678
103679
103680
103681
103682
103683
103685
103686
103687
103688
103691
103692
103694
103697
103698
103699
103700
103701
103702
103703
103704
103707
103708
103709
103710
103712
103715
103717
103718
103719
103722
103725
103726
103727
103728
103730
103731
103732
103733
103734
103735
103736
103737
103739
103740
103742
103755
103756
103757
103758
103759
103760
103761
103762
103765
103766
103767
103768
103769
103770
103774
103775
103776
103777
103779
103784
103785
103786
103788
103789
103790
103795
103796
103797
103798
103799
103800
103801
103802
103803
103804
103805
103807
103808
103809
103813
103814
103815
103825
103828
103829
103831
103832
103833
103834
103836
103842
103843
103844
103846
103847
103849
103850
103851
103852
103856
103857
103858
103859
103860
103862
103864
103866
103867
103873
103874
103878
103882
103883
103884
103885
103890
103893
103894
103895
103896
103897
103898
103900
103901
103902
103904
103905
103906
103907
103908
103909
103910
103911
103912
103913
103914
103920
103921
103923
103924
103925
103926
103927
103929
103931
103934
103935
103936
103937
103938
103939
103940
103942
103943
103944
103946
103949
103950
103951
103953
103954
103955
103963
103965
103967
103968
103969
103970
103971
103972
103974
103975
103980
103982
103983
103989
103991
103995
103996
103997
104003
104004
104007
104009
104010
104011
104017
104018
104028
104029
104030
104031
104032
104034
104035
104038
104039
104041
104043
104044
104045
104046
104047
104048
104051
104052
104054
104055
104056
104058
104060
104061
104062
104063
104064
104066
104067
104068
104069
104074
104076
104077
104078
104080
104082
104086
104087
104088
104090
104093
104094
104095
104096
104097
104098
104099
104101
104108
104109
104110
104111
104112
104113
104114
104115
104116
104117
104118
104119
104120
104122
104125
104126
104127
104128
104131
104132
104134
104135
104152
104156
104169
104170
104173
104174
104176
104180
104182
104184
104186
104187
104188
104189
104190
104191
104192
104193
104194
104195
104197
104198
104199
104200
104203
104204
104205
104206
104208
104209
104210
104211
104213
104215
104216
104217
104219
104222
104223
104225
104228
104230
104231
104232
104233
104234
104235
104237
104238
104239
104240
104241
104242
104243
104244
104245
104246
104247
104248
104249
104253
104254
104255
104256
104258
104259
104261
104263
104264
104265
104267
104269
104270
104271
104272
104273
104275
104276
104277
104278
104279
104280
104281
104282
104283
104284
104285
104286
104287
104288
104289
104290
104291
104292
104294
104295
104296
104298
104299
104301
104303
104306
104308
104309
104310
104314
104317
104318
104319
104322
104323
104324
104325
104326
104328
104329
104330
104333
104334
104336
104337
104338
104341
104344
104345
104346
104347
104348
104350
104351
104352
104353
104354
104355
104356
104357
104358
104359
104360
104361
104362
104363
104365
104366
104368
104369
104372
104373
104375
104377
104378
104379
104380
104381
104382
104384
104385
104386
104388
104390
104391
104392
104393
104394
104395
104396
104397
104398
104399
104400
104401
104402
104407
104409
104410
104411
104412
104413
104415
104417
104418
104421
104423
104424
104425
104426
104427
104428
104429
104430
104431
104432
104433
104434
104435
104436
104437
104438
104439
104440
104441
104442
104443
104444
104446
104447
104453
104454
104457
104458
104459
104460
104461
104462
104463
104464
104465
104466
104468
104469
104470
104471
104472
104473
104474
104475
104476
104479
104480
104481
104482
104483
104484
104485
104487
104488
104489
104490
104491
104493
104495
104496
104497
104498
104499
104500
104501
104505
104507
104509
104511
104512
104513
104514
104515
104516
104517
104519
104521
104522
104523
104525
104529
104530
104531
104533
104535
104536
104537
104538
104539
104543
104545
104546
104547
104549
104551
104552
104555
104556
104558
104559
104560
104562
104563
104564
104565
104566
104567
104568
104569
104570
104571
104573
104576
104577
104578
104579
104581
104584
104585
104586
104587
104588
104589
104590
104591
104592
104595
104597
104598
104599
104600
104601
104604
104605
104606
104607
104611
104612
104613
104614
104615
104616
104617
104624
104626
104630
104631
104632
104634
104635
104644
104645
104646
104647
104648
104652
104653
104658
104659
104660
104664
104667
104670
104672
104673
104674
104676
104682
104683
104684
104685
104686
104687
104688
104689
104690
104691
104692
104698
104699
104700
104702
104703
104704
104705
104706
104707
104710
104711
104712
104713
104714
104716
104719
104720
104721
104723
104725
104726
104730
104731
104732
104733
104796
104797
104798
104801
104802
104805
104806
104807
104808
104809
104810
104812
104813
104814
104818
104819
104820
104822
104823
104826
104828
104829
104830
104831
104834
104836
104838
104839
104840
104841
104846
104847
104848
104849
104850
104851
104852
104853
104856
104857
104858
104859
104860
104861
104862
104863
104864
104865
104866
104867
104870
104871
104874
104875
104876
104877
104878
104879
104880
104882
104883
104886
104887
104888
104889
104890
104891
104892
104893
104894
104895
104896
104897
104899
104900
104901
104902
104903
104904
104905
104906
104907
104908
104909
104910
104913
104916
104917
104918
104919
104920
104921
104922
104923
104924
104925
104928
104929
104930
104931
104932
104933
104934
104935
104937
104938
104939
104941
104942
104943
104944
104945
104947
104948
104952
104953
104954
104955
104956
104957
104958
104959
104960
104961
104962
104963
104964
104965
104966
104967
104970
104971
104972
104973
104974
104975
104976
104977
104978
104979
104980
104981
104982
104983
104984
104985
104986
104987
104990
104991
104994
104995
104996
104999
105001
105003
105004
105005
105007
105008
105009
105011
105014
105015
105016
105017
105018
105020
105021
105022
105023
105024
105027
105028
105029
105030
105031
105032
105033
105034
105035
105038
105040
105041
105042
105043
105044
105045
105046
105047
105048
105049
105050
105051
105052
105053
105054
105057
105060
105061
105062
105063
105064
105065
105066
105067
105068
105069
105070
105071
105073
105075
105084
105085
105086
105087
105088
105089
105090
105091
105092
105093
105094
105095
105096
105097
105098
105099
105100
105101
105102
105103
105104
105105
105106
105107
105108
105109
105110
105112
105113
105114
105115
105116
105117
105118
105119
105120
105121
105122
105124
105125
105127
105129
105130
105131
105132
105133
105135
105138
105139
105140
105141
105143
105144
105145
105146
105147
105148
105150
105153
105154
105155
105156
105157
105158
105161
105162
105163
105164
105165
105168
105170
105171
105172
105174
105175
105176
105178
105179
105180
105181
105182
105183
105184
105188
105192
105193
105194
105195
105196
105197
105198
105201
105206
105207
105208
105209
105213
105214
105215
105216
105217
105218
105219
105220
105221
105222
105223
105226
105230
105232
105234
105235
105236
105237
105238
105239
105240
105241
105243
105244
105245
105248
105249
105250
105251
105252
105253
105254
105255
105257
105259
105260
105261
105262
105264
105265
105266
105267
105268
105269
105270
105271
105272
105273
105274
105275
105276
105277
105278
105280
105298
105299
105300
105301
105303
105304
105306
105310
105314
105315
105316
105317
105318
105319
105320
105321
105322
105323
105324
105325
105327
105328
105329
105330
105331
105332
105333
105334
105336
105337
105339
105341
105342
105343
105344
105345
105347
105366
105367
105368
105369
105370
105371
105374
105375
105376
105377
105378
105379
105381
105382
105383
105384
105385
105390
105391
105392
105393
105394
105395
105396
105398
105399
105400
105402
105403
105405
105409
105410
105412
105413
105414
105415
105416
105417
105418
105419
105420
105421
105422
105424
105425
105426
105427
105428
105430
105431
105432
105433
105434
105435
105436
105440
105441
105442
105443
105444
105445
105454
105455
105456
105457
105458
105459
105460
105462
105463
105464
105465
105466
105467
105469
105470
105471
105472
105477
105481
105484
105487
105488
105489
105490
105491
105493
105494
105495
105496
105497
105498
105499
105500
105501
105502
105504
105505
105506
105507
105508
105509
105510
105511
105512
105513
105514
105515
105516
105517
105519
105520
105521
105522
105523
105524
105525
105530
105531
105532
105533
105534
105535
105536
105537
105538
105539
105540
105541
105542
105545
105546
105547
105548
105549
105550
105551
105552
105553
105554
105555
105556
105557
105558
105559
105560
105561
105562
105563
105564
105565
105566
105567
105568
105569
105570
105571
105572
105573
105574
105575
105576
105577
105578
105579
105580
105584
105585
105586
105587
105588
105590
105591
105592
105593
105594
105595
105596
105597
105598
105599
105600
105601
105602
105603
105604
105605
105606
105607
105608
105609
105610
105611
105612
105613
105614
105615
105616
105617
105618
105619
105621
105622
105623
105624
105625
105628
105629
105630
105631
105632
105633
105635
105636
105637
105638
105639
105640
105641
105642
105643
105644
105645
105646
105649
105650
105651
105655
105658
105660
105661
105662
105663
105664
105665
105667
105668
105669
105670
105671
105672
105673
105674
105675
105676
105677
105678
105679
105681
105682
105685
105686
105687
105688
105689
105690
105691
105692
105695
105696
105697
105700
105701
105702
105703
105704
105707
105708
105709
105710
105711
105712
105713
105715
105716
105718
105719
105720
105722
105723
105724
105726
105727
105728
105735
105737
105741
105742
105743
105744
105746
105747
105750
105753
105754
105755
105756
105757
105758
105759
105762
105763
105764
105765
105766
105767
105768
105769
105770
105771
105772
105773
105774
105775
105776
105777
105778
105779
105780
105781
105782
105783
105784
105785
105791
105792
105793
105794
105798
105799
105800
105801
105802
105803
105804
105805
105806
105807
105808
105809
105810
105811
105813
105814
105815
105816
105817
105818
105819
105822
105823
105824
105827
105829
105835
105837
105838
105839
105840
105841
105842
105843
105844
105845
105846
105847
105848
105850
105851
105852
105853
105854
105855
105856
105858
105859
105860
105861
105863
105866
105867
105868
105869
105870
105871
105872
105873
105874
105875
105876
105877
105878
105879
105880
105881
105882
105883
105884
105885
105886
105887
105888
105891
105892
105893
105896
105897
105899
105900
105901
105902
105903
105904
105905
105906
105907
105908
105911
105912
105913
105914
105915
105916
105917
105918
105919
105920
105921
105923
105924
105925
105927
105928
105929
105933
105934
105935
105936
105938
105939
105940
105941
105943
105944
105945
105946
105947
105948
105953
105955
105957
105958
105959
105961
105962
105963
105964
105965
105966
105967
105968
105969
105970
105971
105972
105973
105974
105975
105978
105979
105980
105981
105982
105983
105984
105985
105986
105987
105989
105990
105994
105995
106001
106002
106004
106006
106009
106011
106012
106013
106014
106015
106016
106017
106018
106019
106020
106021
106022
106023
106024
106025
106026
106027
106028
106029
106030
106031
106032
106033
106034
106035
106036
106037
106038
106039
106040
106042
106044
106046
106047
106048
106050
106051
106052
106053
106054
106055
106056
106057
106058
106059
106060
106061
106063
106064
106065
106066
106067
106068
106070
106072
106073
106074
106079
106080
106081
106082
106083
106084
106085
106086
106087
106088
106089
106090
106091
106092
106093
106094
106095
106096
106097
106098
106099
106100
106101
106102
106103
106104
106105
106106
106107
106108
106109
106110
106111
106112
106113
106116
106117
106118
106119
106120
106121
106122
106124
106125
106126
106127
106136
106137
106139
106140
106141
106142
106143
106144
106145
106146
106148
106149
106150
106151
106152
106153
106154
106155
106156
106157
106158
106159
106160
106161
106162
106163
106164
106170
106171
106172
106173
106174
106175
106176
106177
106179
106181
106183
106184
106186
106187
106188
106189
106190
106191
106192
106193
106194
106195
106196
106197
106198
106199
106200
106202
106203
106204
106206
106207
106208
106209
106210
106211
106214
106215
106216
106217
106218
106219
106220
106221
106222
106223
106224
106225
106227
106228
106229
106230
106231
106232
106233
106234
106237
106242
106243
106245
106247
106248
106252
106253
106254
106258
106260
106261
106262
106264
106265
106266
106267
106268
106270
106271
106272
106273
106275
106276
106278
106280
106281
106283
106285
106286
106287
106288
106289
106290
106291
106292
106293
106294
106295
106296
106297
106298
106299
106300
106301
106302
106306
106307
106309
106311
106312
106313
106315
106316
106317
106318
106319
106320
106321
106322
106323
106324
106326
106327
106328
106329
106330
106331
106332
106333
106334
106337
106338
106339
106342
106350
106351
106352
106353
106354
106355
106356
106357
106358
106361
106362
106364
106365
106366
106367
106368
106370
106371
106372
106373
106374
106376
106377
106378
106379
106380
106384
106387
106388
106391
106394
106395
106396
106397
106398
106399
106400
106401
106402
106403
106404
106405
106406
106407
106408
106409
106410
106411
106412
106413
106414
106415
106416
106417
106418
106419
106420
106421
106423
106426
106427
106428
106429
106430
106431
106432
106433
106434
106435
106437
106440
106444
106445
106446
106447
106448
106449
106450
106451
106452
106453
106454
106455
106456
106457
106458
106459
106460
106461
106462
106463
106464
106465
106466
106467
106468
106469
106470
106471
106472
106474
106480
106481
106482
106483
106484
106485
106486
106487
106489
106490
106491
106492
106493
106494
106495
106496
106497
106500
106502
106503
106505
106506
106509
106510
106513
106516
106517
106519
106520
106521
106522
106523
106524
106525
106526
106527
106528
106529
106530
106531
106532
106536
106539
106540
106541
106543
106544
106545
106546
106548
106550
106552
106554
106555
106556
106559
106560
106565
106567
106568
106569
106570
106571
106572
106573
106574
106575
106576
106577
106578
106580
106581
106582
106583
106584
106585
106586
106587
106588
106589
106590
106591
106592
106594
106595
106597
106598
106599
106602
106603
106608
106609
106610
106611
106612
106613
106614
106615
106616
106617
106618
106620
106621
106622
106623
106624
106625
106626
106627
106628
106629
106630
106631
106637
106639
106640
106641
106642
106645
106646
106650
106651
106652
106653
106654
106655
106656
106657
106658
106660
106661
106664
106665
106666
106667
106668
106669
106670
106671
106672
106674
106676
106677
106678
106682
106683
106684
106685
106687
106688
106689
106690
106691
106694
106695
106696
106701
106702
106704
106706
106708
106709
106710
106711
106712
106714
106716
106718
106719
106721
106722
106723
106724
106725
106727
106728
106729
106730
106731
106732
106733
106736
106739
106740
106741
106742
106743
106744
106745
106746
106747
106748
106750
106752
106753
106754
106755
106756
106757
106759
106762
106764
106765
106766
106769
106770
106771
106773
106774
106775
106776
106777
106778
106779
106780
106784
106785
106786
106787
106788
106789
106790
106791
106793
106795
106796
106798
106799
106800
106801
106802
106803
106804
106805
106806
106807
106808
106809
106810
106811
106812
106813
106814
106815
106816
106817
106820
106821
106822
106823
106824
106825
106826
106827
106828
106829
106830
106831
106832
106833
106834
106835
106836
106840
106842
106843
106844
106845
106846
106847
106848
106850
106853
106854
106855
106856
106857
106859
106860
106861
106862
106863
106864
106866
106867
106868
106869
106870
106873
106874
106875
106876
106877
106879
106880
106881
106882
106884
106887
106888
106889
106890
106891
106892
106893
106894
106895
106896
106897
106898
106901
106903
106904
106905
106906
106907
106908
106910
106911
106912
106914
106915
106916
106917
106918
106920
106921
106922
106923
106927
106928
106929
106930
106931
106932
106933
106934
106935
106936
106937
106938
106939
106940
106941
106942
106944
106947
106951
106952
106953
106955
106956
106957
106960
106961
106962
106963
106964
106965
106966
106972
106973
106975
106976
106978
106979
106980
106981
106982
106986
106990
106991
106993
106995
106998
106999
107000
107001
107003
107008
107009
107010
107011
107014
107015
107016
107021
107023
107024
107025
107026
107031
107033
107034
107035
107038
107039
107040
107041
107042
107043
107045
107047
107048
107049
107053
107056
107063
107064
107065
107072
107073
107074
107075
107076
107077
107078
107079
107080
107081
107082
107086
107087
107088
107089
107090
107091
107092
107093
107095
107097
107100
107102
107104
107106
107107
107108
107109
107110
107113
107114
107115
107116
107117
107118
107120
107122
107123
107124
107125
107126
107127
107128
107129
107130
107131
107133
107138
107140
107142
107143
107144
107145
107146
107147
107148
107149
107150
107151
107152
107153
107154
107155
107156
107157
107158
107159
107160
107161
107162
107163
107164
107165
107168
107172
107173
107174
107175
107176
107177
107182
107183
107184
107185
107186
107188
107189
107194
107195
107196
107197
107198
107199
107201
107203
107204
107205
107206
107209
107210
107211
107212
107216
107217
107218
107219
107220
107225
107227
107228
107231
107233
107234
107235
107236
107238
107239
107243
107244
107247
107248
107250
107251
107252
107254
107255
107256
107257
107258
107259
107260
107261
107262
107270
107271
107273
107275
107276
107277
107279
107283
107286
107289
107290
107292
107293
107294
107295
107297
107298
107299
107300
107301
107302
107303
107304
107305
107306
107308
107309
107310
107311
107312
107313
107315
107316
107317
107318
107325
107326
107328
107329
107330
107331
107332
107333
107334
107337
107339
107356
107357
107358
107361
107362
107363
107364
107365
107366
107368
107369
107370
107372
107373
107375
107378
107381
107382
107383
107384
107385
107386
107388
107389
107390
107392
107395
107396
107400
107401
107404
107405
107406
107407
107408
107417
107418
107419
107421
107423
107425
107426
107427
107442
107443
107444
107445
107446
107448
107449
107450
107451
107452
107456
107458
107460
107461
107462
107463
107465
107470
107471
107474
107477
107478
107479
107480
107484
107485
107486
107487
107490
107492
107493
107494
107499
107500
107502
107504
107505
107509
107511
107517
107518
107520
107522
107524
107525
107526
107528
107529
107531
107532
107533
107534
107535
107536
107537
107538
107539
107541
107543
107544
107546
107547
107548
107549
107551
107556
107557
107560
107562
107563
107564
107565
107566
107567
107568
107569
107570
107571
107572
107573
107574
107575
107576
107577
107578
107579
107580
107584
107586
107587
107596
107597
107598
107599
107600
107605
107606
107608
107609
107610
107611
107612
107616
107617
107618
107621
107622
107624
107625
107626
107627
107628
107629
107634
107635
107636
107637
107642
107645
107646
107647
107648
107649
107650
107651
107652
107653
107654
107657
107658
107659
107668
107669
107670
107671
107676
107678
107681
107682
107683
107684
107685
107686
107689
107690
107691
107692
107693
107694
107695
107696
107701
107702
107703
107705
107706
107707
107708
107709
107710
107713
107719
107721
107722
107723
107726
107729
107733
107734
107735
107736
107737
107738
107739
107740
107741
107742
107744
107751
107757
107759
107761
107763
107765
107766
107769
107773
107774
107775
107776
107780
107781
107782
107783
107784
107785
107786
107787
107790
107791
107792
107795
107796
107797
107798
107799
107801
107803
107806
107807
107808
107809
107811
107812
107813
107816
107825
107828
107830
107831
107832
107835
107844
107847
107851
107852
107855
107856
107857
107861
107862
107865
107869
107870
107871
107873
107875
107877
107878
107879
107880
107883
107884
107885
107887
107888
107889
107891
107892
107893
107895
107896
107901
107902
107906
107908
107909
107910
107911
107912
107920
107921
107922
107924
107925
107928
107930
107931
107932
107933
107934
107935
107937
107941
107942
107943
107948
107953
107955
107956
107957
107959
107960
107964
107968
107972
107973
107974
107977
107978
107982
107985
107986
107987
107988
107989
107991
107993
107997
107999
108005
108006
108007
108008
108009
108012
108013
108014
108015
108016
108017
108018
108019
108021
108022
108023
108024
108025
108026
108027
108028
108029
108030
108032
108033
108034
108035
108036
108039
108040
108042
108043
108044
108047
108048
108049
108050
108052
108053
108054
108055
108056
108057
108063
108067
108069
108071
108072
108073
108074
108075
108078
108079
108080
108081
108082
108084
108085
108090
108091
108092
108093
108095
108096
108097
108098
108099
108102
108103
108104
108105
108106
108107
108108
108109
108111
108112
108113
108114
108116
108117
108119
108121
108122
108123
108126
108127
108128
108129
108130
108131
108132
108133
108137
108138
108141
108142
108143
108144
108146
108147
108149
108150
108153
108154
108155
108156
108157
108158
108159
108164
108165
108166
108167
108168
108170
108172
108174
108177
108178
108180
108181
108182
108183
108184
108185
108187
108188
108189
108190
108192
108197
108199
108201
108205
108206
108207
108208
108209
108210
108211
108212
108213
108216
108218
108221
108222
108223
108224
108226
108228
108229
108230
108233
108237
108239
108240
108242
108244
108250
108251
108252
108257
108260
108262
108264
108265
108266
108274
108278
108279
108280
108285
108286
108287
108290
108291
108292
108293
108294
108297
108298
108299
108300
108301
108302
108305
108306
108310
108311
108312
108313
108314
108315
108316
108317
108319
108320
108321
108323
108326
108327
108328
108329
108330
108331
108333
108341
108343
108344
108345
108346
108347
108350
108351
108358
108359
108360
108362
108364
108366
108367
108368
108369
108373
108374
108375
108380
108384
108385
108386
108388
108391
108397
108399
108400
108401
108402
108403
108406
108407
108408
108415
108417
108422
108423
108424
108429
108435
108436
108440
108446
108447
108449
108452
108453
108454
108455
108456
108458
108459
108461
108462
108465
108466
108467
108468
108471
108473
108476
108477
108478
108479
108483
108485
108487
108492
108493
108495
108498
108499
108500
108505
108508
108509
108510
108511
108514
108516
108517
108519
108520
108521
108528
108529
108530
108531
108532
108533
108534
108535
108536
108537
108538
108539
108540
108541
108542
108543
108545
108546
108547
108548
108549
108552
108553
108557
108558
108559
108560
108561
108566
108568
108572
108573
108574
108576
108577
108582
108583
108592
108593
108594
108595
108598
108600
108601
108602
108603
108604
108606
108607
108609
108610
108611
108612
108613
108614
108616
108618
108619
108620
108621
108622
108623
108624
108625
108626
108627
108628
108629
108631
108637
108638
108639
108640
108642
108647
108649
108651
108653
108654
108655
108657
108658
108659
108660
108662
108663
108664
108665
108666
108668
108670
108681
108684
108685
108686
108687
108688
108689
108691
108692
108693
108694
108695
108696
108698
108699
108702
108709
108714
108719
108720
108722
108723
108725
108727
108731
108733
108735
108736
108737
108739
108740
108741
108742
108743
108745
108746
108748
108749
108750
108751
108754
108755
108756
108757
108758
108759
108761
108762
108763
108765
108767
108768
108769
108771
108772
108773
108774
108775
108776
108777
108778
108779
108780
108781
108782
108783
108784
108785
108788
108790
108793
108794
108799
108800
108804
108807
108808
108810
108811
108812
108813
108814
108815
108816
108817
108818
108821
108825
108828
108830
108831
108832
108839
108840
108841
108842
108843
108844
108845
108846
108847
108850
108852
108855
108856
108859
108863
108864
108865
108866
108867
108868
108869
108870
108873
108874
108875
108876
108877
108878
108880
108881
108882
108883
108884
108889
108890
108891
108894
108895
108896
108897
108898
108900
108901
108904
108906
108908
108909
108910
108911
108912
108914
108921
108924
108925
108926
108927
108928
108929
108930
108931
108933
108934
108937
108938
108939
108940
108941
108942
108943
108944
108946
108948
108962
108966
108967
108969
108974
108976
108977
108978
108979
108980
108981
108982
108983
108984
108988
108989
108990
108991
108992
108993
108994
108995
108998
108999
109000
109001
109002
109003
109004
109008
109009
109010
109011
109012
109013
109014
109015
109016
109017
109018
109019
109020
109021
109022
109023
109024
109026
109028
109031
109032
109035
109036
109040
109041
109042
109043
109045
109046
109047
109048
109049
109050
109051
109056
109060
109061
109062
109063
109064
109065
109066
109071
109072
109073
109074
109075
109078
109079
109080
109081
109082
109090
109091
109093
109094
109095
109098
109099
109100
109102
109104
109105
109106
109107
109108
109109
109110
109116
109119
109128
109129
109131
109132
109133
109134
109135
109136
109141
109142
109143
109144
109145
109146
109152
109153
109157
109158
109159
109160
109162
109167
109168
109169
109173
109174
109175
109177
109179
109181
109183
109186
109187
109188
109190
109191
109192
109193
109194
109195
109197
109198
109199
109200
109202
109203
109204
109205
109206
109207
109208
109211
109213
109214
109215
109216
109217
109219
109221
109222
109223
109225
109227
109228
109229
109231
109232
109233
109234
109235
109236
109237
109239
109240
109241
109243
109248
109249
109253
109256
109257
109259
109260
109262
109264
109265
109267
109268
109269
109270
109271
109275
109289
109293
109294
109296
109297
109298
109299
109301
109302
109303
109304
109308
109312
109313
109315
109316
109317
109321
109322
109323
109325
109326
109330
109331
109333
109336
109337
109338
109339
109340
109341
109342
109343
109349
109350
109351
109353
109354
109355
109356
109357
109358
109359
109360
109361
109362
109364
109366
109367
109368
109369
109372
109374
109375
109376
109383
109384
109386
109387
109391
109393
109397
109400
109402
109403
109408
109410
109411
109417
109418
109419
109420
109422
109424
109425
109426
109427
109428
109432
109433
109437
109439
109442
109443
109444
109445
109446
109447
109448
109449
109452
109453
109454
109456
109457
109459
109460
109462
109463
109464
109465
109467
109472
109473
109474
109478
109483
109485
109486
109487
109488
109489
109490
109491
109492
109500
109501
109503
109504
109505
109506
109507
109508
109515
109517
109519
109522
109524
109526
109530
109531
109532
109533
109534
109535
109536
109537
109542
109544
109545
109546
109547
109548
109551
109552
109553
109554
109555
109559
109564
109565
109567
109568
109572
109573
109574
109576
109577
109579
109580
109584
109585
109587
109590
109591
109593
109594
109595
109596
109597
109599
109603
109605
109607
109608
109609
109610
109611
109612
109613
109614
109615
109616
109618
109619
109624
109626
109629
109631
109636
109637
109642
109646
109649
109650
109654
109655
109656
109657
109658
109659
109660
109661
109670
109672
109675
109677
109680
109682
109685
109692
109694
109696
109697
109698
109699
109700
109701
109702
109705
109706
109707
109710
109712
109713
109714
109716
109717
109718
109719
109720
109721
109723
109731
109740
109742
109743
109744
109745
109746
109747
109748
109750
109754
109756
109757
109758
109760
109761
109762
109763
109764
109765
109766
109767
109768
109769
109770
109773
109775
109776
109777
109778
109780
109781
109783
109784
109785
109786
109787
109798
109802
109804
109807
109812
109814
109816
109820
109821
109822
109824
109825
109827
109828
109830
109831
109832
109833
109834
109840
109842
109849
109853
109854
109855
109856
109858
109859
109860
109862
109863
109864
109865
109867
109869
109870
109871
109872
109873
109875
109876
109878
109879
109881
109882
109886
109887
109888
109889
109890
109892
109894
109896
109897
109898
109899
109900
109901
109902
109903
109906
109907
109908
109909
109910
109911
109912
109914
109916
109918
109924
109925
109931
109932
109934
109937
109938
109939
109940
109941
109942
109943
109945
109946
109947
109948
109949
109952
109954
109955
109960
109961
109962
109963
109964
109965
109967
109969
109971
109972
109973
109974
109975
109977
109978
109979
109990
109991
109992
109997
109998
109999
110000
110002
110007
110011
110012
110013
110014
110015
110016
110022
110025
110026
110027
110028
110029
110030
110031
110032
110033
110034
110035
110036
110042
110043
110044
110045
110046
110047
110049
110050
110051
110052
110053
110054
110056
110059
110070
110072
110074
110077
110081
110084
110085
110086
110087
110089
110093
110095
110096
110097
110101
110102
110103
110104
110105
110106
110108
110109
110117
110118
110126
110128
110129
110130
110131
110132
110135
110137
110138
110139
110140
110142
110143
110144
110145
110146
110147
110149
110150
110152
110154
110155
110159
110160
110162
110163
110164
110169
110170
110171
110172
110174
110175
110176
110177
110179
110180
110181
110182
110184
110185
110187
110188
110189
110190
110191
110192
110194
110195
110196
110197
110198
110199
110200
110201
110202
110203
110205
110207
110208
110209
110210
110211
110212
110213
110214
110215
110216
110217
110218
110219
110220
110224
110225
110226
110228
110229
110230
110231
110232
110236
110238
110239
110240
110241
110242
110243
110244
110245
110246
110247
110248
110249
110250
110251
110252
110253
110258
110259
110264
110265
110266
110267
110268
110269
110270
110271
110272
110273
110274
110275
110277
110278
110279
110280
110281
110282
110283
110285
110286
110287
110288
110289
110290
110292
110293
110294
110296
110297
110298
110300
110301
110303
110304
110305
110307
110308
110309
110310
110313
110314
110315
110316
110317
110318
110319
110320
110321
110322
110323
110324
110325
110326
110327
110328
110329
110330
110331
110334
110335
110336
110337
110338
110339
110340
110341
110342
110343
110344
110345
110346
110347
110349
110354
110355
110356
110357
110358
110359
110360
110361
110364
110365
110366
110367
110368
110369
110370
110371
110372
110373
110381
110382
110383
110386
110387
110389
110390
110391
110394
110395
110398
110400
110403
110404
110408
110414
110415
110419
110422
110428
110430
110431
110432
110433
110434
110435
110436
110439
110440
110441
110442
110443
110444
110445
110446
110447
110453
110454
110455
110456
110457
110459
110460
110461
110462
110463
110466
110467
110469
110470
110471
110472
110473
110474
110475
110476
110477
110478
110480
110481
110483
110484
110485
110486
110487
110488
110490
110491
110492
110498
110500
110502
110503
110504
110506
110507
110509
110510
110511
110512
110514
110515
110516
110517
110519
110520
110522
110527
110528
110529
110531
110532
110533
110535
110536
110537
110538
110540
110541
110543
110544
110546
110547
110548
110549
110551
110552
110553
110554
110556
110559
110560
110563
110564
110565
110566
110567
110568
110569
110570
110571
110572
110576
110582
110584
110585
110587
110588
110589
110590
110591
110592
110593
110594
110600
110601
110602
110603
110604
110606
110611
110614
110615
110617
110618
110619
110620
110621
110622
110623
110624
110625
110626
110627
110628
110630
110631
110632
110636
110637
110640
110642
110643
110644
110645
110647
110651
110652
110653
110654
110655
110656
110658
110660
110661
110662
110663
110664
110665
110666
110668
110669
110672
110675
110676
110677
110681
110682
110697
110701
110702
110703
110704
110706
110707
110708
110709
110712
110716
110719
110725
110727
110737
110742
110743
110750
110751
110752
110755
110762
110763
110764
110766
110769
110771
110772
110773
110774
110776
110781
110782
110783
110784
110787
110788
110789
110790
110791
110793
110795
110796
110797
110798
110799
110801
110802
110803
110804
110809
110813
110814
110815
110816
110818
110821
110823
110825
110826
110827
110828
110830
110831
110832
110834
110836
110837
110841
110842
110844
110845
110846
110847
110850
110851
110852
110853
110857
110861
110862
110865
110868
110869
110871
110872
110879
110880
110881
110882
110884
110889
110890
110891
110892
110893
110894
110895
110896
110897
110898
110900
110901
110904
110906
110907
110908
110911
110917
110918
110920
110921
110922
110923
110925
110929
110932
110938
110940
110941
110945
110946
110947
110948
110949
110950
110951
110952
110953
110956
110957
110958
110959
110960
110961
110962
110963
110964
110967
110971
110972
110973
110974
110975
110976
110977
110978
110979
110981
110983
110986
110987
110988
110989
110990
110991
110992
110993
110994
110995
110996
110997
110998
110999
111000
111001
111002
111003
111004
111005
111006
111007
111008
111009
111010
111011
111014
111016
111017
111020
111021
111022
111023
111024
111025
111026
111027
111028
111029
111030
111031
111033
111034
111037
111039
111040
111041
111043
111045
111046
111047
111048
111049
111051
111053
111054
111055
111057
111058
111059
111061
111062
111063
111064
111065
111066
111067
111068
111069
111071
111072
111073
111076
111078
111079
111080
111081
111082
111083
111084
111085
111086
111087
111088
111089
111090
111091
111092
111093
111094
111095
111096
111099
111101
111102
111103
111104
111105
111106
111107
111108
111109
111110
111111
111112
111113
111114
111116
111117
111118
111119
111120
111122
111123
111130
111131
111133
111134
111135
111136
111137
111138
111139
111140
111144
111147
111148
111149
111150
111152
111153
111155
111156
111161
111166
111171
111172
111173
111174
111175
111176
111177
111178
111179
111180
111181
111183
111184
111185
111186
111187
111189
111191
111192
111194
111196
111197
111199
111202
111205
111206
111209
111210
111211
111212
111213
111214
111216
111218
111219
111220
111223
111225
111226
111227
111228
111229
111230
111231
111232
111239
111240
111241
111242
111243
111244
111246
111249
111252
111253
111255
111256
111257
111260
111261
111262
111263
111264
111265
111268
111273
111275
111276
111278
111279
111280
111283
111284
111285
111286
111287
111289
111290
111291
111292
111293
111295
111299
111300
111301
111302
111303
111305
111306
111307
111312
111314
111315
111316
111317
111318
111319
111320
111321
111322
111323
111328
111329
111330
111333
111335
111336
111338
111341
111342
111343
111344
111345
111346
111348
111349
111351
111356
111357
111358
111359
111360
111361
111362
111363
111364
111365
111367
111368
111371
111372
111376
111377
111378
111380
111381
111382
111383
111384
111386
111392
111393
111394
111395
111396
111397
111399
111400
111401
111403
111404
111405
111406
111407
111408
111409
111410
111411
111412
111413
111418
111428
111429
111431
111432
111433
111434
111435
111439
111444
111445
111449
111450
111451
111452
111453
111455
111456
111458
111459
111460
111461
111462
111464
111466
111468
111471
111474
111475
111476
111477
111479
111480
111481
111482
111483
111484
111485
111486
111487
111488
111489
111490
111491
111492
111493
111494
111495
111498
111500
111501
111502
111505
111506
111508
111509
111512
111513
111515
111516
111519
111520
111521
111523
111524
111525
111526
111529
111532
111537
111539
111540
111541
111543
111544
111546
111547
111548
111550
111557
111558
111565
111566
111567
111568
111569
111570
111571
111572
111573
111574
111575
111576
111577
111580
111584
111585
111587
111589
111593
111595
111596
111597
111598
111599
111600
111601
111602
111603
111604
111606
111607
111610
111613
111614
111615
111616
111617
111618
111619
111621
111622
111623
111624
111625
111626
111627
111628
111629
111631
111633
111639
111641
111642
111647
111661
111667
111668
111669
111674
111676
111683
111684
111689
111690
111695
111696
111702
111709
111710
111711
111713
111714
111716
111717
111720
111721
111727
111728
111731
111732
111733
111735
111744
111745
111749
111750
111754
111756
111760
111761
111762
111763
111764
111765
111766
111767
111768
111769
111770
111771
111772
111775
111776
111777
111780
111789
111790
111791
111793
111794
111795
111797
111798
111805
111806
111807
111808
111813
111815
111816
111817
111818
111819
111820
111822
111829
111833
111834
111835
111838
111845
111846
111847
111850
111851
111854
111855
111857
111858
111861
111864
111865
111917
111923
111928
111929
111930
111933
111934
111936
111937
111938
111940
111941
111942
111943
111945
111946
111947
111948
111949
111951
111953
111956
111958
111961
111962
111964
111966
111967
111968
111970
111971
111972
111974
111980
111981
111983
111986
111993
111996
111999
112000
112002
112003
112019
112022
112023
112027
112028
112031
112039
112041
112044
112045
112047
112050
112051
112052
112053
112054
112056
112059
112060
112061
112062
112063
112064
112065
112066
112067
112069
112070
112071
112075
112076
112077
112078
112079
112080
112081
112083
112086
112087
112088
112089
112090
112091
112093
112096
112101
112102
112103
112106
112107
112108
112112
112115
112116
112121
112122
112126
112127
112128
112129
112130
112131
112133
112137
112138
112140
112142
112144
112146
112149
112150
112151
112154
112155
112156
112158
112160
112165
112166
112168
112169
112173
112175
112176
112177
112179
112181
112182
112191
112194
112195
112200
112204
112205
112210
112211
112212
112213
112214
112215
112216
112219
112220
112221
112224
112225
112226
112228
112231
112232
112233
112234
112236
112237
112238
112243
112245
112247
112248
112249
112250
112261
112264
112265
112267
112268
112269
112271
112276
112277
112279
112281
112286
112293
112294
112295
112296
112298
112299
112300
112301
112303
112304
112305
112306
112307
112308
112318
112319
112320
112322
112324
112325
112326
112327
112331
112332
112333
112334
112335
112336
112338
112342
112343
112345
112346
112347
112352
112354
112355
112356
112357
112358
112364
112366
112367
112370
112376
112377
112378
112379
112380
112381
112382
112383
112384
112385
112386
112390
112392
112393
112394
112395
112396
112397
112398
112399
112402
112408
112409
112410
112411
112412
112414
112415
112417
112418
112421
112422
112423
112424
112425
112427
112433
112434
112435
112436
112437
112438
112439
112440
112444
112445
112446
112448
112449
112450
112451
112452
112453
112454
112455
112456
112457
112461
112466
112467
112472
112475
112476
112478
112479
112480
112481
112483
112484
112485
112487
112488
112495
112498
112499
112500
112502
112504
112505
112506
112508
112510
112511
112515
112517
112518
112519
112520
112522
112523
112524
112525
112526
112527
112528
112529
112530
112531
112533
112534
112535
112536
112538
112539
112540
112543
112544
112545
112546
112547
112548
112549
112550
112551
112553
112554
112558
112559
112560
112562
112563
112564
112565
112568
112569
112570
112571
112573
112574
112576
112577
112578
112579
112580
112584
112589
112590
112592
112593
112594
112595
112599
112600
112603
112604
112605
112608
112609
112610
112613
112614
112618
112619
112623
112624
112629
112630
112631
112633
112634
112635
112637
112638
112639
112640
112641
112642
112646
112647
112648
112650
112651
112652
112657
112658
112659
112660
112661
112662
112663
112664
112665
112666
112667
112668
112669
112676
112684
112686
112687
112694
112695
112696
112697
112700
112701
112703
112704
112706
112730
112737
112738
112740
112741
112742
112744
112745
112748
112749
112753
112754
112759
112760
112761
112763
112767
112768
112769
112770
112774
112775
112776
112777
112778
112779
112780
112784
112785
112789
112790
112792
112793
112794
112795
112799
112800
112803
112806
112807
112808
112809
112810
112812
112813
112814
112815
112816
112817
112822
112823
112824
112834
112837
112839
112845
112846
112848
112851
112863
112864
112874
112876
112878
112883
112884
112885
112886
112887
112889
112890
112892
112894
112900
112902
112903
112907
112917
112921
112922
112924
112927
112928
112929
112931
112932
112933
112934
112937
112941
112948
112949
112950
112951
112955
112960
112970
112971
112972
112973
112976
112978
112979
112981
112988
112993
113004
113005
113009
113010
113012
113016
113019
113020
113021
113025
113026
113028
113029
113031
113033
113037
113042
113043
113044
113045
113047
113048
113049
113051
113055
113059
113060
113061
113062
113063
113064
113065
113066
113067
113068
113069
113070
113072
113075
113077
113078
113081
113085
113086
113088
113089
113090
113095
113103
113112
113115
113117
113123
113124
113130
113131
113132
113138
113139
113141
113143
113152
113154
113157
113158
113160
113163
113167
113168
113169
113170
113171
113174
113178
113187
113188
113191
113194
113196
113198
113199
113201
113203
113205
113206
113207
113208
113210
113213
113223
113224
113226
113228
113237
113240
113242
113243
113244
113249
113254
113255
113256
113257
113258
113259
113271
113272
113274
113275
113276
113278
113279
113280
113281
113283
113285
113287
113288
113289
113291
113292
113294
113297
113298
113299
113300
113305
113306
113310
113311
113312
113314
113315
113317
113318
113319
113320
113321
113322
113323
113324
113325
113326
113328
113329
113335
113338
113342
113343
113344
113345
113346
113347
113348
113351
113360
113361
113369
113370
113371
113372
113374
113376
113379
113380
113381
113382
113383
113384
113385
113386
113387
113388
113390
113391
113394
113397
113399
113400
113409
113410
113411
113418
113419
113421
113429
113433
113435
113436
113439
113441
113442
113446
113447
113448
113449
113450
113453
113454
113455
113457
113458
113459
113462
113465
113473
113474
113478
113480
113481
113482
113483
113484
113491
113494
113496
113497
113498
113500
113504
113505
113506
113507
113508
113510
113511
113512
113513
113514
113515
113516
113520
113523
113525
113528
113530
113531
113536
113537
113539
113541
113546
113547
113548
113549
113553
113554
113555
113558
113559
113560
113561
113562
113565
113566
113567
113568
113569
113571
113572
113573
113574
113576
113577
113578
113579
113580
113581
113582
113583
113584
113585
113586
113587
113588
113589
113590
113591
113592
113593
113594
113595
113596
113597
113599
113600
113601
113602
113603
113604
113605
113606
113607
113608
113609
113611
113612
113613
113615
113621
113623
113625
113626
113628
113629
113630
113631
113632
113633
113634
113635
113636
113639
113640
113641
113642
113644
113647
113648
113653
113654
113657
113658
113659
113660
113661
113662
113663
113664
113666
113667
113668
113671
113674
113676
113677
113678
113680
113681
113682
113683
113684
113687
113691
113692
113693
113694
113695
113697
113698
113699
113701
113704
113707
113710
113716
113717
113721
113727
113728
113730
113731
113734
113735
113736
113739
113743
113744
113746
113747
113748
113749
113752
113753
113754
113755
113760
113764
113766
113767
113776
113777
113778
113780
113782
113785
113786
113787
113788
113790
113792
113793
113795
113796
113798
113800
113804
113805
113806
113807
113808
113810
113815
113819
113822
113825
113826
113827
113828
113830
113831
113832
113835
113836
113839
113840
113842
113843
113846
113847
113850
113857
113859
113860
113861
113862
113863
113865
113866
113868
113869
113872
113884
113885
113895
113896
113897
113898
113899
113909
113910
113911
113912
113914
113915
113916
113918
113921
113925
113932
113933
113934
113935
113937
113938
113939
113940
113941
113942
113943
113946
113948
113954
113958
113959
113965
113966
113972
113975
113978
113980
113982
113992
113995
113997
113999
114000
114001
114002
114003
114004
114006
114007
114008
114009
114011
114012
114014
114017
114020
114022
114024
114026
114037
114041
114042
114043
114044
114051
114056
114061
114064
114065
114066
114070
114072
114073
114085
114086
114088
114089
114090
114099
114100
114106
114112
114116
114118
114120
114121
114124
114133
114135
114138
114145
114150
114156
114158
114159
114161
114162
114163
114175
114178
114182
114183
114188
114189
114190
114191
114192
114193
114195
114196
114198
114199
114200
114201
114202
114203
114205
114206
114209
114212
114215
114217
114218
114219
114223
114224
114226
114227
114229
114235
114251
114252
114253
114254
114256
114257
114259
114260
114261
114262
114263
114268
114269
114273
114275
114277
114279
114281
114282
114283
114284
114286
114288
114289
114290
114291
114292
114296
114297
114300
114303
114307
114315
114317
114321
114329
114330
114332
114339
114340
114341
114342
114347
114351
114353
114368
114369
114370
114372
114373
114374
114379
114381
114384
114386
114389
114390
114393
114394
114397
114398
114406
114410
114412
114413
114417
114425
114429
114435
114442
114443
114446
114451
114457
114468
114469
114470
114472
114477
114479
114481
114482
114483
114486
114488
114489
114491
114492
114494
114495
114496
114497
114498
114499
114500
114502
114503
114504
114505
114509
114511
114512
114513
114516
114517
114518
114519
114520
114521
114522
114524
114526
114527
114528
114529
114530
114533
114534
114535
114536
114537
114538
114539
114540
114541
114544
114547
114548
114551
114555
114556
114558
114559
114561
114562
114568
114572
114573
114575
114576
114586
114588
114595
114598
114599
114600
114601
114602
114606
114609
114610
114611
114614
114615
114616
114617
114618
114619
114620
114621
114622
114623
114624
114625
114626
114627
114628
114629
114630
114631
114632
114633
114634
114635
114636
114637
114638
114639
114640
114641
114642
114644
114645
114647
114652
114653
114654
114655
114656
114657
114658
114659
114660
114661
114662
114664
114665
114666
114667
114668
114669
114670
114671
114672
114673
114674
114675
114676
114677
114678
114679
114683
114684
114685
114686
114687
114688
114690
114692
114693
114694
114695
114696
114697
114701
114702
114704
114706
114725
114731
114732
114733
114735
114739
114741
114742
114744
114745
114746
114750
114754
114755
114760
114763
114771
114777
114779
114780
114781
114787
114788
114789
114792
114793
114794
114795
114797
114813
114814
114819
114821
114822
114823
114824
114825
114829
114831
114837
114842
114843
114846
114848
114849
114850
114852
114853
114855
114858
114860
114861
114862
114864
114865
114866
114867
114868
114870
114871
114872
114873
114874
114877
114880
114881
114882
114883
114884
114892
114895
114899
114900
114902
114904
114906
114909
114910
114911
114913
114914
114915
114916
114917
114919
114921
114922
114923
114924
114925
114926
114927
114928
114929
114932
114935
114936
114937
114939
114943
114944
114945
114946
114948
114951
114952
114953
114956
114957
114959
114960
114962
114963
114965
114966
114967
114968
114971
114976
114977
114978
114979
114982
114983
114986
114987
114988
114989
114992
114993
115001
115004
115005
115006
115007
115008
115009
115012
115013
115015
115016
115017
115018
115025
115029
115033
115034
115037
115038
115041
115050
115051
115052
115053
115054
115055
115057
115059
115063
115066
115067
115068
115070
115072
115073
115075
115077
115078
115079
115082
115083
115091
115095
115096
115098
115099
115103
115110
115112
115113
115116
115117
115118
115119
115120
115121
115122
115123
115124
115127
115132
115133
115134
115136
115137
115138
115139
115144
115147
115148
115153
115154
115156
115165
115166
115167
115168
115175
115179
115180
115186
115188
115189
115192
115193
115194
115200
115202
115207
115216
115217
115220
115221
115224
115230
115234
115236
115246
115247
115273
115284
115285
115287
115288
115289
115290
115291
115295
115306
115310
115311
115323
115327
115339
115340
115342
115345
115346
115347
115348
115350
115357
115359
115360
115361
115365
115366
115367
115369
115374
115379
115380
115388
115389
115394
115395
115396
115398
115400
115412
115414
115418
115421
115428
115431
115433
115437
115438
115441
115442
115447
115448
115450
115458
115460
115463
115464
115471
115473
115475
115477
115484
115488
115494
115495
115496
115498
115500
115501
115503
115505
115506
115507
115509
115510
115511
115512
115514
115515
115516
115518
115522
115523
115527
115528
115532
115533
115535
115538
115539
115540
115541
115543
115544
115545
115546
115547
115548
115552
115553
115556
115557
115558
115559
115561
115562
115563
115564
115567
115569
115571
115574
115579
115584
115585
115586
115587
115596
115599
115602
115603
115605
115606
115607
115612
115616
115625
115626
115627
115629
115631
115634
115639
115643
115645
115647
115648
115650
115655
115656
115657
115661
115662
115665
115666
115668
115670
115671
115673
115674
115677
115679
115682
115686
115687
115688
115693
115694
115696
115697
115699
115701
115704
115710
115712
115713
115714
115716
115717
115721
115725
115726
115727
115728
115729
115730
115731
115732
115733
115734
115735
115736
115741
115743
115744
115745
115746
115747
115748
115749
115750
115751
115762
115765
115767
115770
115774
115775
115781
115782
115783
115787
115789
115790
115791
115792
115795
115796
115799
115800
115804
115805
115806
115809
115813
115816
115817
115818
115819
115820
115821
115822
115823
115824
115825
115827
115830
115832
115833
115834
115836
115838
115841
115842
115843
115847
115848
115850
115853
115854
115856
115857
115860
115861
115862
115863
115865
115867
115872
115874
115876
115878
115879
115881
115882
115885
115887
115888
115889
115891
115899
115900
115901
115913
115915
115916
115917
115919
115920
115922
115923
115925
115927
115928
115930
115933
115934
115935
115945
115955
115956
115958
115960
115963
115964
115973
115974
115975
115976
115977
115978
115979
115980
115982
115984
115987
115991
115992
115996
115997
115998
116000
116001
116002
116003
116005
116008
116010
116013
116016
116017
116019
116027
116028
116029
116030
116031
116035
116041
116044
116045
116047
116048
116049
116051
116052
116053
116055
116058
116065
116066
116067
116068
116069
116070
116071
116072
116073
116074
116075
116076
116077
116078
116079
116080
116081
116085
116086
116087
116088
116090
116091
116094
116095
116111
116124
116126
116130
116140
116142
116154
116157
116158
116163
116164
116165
116166
116167
116168
116169
116170
116174
116177
116183
116184
116186
116187
116188
116189
116190
116191
116195
116196
116197
116199
116201
116202
116204
116207
116210
116211
116216
116221
116222
116223
116233
116238
116242
116244
116250
116257
116258
116267
116269
116275
116279
116281
116283
116284
116290
116299
116301
116306
116310
116312
116313
116315
116316
116318
116319
116321
116324
116335
116336
116346
116350
116354
116355
116365
116367
116375
116376
116379
116381
116384
116386
116387
116388
116389
116390
116391
116402
116406
116407
116409
116410
116413
116414
116415
116416
116423
116428
116434
116436
116438
116439
116440
116441
116443
116453
116454
116455
116463
116472
116477
116479
116481
116482
116485
116487
116488
116490
116491
116493
116494
116495
116496
116497
116498
116500
116501
116502
116503
116505
116507
116508
116509
116510
116512
116513
116514
116515
116516
116523
116527
116530
116532
116533
116534
116535
116536
116539
116541
116546
116547
116548
116549
116550
116554
116555
116557
116559
116568
116574
116581
116586
116592
116607
116622
116623
116624
116625
116628
116635
116636
116640
116644
116645
116647
116649
116650
116651
116653
116655
116656
116662
116664
116665
116666
116667
116668
116669
116671
116675
116676
116678
116681
116682
116683
116684
116685
116686
116688
116695
116699
116700
116701
116702
116705
116709
116710
116713
116720
116725
116733
116734
116736
116737
116739
116749
116750
116752
116754
116755
116756
116757
116758
116759
116760
116762
116763
116765
116766
116769
116770
116771
116772
116773
116774
116775
116776
116777
116778
116779
116786
116788
116790
116791
116793
116795
116797
116798
116800
116808
116809
116813
116828
116830
116831
116832
116833
116836
116847
116852
116866
116869
116870
116876
116877
116880
116887
116889
116890
116897
116905
116907
116908
116914
116916
116917
116918
116919
116921
116922
116923
116933
116935
116936
116938
116939
116941
116943
116944
116945
116946
116951
116957
116961
116964
116965
116966
116969
116973
116974
116975
116977
116981
116986
116987
116991
116992
116994
117000
117001
117002
117005
117016
117019
117020
117028
117030
117032
117033
117038
117044
117046
117047
117050
117051
117054
117059
117061
117065
117077
117078
117080
117081
117083
117086
117087
117092
117099
117103
117104
117109
117110
117111
117112
117122
117130
117133
117134
117136
117140
117142
117153
117161
117165
117174
117175
117176
117179
117183
117186
117187
117190
117191
117193
117196
117197
117198
117199
117201
117203
117205
117208
117212
117215
117220
117227
117229
117235
117236
117239
117241
117242
117243
117244
117250
117254
117256
117261
117264
117266
117268
117269
117270
117271
117272
117273
117274
117276
117277
117286
117290
117291
117292
117296
117297
117310
117312
117315
117316
117328
117331
117332
117347
117348
117351
117355
117356
117358
117369
117370
117371
117372
117373
117374
117379
117385
117386
117398
117399
117400
117401
117402
117403
117405
117406
117409
117411
117412
117413
117414
117415
117417
117420
117421
117422
117423
117426
117427
117436
117438
117439
117442
117444
117445
117446
117447
117448
117450
117452
117464
117466
117467
117470
117473
117474
117475
117480
117481
117501
117503
117506
117513
117514
117516
117518
117519
117520
117521
117522
117523
117527
117528
117537
117541
117543
117544
117549
117551
117552
117553
117572
117575
117576
117577
117578
117580
117585
117586
117588
117590
117591
117593
117594
117595
117596
117604
117606
117610
117611
117617
117620
117621
117622
117623
117625
117627
117628
117630
117632
117633
117634
117640
117641
117644
117649
117650
117651
117657
117658
117660
117661
117664
117665
117668
117669
117670
117672
117673
117676
117678
117686
117688
117692
117693
117695
117697
117702
117704
117708
117717
117724
117725
117726
117728
117729
117730
117731
117732
117733
117734
117735
117737
117738
117739
117740
117741
117745
117746
117747
117748
117749
117750
117751
117752
117753
117756
117757
117758
117760
117761
117762
117764
117765
117766
117768
117771
117772
117775
117776
117780
117781
117790
117791
117793
117800
117807
117818
117819
117820
117824
117832
117836
117838
117840
117851
117853
117856
117857
117861
117862
117863
117866
117873
117876
117877
117880
117882
117884
117885
117886
117889
117891
117897
117898
117899
117909
117910
117911
117912
117920
117924
117925
117926
117927
117928
117929
117932
117933
117934
117935
117936
117937
117938
117939
117940
117950
117951
117952
117953
117954
117955
117956
117960
117962
117963
117964
117965
117966
117967
117969
117972
117979
117980
117981
117982
117983
117984
117988
117989
117990
117991
117992
117994
117995
117996
117997
118000
118001
118002
118003
118004
118005
118006
118007
118008
118009
118010
118011
118012
118014
118016
118017
118018
118024
118025
118026
118028
118029
118030
118031
118033
118034
118035
118036
118037
118040
118041
118042
118046
118047
118048
118049
118051
118052
118053
118054
118055
118056
118057
118058
118060
118062
118063
118064
118070
118072
118079
118080
118081
118082
118083
118084
118085
118088
118089
118090
118091
118092
118093
118094
118096
118097
118098
118099
118100
118101
118102
118103
118104
118105
118106
118108
118109
118110
118111
118112
118114
118115
118116
118121
118122
118123
118125
118126
118127
118129
118130
118131
118132
118133
118134
118135
118137
118139
118141
118142
118143
118144
118146
118147
118148
118149
118152
118153
118156
118157
118158
118159
118160
118162
118166
118167
118168
118169
118172
118173
118174
118176
118177
118178
118183
118184
118185
118186
118187
118188
118189
118191
118192
118193
118194
118195
118196
118197
118198
118201
118203
118204
118205
118206
118207
118216
118220
118221
118226
118227
118228
118229
118230
118231
118232
118233
118237
118238
118239
118240
118241
118242
118243
118244
118245
118247
118248
118250
118251
118252
118253
118257
118259
118262
118266
118268
118269
118270
118271
118272
118273
118274
118275
118276
118282
118283
118284
118286
118289
118292
118298
118299
118300
118301
118304
118306
118308
118309
118310
118316
118318
118319
118320
118321
118323
118324
118326
118327
118328
118331
118336
118337
118338
118339
118340
118341
118343
118352
118353
118354
118355
118356
118357
118361
118362
118363
118365
118367
118375
118376
118377
118378
118379
118380
118381
118384
118385
118386
118390
118391
118392
118393
118397
118401
118404
118405
118406
118413
118415
118416
118418
118419
118420
118422
118423
118424
118425
118426
118427
118429
118430
118431
118432
118433
118436
118437
118438
118439
118440
118441
118443
118446
118450
118452
118454
118456
118458
118459
118461
118465
118466
118467
118468
118469
118470
118471
118474
118477
118478
118485
118490
118494
118495
118497
118502
118503
118505
118507
118508
118515
118516
118517
118518
118519
118520
118522
118524
118525
118526
118527
118528
118529
118536
118537
118538
118540
118553
118558
118564
118565
118567
118568
118569
118571
118572
118573
118575
118576
118581
118582
118583
118586
118590
118594
118595
118596
118599
118600
118604
118605
118606
118608
118609
118615
118616
118618
118619
118620
118621
118622
118623
118625
118626
118629
118630
118634
118635
118636
118637
118640
118641
118642
118643
118644
118646
118647
118649
118650
118651
118652
118654
118659
118662
118664
118668
118674
118678
118686
118688
118692
118693
118694
118695
118697
118699
118702
118703
118704
118705
118706
118707
118712
118713
118715
118716
118717
118719
118720
118721
118723
118724
118725
118727
118728
118730
118732
118735
118736
118737
118738
118740
118741
118744
118746
118747
118748
118749
118750
118751
118752
118753
118754
118760
118761
118762
118763
118765
118766
118767
118768
118771
118772
118773
118774
118775
118777
118778
118779
118782
118788
118791
118793
118795
118796
118797
118798
118799
118800
118801
118802
118803
118804
118805
118807
118816
118819
118821
118822
118827
118828
118834
118838
118839
118842
118843
118848
118849
118850
118851
118853
118854
118855
118856
118858
118862
118865
118866
118872
118873
118879
118889
118890
118898
118907
118909
118910
118911
118912
118916
118918
118922
118923
118924
118925
118926
118927
118942
118943
118945
118946
118949
118950
118954
118955
118956
118957
118959
118962
118964
118967
118973
118976
118978
118979
118980
118982
118983
118984
118986
118988
118991
118995
118996
118997
119000
119004
119006
119008
119011
119013
119014
119015
119016
119020
119021
119022
119023
119024
119025
119031
119033
119035
119038
119039
119040
119042
119047
119048
119064
119066
119069
119070
119072
119082
119084
119085
119086
119087
119088
119089
119096
119098
119099
119100
119102
119103
119104
119105
119106
119107
119108
119119
119120
119121
119122
119123
119124
119126
119131
119132
119133
119135
119136
119137
119138
119140
119141
119142
119144
119145
119146
119147
119148
119149
119150
119151
119152
119156
119157
119159
119161
119167
119172
119174
119176
119178
119179
119180
119184
119185
119186
119187
119188
119189
119190
119191
119203
119206
119208
119215
119216
119218
119222
119223
119232
119235
119238
119240
119244
119250
119252
119255
119257
119260
119269
119273
119275
119276
119279
119282
119285
119286
119287
119293
119295
119296
119301
119304
119306
119307
119308
119318
119321
119326
119332
119337
119347
119363
119370
119373
119375
119377
119378
119379
119381
119383
119385
119392
119393
119394
119395
119408
119409
119410
119411
119415
119416
119422
119423
119431
119435
119439
119440
119441
119442
119443
119449
119453
119454
119473
119475
119478
119479
119483
119484
119488
119489
119493
119497
119499
119507
119508
119509
119510
119511
119514
119517
119520
119521
119525
119533
119534
119535
119536
119539
119544
119556
119559
119560
119566
119569
119570
119574
119575
119579
119581
119587
119588
119595
119598
119600
119601
119603
119604
119608
119609
119611
119612
119614
119615
119616
119618
119624
119625
119626
119627
119630
119634
119639
119640
119643
119645
119646
119647
119650
119651
119653
119656
119658
119659
119660
119661
119662
119663
119668
119669
119670
119671
119672
119677
119683
119684
119685
119686
119687
119688
119694
119696
119699
119710
119717
119718
119720
119721
119730
119734
119735
119737
119738
119739
119741
119746
119754
119760
119761
119762
119767
119769
119771
119791
119792
119793
119798
119806
119809
119811
119818
119827
119830
119831
119833
119834
119835
119838
119839
119840
119843
119844
119845
119848
119850
119851
119852
119855
119859
119860
119861
119863
119865
119866
119869
119872
119875
119876
119878
119881
119882
119886
119888
119891
119892
119894
119895
119897
119908
119913
119914
119916
119917
119918
119919
119920
119921
119924
119925
119930
119931
119932
119933
119935
119944
119945
119946
119947
119948
119949
119951
119956
119960
119965
119966
119984
119986
119991
119995
119997
120000
120003
120004
120006
120011
120021
120024
120027
120030
120031
120035
120036
120041
120042
120043
120044
120045
120062
120064
120065
120067
120071
120074
120077
120078
120083
120090
120095
120096
120098
120099
120100
120102
120103
120106
120108
120109
120117
120120
120122
120127
120130
120131
120132
120135
120137
120139
120149
120166
120176
120177
120189
120192
120193
120194
120195
120197
120206
120212
120217
120222
120224
120225
120230
120232
120238
120239
120241
120242
120246
120249
120250
120251
120257
120260
120262
120265
120266
120271
120273
120284
120286
120296
120297
120298
120300
120301
120304
120306
120307
120308
120309
120314
120318
120319
120320
120326
120328
120329
120330
120331
120332
120333
120334
120335
120336
120338
120344
120346
120347
120348
120349
120352
120353
120354
120355
120358
120362
120363
120366
120367
120368
120369
120374
120375
120376
120377
120379
120380
120381
120382
120383
120384
120388
120389
120393
120395
120401
120403
120406
120407
120408
120409
120410
120412
120414
120415
120416
120417
120418
120421
120424
120427
120432
120433
120446
120447
120449
120451
120452
120453
120454
120455
120456
120458
120464
120465
120466
120467
120468
120470
120471
120472
120473
120474
120476
120478
120479
120481
120483
120485
120492
120497
120499
120501
120502
120503
120504
120505
120506
120507
120510
120516
120521
120533
120534
120546
120548
120550
120555
120556
120557
120562
120569
120573
120575
120577
120580
120582
120587
120588
120589
120590
120592
120593
120594
120595
120596
120600
120601
120602
120603
120612
120615
120616
120617
120618
120619
120620
120621
120623
120627
120633
120635
120637
120643
120644
120646
120648
120656
120657
120658
120659
120660
120664
120665
120667
120668
120669
120670
120675
120677
120680
120683
120685
120686
120690
120691
120693
120694
120695
120696
120697
120698
120701
120704
120706
120707
120709
120710
120713
120714
120715
120716
120717
120720
120721
120723
120724
120725
120726
120727
120729
120730
120731
120732
120734
120736
120743
120744
120748
120753
120754
120755
120758
120763
120769
120779
120782
120785
120788
120791
120792
120793
120794
120795
120796
120797
120798
120804
120807
120808
120809
120812
120813
120814
120815
120816
120818
120820
120824
120825
120832
120833
120834
120836
120837
120838
120839
120840
120841
120845
120847
120848
120850
120852
120853
120854
120855
120857
120859
120861
120864
120865
120866
120868
120869
120875
120878
120879
120881
120884
120887
120889
120890
120891
120892
120895
120896
120898
120899
120900
120901
120902
120903
120904
120905
120906
120907
120908
120911
120914
120915
120918
120919
120921
120923
120927
120935
120938
120946
120947
120952
120954
120957
120959
120961
120963
120964
120966
120969
120970
120971
120974
120975
120984
120985
120986
120988
120991
120997
120999
121000
121002
121003
121005
121006
121008
121009
121013
121014
121015
121018
121019
121020
121021
121023
121024
121026
121029
121030
121031
121032
121033
121034
121035
121036
121037
121038
121040
121041
121042
121043
121045
121046
121048
121050
121053
121056
121057
121058
121064
121067
121068
121069
121072
121073
121077
121079
121080
121081
121082
121083
121084
121085
121087
121090
121091
121101
121114
121115
121116
121117
121118
121119
121129
121131
121132
121133
121134
121136
121137
121138
121150
121151
121152
121155
121156
121158
121159
121165
121166
121168
121175
121176
121178
121180
121187
121188
121189
121190
121197
121199
121202
121204
121207
121208
121209
121213
121215
121219
121220
121221
121226
121230
121231
121234
121237
121238
121240
121245
121246
121248
121252
121255
121259
121260
121261
121262
121263
121265
121266
121267
121268
121269
121270
121271
121272
121273
121274
121275
121276
121277
121279
121280
121281
121282
121283
121284
121285
121286
121287
121288
121294
121296
121303
121304
121306
121309
121310
121316
121317
121319
121323
121324
121325
121326
121327
121328
121329
121334
121335
121336
121339
121340
121341
121342
121343
121344
121346
121350
121354
121357
121360
121362
121363
121365
121368
121369
121372
121374
121375
121377
121385
121391
121394
121395
121397
121401
121403
121405
121426
121433
121435
121437
121447
121448
121449
121451
121454
121456
121461
121466
121469
121474
121478
121480
121483
121484
121485
121486
121487
121488
121489
121491
121493
121496
121502
121503
121504
121505
121509
121512
121515
121518
121519
121520
121523
121525
121527
121528
121529
121530
121531
121532
121534
121535
121539
121544
121550
121552
121553
121561
121569
121570
121571
121572
121573
121574
121575
121576
121577
121582
121583
121584
121585
121586
121587
121588
121589
121593
121595
121597
121599
121608
121609
121611
121612
121615
121618
121620
121626
121627
121638
121639
121645
121647
121650
121653
121659
121660
121662
121673
121679
121682
121684
121686
121688
121689
121691
121693
121697
121700
121702
121704
121705
121706
121707
121708
121709
121710
121711
121712
121713
121714
121715
121716
121717
121720
121722
121725
121726
121727
121729
121730
121731
121740
121741
121745
121754
121758
121760
121762
121771
121774
121777
121779
121781
121782
121783
121789
121791
121793
121794
121796
121797
121798
121801
121802
121803
121804
121805
121823
121838
121839
121843
121844
121847
121848
121850
121853
121854
121855
121857
121864
121866
121867
121869
121870
121873
121874
121875
121878
121880
121883
121884
121885
121886
121887
121888
121891
121898
121902
121905
121906
121912
121914
121919
121923
121924
121930
121932
121933
121934
121936
121938
121939
121940
121943
121944
121945
121946
121947
121948
121949
121950
121951
121953
121954
121955
121957
121959
121962
121969
121972
121973
121974
121975
121977
121978
121980
121981
121982
121983
121986
121987
121989
121991
121992
121996
121998
122001
122002
122005
122006
122016
122025
122026
122027
122028
122029
122030
122033
122040
122041
122043
122046
122048
122049
122058
122066
122067
122074
122075
122077
122078
122079
122082
122085
122087
122088
122091
122092
122094
122096
122098
122099
122102
122103
122104
122105
122107
122109
122110
122112
122114
122117
122124
122125
122134
122135
122138
122143
122144
122147
122148
122149
122150
122151
122152
122154
122162
122166
122167
122168
122176
122183
122184
122187
122188
122189
122190
122191
122192
122194
122197
122198
122200
122203
122204
122211
122212
122223
122224
122230
122231
122232
122235
122239
122241
122244
122245
122246
122253
122260
122263
122264
122265
122267
122268
122269
122276
122277
122278
122279
122282
122284
122285
122287
122288
122291
122293
122300
122302
122305
122308
122309
122311
122314
122315
122317
122321
122323
122325
122326
122328
122329
122332
122333
122336
122340
122341
122342
122344
122349
122350
122353
122355
122356
122365
122366
122368
122378
122379
122381
122382
122384
122385
122387
122392
122394
122395
122396
122397
122398
122413
122416
122419
122420
122421
122424
122428
122431
122435
122440
122443
122448
122449
122450
122452
122455
122460
122464
122466
122467
122472
122473
122478
122481
122487
122488
122489
122490
122491
122493
122494
122497
122499
122501
122503
122505
122506
122513
122517
122521
122528
122529
122531
122532
122534
122535
122536
122538
122540
122544
122546
122548
122549
122550
122551
122555
122557
122559
122562
122567
122570
122572
122574
122575
122576
122577
122578
122580
122583
122584
122585
122586
122587
122590
122591
122592
122605
122606
122610
122611
122615
122618
122624
122629
122631
122636
122638
122644
122645
122647
122649
122650
122652
122653
122654
122661
122663
122665
122668
122671
122672
122673
122677
122682
122684
122691
122693
122697
122698
122700
122701
122707
122708
122720
122721
122723
122739
122742
122744
122749
122750
122751
122752
122753
122758
122759
122760
122761
122764
122766
122773
122775
122776
122777
122778
122779
122780
122782
122783
122784
122788
122793
122794
122795
122804
122805
122808
122809
122810
122811
122813
122823
122826
122829
122830
122832
122835
122836
122838
122841
122842
122844
122845
122848
122851
122852
122853
122854
122856
122858
122859
122860
122863
122864
122865
122866
122869
122870
122871
122873
122874
122875
122877
122880
122883
122887
122889
122890
122892
122894
122902
122904
122906
122914
122915
122916
122917
122920
122924
122925
122929
122930
122932
122933
122934
122936
122937
122941
122943
122947
122948
122949
122950
122951
122953
122958
122959
122962
122964
122966
122967
122968
122970
122971
122974
122975
122977
122978
122979
122980
122983
122984
122986
122988
122990
122993
122994
122995
122999
123002
123004
123006
123008
123009
123012
123014
123015
123019
123020
123026
123027
123028
123029
123034
123037
123038
123039
123045
123046
123047
123048
123051
123054
123055
123056
123057
123059
123065
123067
123068
123070
123076
123077
123078
123082
123083
123085
123086
123087
123088
123089
123090
123091
123092
123093
123094
123095
123098
123100
123101
123102
123103
123104
123105
123106
123107
123108
123115
123121
123125
123126
123128
123129
123130
123133
123135
123136
123141
123142
123143
123144
123145
123148
123150
123152
123153
123155
123157
123158
123159
123160
123171
123172
123173
123174
123175
123176
123177
123178
123180
123187
123188
123189
123190
123197
123198
123199
123200
123202
123203
123206
123208
123211
123213
123215
123216
123217
123220
123221
123222
123223
123224
123225
123228
123229
123231
123234
123247
123248
123249
123251
123254
123256
123264
123267
123268
123270
123271
123272
123273
123277
123281
123283
123286
123289
123291
123292
123294
123296
123297
123300
123302
123305
123306
123313
123318
123319
123326
123327
123328
123329
123347
123351
123352
123353
123354
123356
123357
123360
123362
123364
123365
123368
123369
123373
123374
123376
123381
123382
123391
123392
123393
123396
123397
123403
123405
123407
123409
123412
123413
123418
123419
123420
123421
123422
123425
123428
123429
123432
123433
123434
123435
123437
123438
123439
123444
123447
123448
123449
123450
123452
123453
123454
123455
123456
123457
123465
123472
123473
123474
123475
123476
123480
123487
123491
123492
123493
123495
123498
123502
123503
123505
123506
123507
123510
123511
123513
123515
123519
123520
123522
123523
123524
123525
123526
123527
123529
123530
123531
123539
123542
123543
123544
123545
123546
123549
123552
123553
123564
123565
123567
123568
123569
123573
123574
123577
123578
123582
123584
123587
123590
123591
123599
123601
123602
123605
123608
123613
123614
123616
123619
123623
123625
123626
123632
123634
123636
123641
123643
123644
123647
123648
123649
123653
123658
123659
123661
123662
123663
123664
123670
123671
123672
123675
123678
123680
123681
123687
123688
123689
123694
123695
123700
123705
123707
123708
123709
123710
123712
123716
123721
123734
123735
123736
123737
123738
123740
123747
123749
123753
123754
123756
123762
123763
123764
123765
123768
123772
123776
123777
123778
123781
123783
123785
123786
123787
123788
123789
123790
123792
123794
123795
123796
123797
123799
123802
123803
123806
123808
123809
123812
123815
123817
123818
123819
123822
123823
123824
123828
123829
123830
123831
123832
123836
123840
123841
123842
123843
123844
123845
123846
123847
123848
123849
123850
123851
123853
123855
123856
123857
123858
123859
123860
123863
123864
123865
123872
123873
123874
123875
123876
123877
123878
123879
123880
123881
123882
123883
123884
123885
123886
123888
123889
123891
123892
123899
123901
123906
123907
123909
123910
123912
123919
123921
123922
123923
123924
123925
123927
123928
123929
123930
123931
123932
123933
123935
123936
123937
123939
123940
123941
123946
123948
123955
123956
123959
123960
123961
123968
123969
123970
123973
123978
123979
123982
123988
123989
123990
123992
123995
123998
123999
124001
124002
124003
124004
124006
124007
124008
124010
124012
124019
124020
124021
124022
124028
124029
124032
124033
124034
124036
124037
124038
124040
124042
124044
124045
124049
124052
124053
124059
124060
124067
124068
124069
124071
124072
124074
124075
124077
124079
124080
124083
124085
124086
124094
124096
124097
124102
124104
124105
124107
124108
124110
124112
124113
124116
124117
124118
124119
124120
124121
124122
124123
124124
124125
124126
124127
124128
124129
124130
124135
124139
124143
124144
124145
124146
124147
124150
124154
124156
124157
124158
124159
124160
124161
124162
124163
124166
124167
124168
124172
124174
124181
124182
124183
124195
124196
124198
124199
124200
124201
124203
124204
124206
124207
124208
124209
124210
124211
124213
124214
124221
124223
124225
124226
124234
124238
124239
124242
124243
124244
124246
124247
124249
124256
124257
124258
124260
124261
124271
124272
124277
124279
124280
124281
124282
124283
124284
124285
124287
124292
124293
124296
124297
124298
124299
124302
124303
124304
124305
124306
124307
124308
124310
124312
124314
124317
124318
124320
124321
124323
124324
124325
124326
124327
124328
124329
124330
124331
124332
124336
124337
124339
124340
124341
124342
124343
124344
124345
124348
124352
124355
124357
124362
124364
124365
124366
124367
124368
124371
124373
124374
124376
124378
124379
124380
124384
124386
124391
124392
124393
124395
124397
124398
124399
124400
124401
124402
124405
124407
124409
124410
124411
124412
124413
124415
124416
124417
124418
124419
124420
124421
124424
124425
124426
124428
124433
124438
124440
124441
124442
124443
124444
124446
124447
124448
124449
124453
124454
124455
124457
124458
124462
124463
124464
124465
124466
124467
124468
124469
124470
124471
124472
124473
124474
124475
124476
124477
124478
124479
124480
124481
124483
124484
124485
124486
124487
124488
124489
124490
124491
124493
124495
124496
124499
124500
124501
124504
124506
124507
124508
124509
124510
124511
124512
124513
124514
124515
124516
124517
124518
124519
124520
124522
124523
124525
124527
124528
124529
124531
124532
124533
124534
124535
124536
124539
124540
124543
124544
124545
124547
124548
124549
124550
124551
124552
124553
124554
124555
124556
124557
124558
124559
124560
124561
124562
124563
124564
124566
124567
124568
124570
124571
124572
124573
124574
124575
124576
124577
124578
124579
124580
124581
124582
124583
124584
124585
124586
124587
124588
124589
124590
124591
124592
124593
124594
124595
124596
124597
124598
124599
124601
124603
124604
124606
124607
124608
124609
124610
124613
124619
124620
124621
124622
124623
124624
124626
124629
124630
124631
124632
124633
124634
124635
124636
124638
124641
124642
124643
124644
124645
124646
124647
124648
124652
124653
124654
124655
124656
124657
124659
124661
124662
124663
124664
124666
124667
124669
124670
124674
124675
124677
124679
124680
124682
124683
124687
124688
124689
124690
124691
124692
124695
124696
124697
124700
124702
124704
124705
124706
124708
124712
124716
124717
124721
124724
124725
124727
124728
124730
124731
124732
124734
124735
124736
124737
124738
124740
124743
124745
124746
124748
124752
124753
124757
124758
124759
124760
124761
124762
124763
124764
124765
124771
124772
124775
124776
124779
124780
124781
124782
124783
124784
124785
124786
124787
124791
124792
124794
124795
124796
124797
124798
124802
124803
124804
124806
124807
124808
124809
124810
124811
124812
124814
124815
124816
124817
124818
124819
124821
124822
124823
124824
124825
124826
124829
124830
124832
124833
124834
124835
124845
124851
124853
124855
124856
124859
124860
124861
124862
124863
124865
124867
124872
124874
124876
124879
124881
124883
124884
124885
124886
124887
124888
124889
124890
124891
124892
124893
124895
124896
124898
124899
124901
124902
124903
124904
124912
124913
124914
124916
124917
124918
124919
124921
124923
124924
124925
124926
124929
124930
124931
124937
124940
124941
124943
124948
124953
124954
124964
124972
124973
124974
124981
124982
124983
124984
124987
124989
124990
124991
124992
124993
124995
124996
124997
124999
125000
125001
125002
125009
125010
125013
125014
125015
125016
125018
125019
125020
125021
125023
125027
125028
125031
125033
125035
125036
125037
125038
125039
125040
125041
125042
125043
125044
125045
125048
125049
125052
125053
125054
125056
125057
125058
125059
125065
125067
125069
125070
125071
125074
125075
125076
125077
125079
125083
125086
125087
125088
125089
125090
125093
125097
125098
125104
125105
125106
125107
125108
125110
125111
125117
125121
125122
125126
125128
125130
125133
125135
125136
125137
125140
125142
125146
125148
125153
125154
125156
125158
125160
125165
125171
125172
125173
125174
125180
125182
125183
125201
125204
125205
125206
125207
125219
125227
125228
125229
125232
125233
125234
125236
125237
125247
125251
125252
125253
125255
125256
125291
125294
125295
125296
125299
125301
125310
125312
125314
125319
125320
125321
125322
125323
125324
125325
125326
125327
125330
125332
125333
125334
125340
125341
125343
125344
125345
125348
125349
125353
125355
125359
125360
125361
125363
125364
125365
125366
125367
125370
125371
125373
125374
125376
125386
125389
125390
125391
125392
125396
125399
125400
125403
125404
125405
125411
125416
125419
125420
125422
125430
125431
125433
125435
125436
125437
125438
125439
125440
125441
125442
125443
125444
125446
125450
125451
125453
125458
125466
125467
125470
125471
125473
125475
125478
125481
125482
125484
125492
125494
125496
125497
125498
125500
125503
125504
125505
125507
125509
125510
125511
125512
125513
125516
125518
125524
125529
125530
125531
125532
125533
125534
125535
125536
125537
125543
125545
125546
125547
125548
125553
125554
125556
125557
125558
125559
125560
125561
125572
125573
125574
125575
125578
125580
125582
125587
125591
125592
125593
125595
125597
125598
125600
125603
125604
125609
125611
125612
125613
125617
125618
125620
125622
125624
125625
125629
125630
125632
125637
125638
125659
125660
125662
125663
125665
125666
125667
125668
125669
125671
125672
125673
125674
125675
125676
125677
125679
125682
125683
125691
125699
125707
125709
125710
125711
125713
125717
125718
125719
125720
125721
125724
125725
125731
125732
125734
125735
125737
125738
125744
125746
125748
125749
125751
125752
125753
125754
125758
125760
125761
125762
125764
125767
125769
125770
125771
125772
125785
125787
125794
125797
125801
125802
125803
125804
125806
125807
125809
125814
125815
125816
125818
125831
125834
125842
125843
125845
125846
125848
125850
125855
125857
125863
125864
125870
125874
125875
125880
125881
125882
125883
125884
125892
125897
125902
125904
125911
125914
125916
125918
125920
125921
125926
125933
125937
125940
125944
125945
125953
125954
125955
125960
125965
125976
125995
125997
126004
126006
126008
126013
126015
126016
126018
126027
126032
126037
126040
126044
126045
126049
126053
126054
126067
126073
126076
126081
126084
126085
126096
126097
126098
126099
126103
126104
126105
126107
126119
126122
126125
126130
126131
126133
126135
126136
126138
126140
126141
126142
126143
126145
126146
126148
126149
126151
126152
126154
126155
126161
126163
126164
126166
126167
126169
126170
126171
126172
126173
126175
126178
126179
126184
126186
126187
126190
126194
126203
126206
126207
126209
126210
126214
126223
126226
126228
126231
126232
126233
126234
126237
126238
126239
126241
126247
126248
126249
126250
126252
126253
126254
126255
126256
126257
126259
126262
126271
126273
126280
126281
126282
126285
126287
126290
126291
126292
126295
126299
126301
126302
126303
126304
126306
126307
126308
126309
126310
126313
126315
126316
126317
126318
126321
126324
126327
126328
126331
126333
126336
126345
126347
126348
126349
126350
126358
126359
126363
126364
126367
126369
126370
126371
126375
126378
126382
126384
126385
126390
126391
126392
126393
126394
126395
126396
126397
126399
126413
126414
126415
126416
126418
126419
126420
126423
126426
126428
126429
126430
126431
126432
126433
126435
126440
126445
126446
126448
126450
126458
126459
126460
126461
126462
126475
126476
126478
126479
126480
126481
126487
126490
126494
126498
126499
126503
126504
126505
126506
126514
126516
126517
126519
126522
126523
126524
126526
126532
126537
126538
126539
126540
126541
126542
126544
126545
126546
126548
126549
126550
126553
126554
126555
126556
126557
126560
126561
126564
126566
126567
126568
126569
126571
126572
126573
126575
126576
126577
126578
126579
126580
126581
126582
126585
126586
126587
126588
126594
126595
126596
126600
126601
126602
126609
126610
126614
126617
126618
126620
126628
126634
126637
126639
126640
126641
126644
126646
126648
126653
126656
126658
126659
126660
126661
126671
126675
126678
126679
126681
126683
126686
126689
126691
126696
126698
126699
126700
126708
126709
126715
126716
126722
126724
126726
126728
126729
126735
126738
126739
126740
126747
126748
126751
126752
126753
126754
126755
126756
126757
126759
126760
126761
126762
126766
126768
126769
126770
126771
126772
126774
126776
126779
126780
126782
126783
126786
126789
126794
126795
126796
126797
126798
126799
126801
126803
126805
126806
126807
126808
126812
126813
126815
126817
126818
126820
126829
126833
126834
126835
126838
126839
126841
126842
126845
126848
126850
126852
126853
126855
126861
126863
126864
126865
126866
126867
126870
126871
126872
126875
126878
126879
126880
126881
126886
126890
126892
126893
126894
126895
126901
126908
126909
126911
126912
126916
126917
126918
126919
126924
126926
126928
126931
126932
126934
126935
126938
126940
126942
126947
126949
126950
126953
126954
126955
126957
126958
126959
126963
126964
126965
126966
126969
126971
126973
126974
126976
126977
126979
126980
126982
126984
126987
126988
126996
126997
127004
127010
127011
127014
127015
127016
127023
127024
127025
127027
127034
127038
127039
127045
127052
127054
127056
127058
127059
127060
127062
127067
127072
127073
127074
127075
127077
127078
127080
127084
127087
127090
127091
127094
127095
127101
127104
127105
127107
127109
127110
127112
127114
127118
127120
127121
127122
127125
127126
127127
127128
127129
127130
127131
127138
127140
127141
127144
127145
127155
127157
127158
127159
127160
127161
127162
127163
127167
127168
127169
127172
127175
127177
127178
127180
127190
127196
127198
127199
127201
127209
127211
127212
127213
127215
127221
127222
127226
127227
127229
127231
127232
127233
127241
127243
127244
127246
127248
127249
127251
127252
127253
127254
127258
127260
127265
127274
127275
127276
127277
127279
127281
127283
127284
127288
127290
127292
127293
127297
127298
127303
127304
127306
127311
127314
127328
127332
127338
127340
127341
127342
127343
127345
127346
127349
127353
127356
127362
127366
127367
127387
127388
127400
127401
127404
127407
127408
127411
127412
127413
127414
127415
127421
127424
127426
127427
127430
127431
127436
127437
127440
127442
127449
127452
127456
127457
127465
127470
127471
127472
127479
127480
127482
127483
127484
127487
127492
127495
127499
127502
127504
127506
127510
127511
127513
127516
127517
127524
127540
127545
127547
127548
127549
127556
127559
127572
127578
127583
127586
127587
127593
127596
127597
127603
127611
127612
127616
127617
127618
127624
127626
127627
127628
127629
127634
127635
127636
127637
127638
127639
127640
127641
127642
127652
127653
127656
127665
127668
127672
127676
127679
127684
127688
127693
127694
127695
127697
127699
127704
127705
127707
127715
127719
127724
127733
127734
127735
127736
127738
127739
127740
127741
127742
127743
127749
127754
127758
127761
127762
127763
127765
127768
127772
127774
127775
127776
127780
127781
127783
127788
127789
127790
127796
127799
127800
127801
127805
127807
127808
127812
127817
127821
127823
127825
127829
127831
127834
127836
127837
127838
127840
127847
127849
127853
127854
127855
127856
127857
127859
127860
127861
127862
127863
127864
127866
127867
127872
127876
127886
127887
127892
127898
127899
127900
127902
127904
127907
127908
127910
127916
127928
127929
127930
127931
127932
127933
127934
127938
127940
127941
127944
127945
127946
127951
127952
127953
127956
127957
127959
127960
127961
127963
127964
127966
127968
127971
127972
127975
127977
127978
127980
127981
127983
127987
127988
127990
127993
127999
128001
128002
128003
128005
128006
128008
128009
128010
128011
128013
128014
128016
128022
128023
128026
128028
128029
128030
128037
128041
128042
128044
128050
128051
128052
128053
128055
128056
128057
128058
128060
128062
128063
128068
128069
128070
128072
128074
128076
128077
128080
128081
128082
128083
128084
128085
128087
128088
128089
128090
128093
128094
128095
128101
128102
128103
128105
128108
128109
128110
128114
128118
128119
128120
128121
128129
128130
128131
128132
128133
128134
128135
128142
128147
128148
128150
128152
128155
128156
128157
128158
128159
128164
128165
128167
128176
128179
128184
128185
128186
128187
128188
128189
128190
128200
128201
128204
128205
128207
128208
128212
128213
128215
128216
128218
128221
128223
128224
128228
128229
128230
128231
128234
128239
128245
128252
128253
128254
128256
128257
128261
128262
128263
128265
128266
128267
128268
128271
128272
128274
128275
128276
128277
128278
128280
128281
128282
128283
128284
128285
128297
128300
128301
128302
128303
128304
128305
128306
128307
128308
128311
128316
128319
128326
128328
128329
128330
128332
128337
128342
128343
128344
128345
128346
128347
128349
128350
128352
128355
128356
128359
128361
128362
128365
128367
128368
128377
128378
128380
128387
128389
128391
128393
128395
128397
128398
128402
128412
128413
128414
128416
128417
128418
128419
128421
128422
128423
128425
128426
128427
128428
128429
128430
128431
128432
128433
128436
128437
128439
128440
128443
128450
128452
128454
128455
128459
128463
128467
128470
128471
128475
128476
128478
128480
128481
128486
128487
128488
128489
128494
128496
128497
128498
128503
128504
128505
128507
128510
128511
128512
128513
128516
128523
128524
128526
128528
128529
128531
128533
128534
128538
128539
128541
128542
128543
128546
128551
128553
128555
128557
128558
128559
128560
128561
128564
128565
128569
128572
128577
128579
128582
128583
128590
128593
128594
128596
128597
128598
128601
128608
128609
128612
128613
128614
128620
128621
128622
128625
128629
128631
128632
128634
128638
128639
128642
128643
128644
128646
128647
128648
128649
128650
128651
128652
128665
128667
128668
128670
128672
128673
128674
128675
128676
128677
128684
128687
128688
128691
128694
128698
128705
128708
128721
128722
128723
128725
128729
128730
128732
128733
128737
128742
128743
128744
128747
128748
128756
128758
128759
128762
128763
128764
128765
128769
128770
128771
128774
128775
128781
128783
128784
128786
128789
128791
128798
128804
128805
128806
128807
128808
128809
128810
128811
128816
128821
128822
128823
128824
128825
128826
128827
128828
128829
128831
128833
128834
128835
128837
128840
128841
128842
128846
128847
128848
128854
128856
128859
128870
128871
128872
128873
128875
128878
128879
128880
128881
128883
128885
128886
128887
128888
128894
128895
128902
128903
128907
128909
128910
128911
128912
128913
128914
128915
128916
128917
128918
128919
128920
128921
128922
128923
128924
128925
128926
128927
128931
128932
128933
128934
128936
128941
128950
128953
128954
128957
128963
128964
128965
128968
128970
128971
128973
128976
128977
128978
128979
128980
128982
128985
128987
128988
128989
128990
128991
128992
128993
128994
128995
128996
128998
128999
129000
129002
129003
129004
129005
129006
129007
129008
129009
129012
129014
129015
129019
129020
129023
129032
129033
129034
129035
129044
129045
129054
129060
129061
129063
129064
129065
129066
129067
129068
129069
129070
129071
129072
129073
129074
129075
129076
129077
129078
129079
129080
129081
129082
129083
129084
129085
129086
129087
129088
129089
129090
129091
129092
129093
129094
129096
129097
129098
129099
129100
129101
129102
129103
129104
129105
129106
129107
129108
129109
129110
129111
129112
129113
129115
129117
129125
129129
129131
129135
129136
129143
129147
129164
129165
129166
129168
129169
129170
129171
129172
129173
129175
129177
129178
129183
129184
129187
129192
129193
129198
129202
129204
129205
129208
129209
129214
129219
129220
129221
129225
129229
129231
129232
129241
129242
129243
129244
129245
129247
129250
129251
129258
129261
129262
129263
129264
129272
129273
129275
129279
129280
129281
129283
129290
129291
129292
129294
129295
129296
129298
129304
129305
129306
129310
129312
129313
129314
129315
129316
129317
129321
129322
129323
129324
129325
129329
129332
129333
129335
129337
129338
129339
129342
129344
129345
129346
129348
129349
129351
129352
129354
129360
129361
129364
129366
129368
129369
129370
129371
129372
129373
129374
129375
129376
129378
129379
129380
129382
129388
129390
129398
129399
129400
129402
129403
129404
129409
129410
129411
129418
129421
129422
129423
129424
129425
129427
129428
129429
129430
129431
129433
129435
129436
129441
129443
129445
129446
129447
129448
129451
129460
129461
129464
129466
129467
129468
129469
129470
129471
129476
129477
129490
129492
129496
129498
129499
129500
129503
129504
129508
129510
129511
129515
129516
129520
129522
129530
129531
129535
129542
129545
129547
129548
129549
129551
129552
129553
129554
129561
129562
129564
129565
129566
129568
129569
129571
129573
129576
129582
129589
129591
129600
129602
129603
129605
129607
129608
129612
129613
129614
129615
129617
129618
129620
129621
129628
129631
129634
129635
129637
129638
129647
129649
129650
129651
129653
129655
129656
129658
129659
129660
129662
129665
129669
129670
129671
129679
129681
129684
129685
129688
129694
129695
129696
129697
129698
129699
129700
129702
129703
129705
129706
129707
129710
129722
129723
129724
129725
129727
129728
129730
129731
129734
129735
129736
129743
129746
129749
129751
129759
129763
129766
129769
129770
129774
129775
129782
129785
129789
129791
129792
129795
129800
129802
129806
129807
129808
129811
129812
129815
129816
129817
129819
129825
129831
129834
129848
129849
129853
129856
129862
129863
129868
129870
129871
129874
129878
129880
129881
129883
129884
129887
129897
129900
129907
129908
129910
129913
129915
129917
129920
129923
129934
129936
129939
129941
129943
129944
129947
129948
129949
129950
129952
129955
129957
129958
129960
129964
129971
129972
129977
129980
129981
129984
129988
129997
129998
129999
130000
130001
130006
130007
130011
130012
130014
130015
130021
130023
130024
130025
130029
130030
130038
130039
130044
130045
130046
130052
130055
130057
130058
130060
130061
130064
130065
130066
130067
130068
130071
130078
130080
130085
130086
130126
130130
130131
130136
130139
130141
130142
130145
130147
130148
130149
130151
130152
130153
130154
130155
130156
130157
130158
130159
130160
130161
130162
130163
130164
130166
130167
130169
130170
130171
130173
130174
130175
130181
130182
130185
130186
130187
130195
130196
130197
130201
130203
130204
130205
130207
130209
130212
130213
130214
130215
130216
130221
130222
130227
130228
130229
130230
130231
130236
130237
130238
130244
130245
130246
130247
130248
130249
130251
130253
130254
130255
130256
130258
130260
130261
130266
130267
130268
130272
130277
130279
130280
130283
130286
130292
130294
130295
130296
130299
130300
130305
130306
130312
130313
130314
130316
130317
130318
130325
130326
130327
130329
130330
130331
130335
130337
130338
130340
130344
130346
130350
130351
130353
130355
130357
130361
130362
130363
130364
130366
130370
130372
130374
130377
130378
130380
130382
130383
130384
130385
130386
130388
130389
130392
130393
130394
130396
130398
130400
130401
130402
130403
130405
130406
130407
130408
130409
130410
130411
130413
130414
130417
130418
130422
130423
130424
130425
130426
130430
130431
130432
130433
130434
130437
130438
130439
130440
130442
130447
130448
130449
130450
130456
130458
130459
130460
130461
130462
130463
130464
130465
130467
130469
130470
130471
130472
130473
130474
130475
130476
130477
130478
130479
130485
130486
130491
130493
130496
130498
130502
130504
130506
130508
130509
130510
130512
130515
130516
130521
130524
130525
130527
130528
130530
130532
130535
130537
130538
130541
130549
130551
130568
130569
130576
130577
130581
130583
130585
130587
130588
130589
130591
130593
130594
130601
130605
130606
130607
130610
130612
130614
130615
130616
130617
130621
130626
130629
130630
130631
130633
130639
130640
130641
130642
130644
130646
130648
130651
130652
130653
130654
130655
130656
130657
130658
130659
130661
130662
130663
130667
130668
130669
130671
130672
130676
130678
130680
130681
130682
130683
130686
130692
130694
130695
130696
130698
130699
130700
130702
130707
130711
130713
130715
130716
130720
130721
130723
130724
130725
130730
130732
130733
130738
130740
130741
130744
130750
130755
130757
130758
130759
130761
130765
130766
130767
130769
130770
130771
130776
130777
130778
130779
130780
130785
130786
130787
130788
130789
130791
130793
130794
130796
130797
130798
130799
130800
130801
130803
130806
130807
130811
130825
130826
130827
130828
130832
130833
130837
130841
130842
130843
130844
130845
130846
130848
130851
130855
130858
130861
130864
130866
130867
130874
130879
130887
130888
130890
130893
130895
130896
130899
130902
130903
130907
130915
130916
130917
130918
130919
130921
130922
130923
130924
130925
130926
130928
130929
130930
130933
130934
130940
130948
130951
130962
130967
130973
130974
130975
130977
130978
130979
130980
130981
130982
130983
130984
130986
130988
130989
130997
131001
131008
131014
131015
131016
131017
131020
131022
131025
131026
131027
131029
131030
131032
131033
131035
131041
131043
131044
131045
131047
131050
131051
131052
131056
131058
131059
131061
131063
131065
131070
131071
131075
131080
131082
131083
131084
131086
131091
131092
131096
131099
131100
131110
131111
131114
131115
131116
131118
131119
131121
131122
131124
131125
131127
131128
131129
131131
131133
131137
131145
131147
131149
131151
131154
131156
131157
131170
131171
131173
131174
131175
131176
131179
131180
131181
131182
131184
131185
131186
131187
131189
131190
131191
131195
131202
131208
131209
131212
131214
131215
131216
131218
131219
131220
131222
131227
131228
131230
131231
131232
131233
131236
131237
131241
131242
131243
131244
131248
131250
131253
131255
131256
131258
131259
131260
131264
131265
131266
131276
131278
131280
131283
131285
131287
131289
131293
131294
131295
131300
131301
131302
131303
131304
131305
131307
131309
131312
131313
131314
131316
131317
131318
131320
131321
131322
131327
131328
131329
131332
131333
131334
131338
131339
131340
131342
131344
131345
131346
131349
131350
131351
131363
131366
131369
131373
131374
131377
131378
131380
131384
131385
131388
131389
131395
131396
131397
131399
131403
131404
131405
131408
131409
131410
131411
131413
131414
131415
131416
131417
131418
131419
131420
131422
131423
131424
131426
131428
131429
131430
131432
131433
131434
131436
131437
131441
131443
131446
131453
131460
131461
131464
131465
131466
131467
131470
131473
131474
131475
131477
131478
131479
131480
131484
131487
131488
131489
131493
131494
131496
131497
131498
131500
131501
131503
131504
131506
131508
131509
131517
131521
131522
131523
131524
131525
131544
131545
131546
131547
131550
131551
131553
131555
131557
131561
131562
131563
131564
131568
131569
131570
131574
131580
131585
131592
131593
131600
131601
131607
131608
131609
131610
131611
131612
131613
131614
131615
131617
131618
131619
131621
131622
131623
131624
131625
131626
131628
131629
131633
131635
131637
131638
131648
131650
131651
131652
131653
131654
131656
131657
131658
131659
131663
131668
131672
131674
131678
131680
131682
131683
131685
131691
131692
131696
131701
131703
131706
131707
131708
131710
131714
131716
131718
131719
131720
131721
131722
131723
131728
131729
131734
131745
131747
131748
131749
131750
131751
131754
131755
131756
131757
131759
131762
131763
131768
131773
131776
131778
131779
131780
131781
131782
131783
131786
131794
131795
131796
131798
131799
131801
131803
131805
131807
131808
131812
131813
131815
131816
131819
131820
131821
131822
131824
131827
131828
131836
131839
131840
131842
131843
131844
131845
131850
131851
131852
131857
131861
131863
131873
131875
131876
131881
131882
131883
131884
131885
131887
131888
131890
131891
131892
131900
131901
131911
131914
131920
131922
131923
131924
131928
131931
131934
131935
131936
131937
131938
131939
131940
131942
131950
131951
131952
131953
131954
131955
131956
131957
131960
131962
131968
131969
131974
131979
131980
131982
131983
131989
131993
131996
132000
132001
132009
132013
132014
132030
132031
132035
132036
132038
132039
132042
132048
132056
132061
132062
132063
132065
132066
132067
132068
132069
132071
132072
132073
132077
132078
132079
132083
132084
132088
132090
132091
132100
132102
132103
132104
132106
132107
132108
132112
132115
132118
132119
132120
132123
132124
132125
132128
132129
132130
132133
132134
132136
132139
132143
132144
132153
132154
132156
132157
132158
132159
132161
132162
132163
132165
132166
132167
132169
132171
132180
132185
132186
132189
132190
132192
132194
132199
132202
132203
132205
132208
132211
132212
132214
132232
132233
132236
132238
132242
132244
132245
132246
132247
132248
132249
132250
132253
132256
132258
132261
132262
132264
132265
132267
132274
132278
132280
132282
132284
132285
132286
132287
132288
132290
132291
132292
132293
132295
132296
132305
132312
132319
132321
132322
132323
132327
132328
132329
132330
132333
132335
132340
132343
132344
132346
132349
132357
132361
132365
132368
132369
132370
132371
132373
132374
132375
132376
132377
132378
132379
132380
132382
132383
132385
132394
132396
132397
132398
132399
132401
132404
132405
132406
132411
132412
132413
132415
132417
132418
132419
132422
132424
132425
132426
132427
132428
132431
132433
132435
132440
132444
132445
132447
132448
132449
132451
132455
132456
132458
132463
132464
132465
132466
132470
132471
132474
132475
132476
132479
132484
132485
132486
132488
132490
132496
132497
132499
132500
132501
132504
132505
132507
132508
132511
132516
132517
132518
132519
132520
132522
132523
132526
132530
132531
132532
132533
132535
132537
132538
132539
132541
132548
132550
132551
132552
132553
132555
132556
132558
132559
132560
132561
132562
132564
132565
132566
132574
132589
132593
132595
132607
132612
132613
132614
132618
132621
132622
132624
132625
132634
132635
132636
132637
132638
132641
132653
132656
132663
132665
132667
132668
132671
132673
132675
132676
132678
132679
132680
132681
132682
132683
132684
132687
132691
132693
132698
132704
132705
132713
132714
132716
132719
132721
132722
132723
132725
132727
132729
132736
132739
132740
132743
132744
132745
132746
132747
132749
132750
132752
132757
132758
132760
132761
132762
132764
132773
132778
132787
132788
132790
132791
132799
132800
132801
132803
132807
132813
132814
132815
132817
132819
132821
132824
132825
132828
132830
132831
132834
132836
132841
132842
132843
132845
132849
132852
132855
132857
132858
132865
132866
132870
132871
132873
132874
132877
132881
132884
132889
132892
132898
132900
132910
132911
132912
132915
132916
132919
132920
132923
132926
132928
132929
132932
132933
132934
132935
132936
132937
132938
132939
132940
132942
132947
132949
132953
132955
132959
132960
132962
132966
132967
132970
132975
132977
132985
132986
132989
132991
132992
132993
132994
132999
133000
133003
133004
133005
133006
133007
133008
133009
133010
133011
133012
133017
133023
133026
133028
133029
133032
133033
133034
133036
133043
133047
133048
133051
133052
133053
133056
133057
133059
133060
133061
133064
133071
133073
133076
133077
133078
133081
133084
133086
133087
133088
133091
133092
133093
133094
133095
133100
133107
133108
133110
133111
133112
133113
133114
133116
133117
133118
133122
133123
133125
133129
133139
133143
133145
133146
133148
133149
133150
133155
133157
133163
133164
133165
133167
133168
133170
133171
133172
133173
133174
133175
133176
133177
133178
133179
133181
133183
133184
133185
133187
133188
133189
133191
133192
133193
133197
133199
133204
133208
133209
133210
133212
133213
133215
133219
133229
133232
133242
133243
133244
133245
133246
133247
133248
133249
133250
133252
133253
133254
133255
133256
133259
133260
133261
133262
133268
133269
133271
133272
133273
133274
133278
133279
133280
133281
133283
133291
133293
133297
133298
133300
133304
133306
133309
133317
133318
133320
133321
133322
133323
133326
133327
133329
133330
133331
133332
133333
133336
133337
133338
133341
133342
133343
133344
133345
133348
133349
133350
133351
133352
133353
133355
133356
133358
133362
133366
133371
133372
133373
133374
133375
133376
133377
133379
133380
133381
133384
133386
133387
133393
133394
133395
133396
133397
133398
133399
133400
133404
133409
133410
133411
133413
133414
133423
133430
133431
133432
133434
133435
133436
133437
133442
133446
133455
133456
133459
133465
133467
133468
133469
133472
133474
133475
133476
133477
133478
133481
133482
133487
133493
133497
133498
133502
133508
133519
133520
133521
133522
133523
133531
133532
133536
133542
133543
133545
133553
133554
133555
133556
133557
133560
133561
133562
133563
133564
133565
133567
133577
133580
133581
133582
133583
133584
133585
133587
133591
133592
133593
133594
133595
133596
133599
133602
133606
133608
133613
133614
133615
133618
133622
133623
133624
133626
133627
133630
133631
133632
133633
133638
133639
133641
133643
133644
133645
133646
133647
133648
133649
133650
133651
133652
133653
133654
133656
133660
133661
133663
133665
133666
133667
133668
133671
133672
133673
133674
133675
133676
133677
133678
133679
133680
133682
133683
133684
133685
133687
133695
133696
133697
133702
133705
133706
133707
133709
133711
133712
133715
133717
133718
133719
133720
133721
133722
133723
133724
133726
133735
133736
133737
133739
133746
133748
133749
133750
133751
133752
133754
133755
133757
133758
133764
133768
133770
133772
133773
133776
133777
133778
133779
133780
133783
133785
133786
133787
133788
133792
133794
133797
133798
133800
133801
133802
133803
133804
133805
133806
133808
133809
133811
133812
133816
133817
133818
133819
133822
133824
133833
133836
133843
133844
133845
133848
133852
133854
133858
133859
133864
133865
133866
133867
133869
133870
133871
133872
133873
133874
133875
133876
133877
133878
133880
133881
133882
133883
133884
133886
133891
133892
133894
133895
133896
133899
133900
133902
133903
133904
133905
133907
133908
133909
133915
133916
133921
133922
133925
133929
133931
133932
133933
133934
133935
133937
133938
133939
133941
133947
133948
133949
133950
133951
133956
133958
133959
133960
133961
133962
133964
133966
133967
133968
133969
133970
133971
133972
133973
133974
133975
133976
133977
133981
133983
133984
133988
133991
133992
133996
133999
134001
134003
134004
134005
134022
134023
134024
134025
134026
134027
134028
134030
134034
134036
134038
134039
134040
134041
134043
134044
134045
134049
134051
134054
134055
134056
134057
134063
134064
134065
134066
134067
134072
134073
134076
134082
134083
134088
134089
134091
134093
134098
134099
134101
134106
134107
134108
134110
134118
134120
134121
134125
134126
134128
134129
134131
134132
134135
134136
134137
134146
134167
134179
134180
134181
134184
134186
134187
134192
134201
134203
134207
134212
134216
134220
134223
134227
134229
134230
134232
134233
134245
134246
134247
134248
134249
134250
134251
134253
134254
134255
134259
134261
134266
134267
134274
134275
134276
134277
134280
134282
134284
134286
134295
134296
134297
134300
134302
134304
134305
134306
134307
134308
134313
134314
134318
134319
134320
134321
134324
134325
134327
134328
134330
134335
134339
134341
134350
134355
134359
134360
134361
134362
134364
134369
134370
134371
134372
134373
134382
134389
134391
134394
134397
134398
134399
134406
134407
134408
134413
134418
134428
134431
134434
134441
134443
134453
134461
134462
134464
134465
134467
134474
134476
134478
134479
134482
134484
134485
134486
134487
134488
134490
134491
134492
134493
134495
134499
134501
134503
134505
134506
134507
134516
134517
134518
134521
134524
134530
134531
134532
134533
134534
134538
134539
134541
134545
134547
134549
134552
134556
134557
134569
134570
134571
134574
134577
134578
134579
134580
134581
134583
134584
134585
134586
134588
134589
134590
134591
134593
134594
134595
134596
134599
134600
134601
134603
134604
134606
134607
134608
134609
134610
134611
134612
134613
134615
134617
134619
134620
134622
134623
134630
134631
134632
134633
134635
134640
134643
134644
134645
134646
134647
134648
134649
134651
134654
134658
134663
134664
134666
134667
134668
134670
134672
134676
134677
134678
134679
134681
134687
134691
134694
134695
134696
134697
134699
134700
134704
134705
134707
134708
134711
134712
134713
134716
134717
134719
134723
134724
134728
134729
134730
134732
134733
134736
134741
134743
134744
134745
134746
134752
134753
134755
134756
134757
134758
134761
134762
134763
134764
134765
134770
134781
134787
134788
134789
134792
134793
134798
134800
134807
134812
134814
134819
134820
134821
134822
134824
134834
134841
134842
134843
134848
134849
134851
134855
134857
134870
134874
134878
134883
134889
134898
134901
134906
134907
134909
134910
134913
134916
134917
134919
134921
134925
134928
134929
134932
134933
134934
134937
134938
134939
134940
134941
134942
134943
134944
134945
134946
134954
134960
134961
134963
134964
134972
134973
134974
134976
134979
134980
134984
134985
134989
134990
134991
134992
134993
134994
134995
134997
134999
135013
135014
135023
135024
135025
135028
135031
135033
135034
135045
135046
135047
135048
135054
135058
135059
135060
135061
135062
135063
135064
135065
135066
135069
135073
135074
135075
135076
135082
135083
135084
135092
135093
135094
135098
135099
135100
135104
135105
135107
135109
135118
135119
135120
135122
135127
135132
135138
135139
135150
135151
135154
135158
135160
135162
135165
135166
135167
135169
135171
135173
135177
135178
135181
135182
135183
135184
135185
135186
135187
135188
135190
135191
135192
135193
135194
135195
135196
135197
135198
135202
135203
135205
135208
135210
135215
135220
135223
135225
135226
135229
135232
135233
135234
135242
135243
135244
135245
135246
135248
135250
135262
135264
135269
135272
135274
135277
135278
135283
135286
135287
135288
135289
135290
135293
135296
135298
135299
135305
135306
135315
135321
135324
135326
135327
135329
135330
135331
135335
135336
135339
135353
135354
135355
135356
135357
135362
135369
135370
135371
135377
135378
135380
135381
135382
135383
135384
135385
135386
135389
135390
135391
135392
135394
135395
135396
135397
135400
135403
135410
135411
135412
135414
135417
135418
135428
135430
135435
135436
135438
135440
135441
135449
135453
135455
135457
135458
135465
135466
135467
135468
135469
135470
135474
135475
135479
135480
135481
135482
135483
135484
135485
135486
135488
135489
135490
135491
135492
135496
135506
135512
135513
135518
135520
135521
135525
135526
135527
135529
135532
135533
135535
135539
135542
135543
135545
135548
135559
135563
135564
135565
135566
135567
135569
135571
135572
135573
135576
135578
135582
135583
135584
135585
135586
135589
135592
135595
135596
135597
135598
135599
135600
135601
135602
135603
135604
135609
135623
135627
135630
135642
135652
135656
135658
135667
135668
135670
135676
135687
135688
135689
135694
135697
135698
135699
135700
135702
135708
135714
135716
135717
135719
135722
135725
135726
135727
135731
135739
135740
135741
135742
135743
135744
135745
135746
135749
135750
135758
135760
135763
135764
135765
135767
135768
135769
135771
135772
135773
135783
135788
135790
135791
135793
135794
135795
135801
135803
135804
135805
135807
135808
135809
135810
135811
135812
135813
135814
135815
135816
135817
135818
135819
135820
135822
135823
135824
135825
135829
135838
135847
135850
135851
135853
135861
135865
135866
135867
135868
135869
135873
135874
135875
135882
135883
135886
135892
135893
135894
135895
135896
135915
135916
135917
135918
135926
135929
135931
135933
135934
135935
135936
135938
135941
135946
135952
135957
135958
135959
135960
135962
135963
135964
135965
135968
135972
135973
135974
135975
135976
135982
135986
135988
135989
136028
136036
136041
136042
136044
136046
136047
136055
136056
136058
136060
136073
136077
136080
136081
136082
136083
136084
136089
136094
136103
136104
136105
136106
136112
136113
136116
136118
136119
136123
136124
136128
136130
136135
136136
136139
136147
136149
136151
136153
136154
136156
136158
136159
136160
136168
136174
136177
136178
136186
136187
136189
136190
136191
136194
136198
136199
136200
136202
136203
136207
136208
136209
136210
136211
136212
136213
136215
136216
136217
136218
136219
136221
136228
136234
136237
136239
136243
136246
136252
136255
136257
136258
136259
136260
136261
136262
136263
136270
136281
136282
136286
136287
136288
136289
136294
136301
136304
136308
136309
136313
136314
136315
136316
136319
136320
136325
136330
136332
136333
136334
136335
136338
136339
136340
136348
136349
136350
136351
136352
136353
136354
136355
136356
136357
136359
136361
136362
136365
136367
136372
136376
136383
136393
136395
136396
136398
136400
136401
136402
136403
136406
136408
136409
136412
136414
136415
136419
136426
136433
136437
136439
136446
136454
136455
136456
136457
136458
136459
136461
136462
136463
136464
136465
136466
136467
136469
136471
136473
136474
136477
136481
136483
136486
136488
136489
136490
136491
136495
136497
136504
136505
136506
136507
136510
136512
136515
136520
136522
136523
136528
136537
136538
136546
136547
136552
136554
136558
136559
136561
136563
136568
136569
136571
136573
136577
136578
136579
136580
136581
136587
136588
136592
136593
136594
136597
136598
136601
136604
136609
136611
136622
136623
136624
136627
136628
136629
136630
136631
136636
136638
136640
136641
136642
136643
136647
136648
136649
136650
136653
136655
136656
136657
136660
136665
136668
136670
136672
136673
136677
136683
136684
136687
136689
136693
136694
136695
136697
136700
136708
136709
136713
136716
136719
136720
136721
136722
136723
136724
136725
136726
136727
136728
136729
136730
136731
136733
136737
136739
136742
136743
136746
136747
136748
136750
136752
136753
136754
136757
136758
136760
136761
136762
136763
136764
136765
136766
136768
136771
136772
136775
136777
136780
136781
136782
136786
136787
136791
136793
136796
136802
136824
136828
136832
136833
136838
136839
136840
136841
136842
136843
136844
136845
136846
136847
136849
136851
136855
136856
136857
136858
136859
136860
136861
136862
136863
136865
136866
136871
136872
136873
136878
136879
136880
136881
136882
136884
136885
136892
136893
136894
136899
136901
136906
136910
136911
136913
136919
136924
136925
136926
136927
136928
136929
136930
136931
136932
136934
136935
136942
136943
136944
136945
136947
136948
136949
136950
136951
136952
136953
136954
136956
136958
136959
136961
136964
136967
136969
136975
136979
136990
136991
136995
136996
137002
137003
137004
137005
137007
137010
137016
137022
137025
137027
137028
137034
137035
137036
137039
137041
137048
137049
137050
137051
137052
137054
137055
137059
137060
137061
137062
137063
137064
137065
137066
137070
137073
137074
137077
137078
137079
137080
137081
137082
137083
137084
137085
137086
137088
137093
137102
137103
137105
137107
137108
137109
137112
137115
137118
137120
137123
137124
137125
137126
137127
137128
137131
137132
137133
137146
137151
137177
137183
137184
137185
137187
137193
137195
137198
137199
137200
137201
137204
137205
137212
137226
137227
137228
137230
137236
137237
137242
137246
137252
137254
137255
137256
137259
137260
137262
137281
137284
137286
137287
137288
137289
137290
137291
137293
137295
137297
137298
137299
137300
137302
137303
137304
137306
137307
137309
137313
137315
137316
137317
137318
137319
137320
137321
137322
137323
137324
137325
137326
137327
137328
137329
137330
137334
137339
137340
137344
137347
137348
137349
137350
137351
137352
137353
137354
137355
137358
137360
137363
137367
137368
137369
137371
137373
137383
137393
137394
137396
137397
137404
137406
137408
137410
137412
137413
137414
137425
137427
137430
137439
137442
137443
137444
137448
137449
137453
137457
137464
137466
137467
137468
137470
137472
137474
137478
137479
137480
137481
137482
137483
137484
137485
137493
137495
137498
137499
137500
137505
137508
137511
137516
137517
137521
137525
137529
137530
137531
137532
137534
137535
137536
137537
137538
137539
137541
137545
137546
137547
137548
137549
137550
137551
137552
137553
137554
137555
137556
137557
137559
137561
137562
137563
137564
137565
137566
137567
137568
137569
137571
137576
137577
137581
137582
137583
137584
137592
137593
137595
137596
137597
137599
137600
137606
137607
137609
137611
137615
137617
137618
137619
137620
137621
137622
137623
137624
137625
137626
137628
137631
137633
137634
137635
137636
137639
137640
137641
137652
137660
137664
137665
137668
137670
137675
137678
137679
137680
137684
137685
137688
137689
137690
137691
137692
137693
137694
137695
137696
137697
137698
137699
137700
137701
137702
137704
137705
137706
137707
137711
137716
137722
137737
137738
137739
137742
137743
137745
137746
137747
137748
137749
137750
137751
137752
137754
137755
137756
137758
137759
137763
137764
137766
137767
137768
137769
137771
137773
137774
137775
137776
137777
137779
137780
137782
137783
137784
137785
137786
137787
137791
137792
137793
137794
137795
137796
137797
137798
137799
137800
137804
137811
137812
137815
137816
137819
137827
137828
137829
137831
137832
137833
137838
137839
137840
137841
137842
137843
137844
137845
137848
137851
137852
137853
137854
137855
137856
137857
137858
137860
137861
137863
137864
137865
137866
137870
137871
137872
137874
137882
137883
137884
137885
137886
137887
137890
137891
137894
137896
137900
137902
137903
137904
137905
137906
137907
137910
137911
137912
137913
137924
137925
137938
137939
137940
137942
137943
137944
137945
137949
137950
137951
137952
137955
137956
137957
137959
137960
137963
137966
137967
137970
137971
137972
137973
137974
137976
137977
137982
137983
137984
137987
137988
137989
137990
137991
137992
137993
137994
137995
137996
137997
137998
138002
138004
138005
138006
138008
138010
138011
138012
138013
138015
138021
138022
138023
138024
138025
138026
138027
138028
138029
138030
138031
138032
138033
138034
138035
138036
138037
138038
138039
138040
138041
138042
138043
138044
138045
138049
138050
138051
138052
138053
138054
138055
138056
138057
138065
138066
138067
138068
138074
138075
138076
138077
138078
138079
138086
138092
138094
138095
138096
138097
138100
138102
138106
138113
138116
138117
138118
138119
138120
138121
138124
138125
138127
138128
138129
138133
138138
138143
138144
138145
138146
138147
138148
138150
138151
138152
138155
138158
138159
138160
138161
138162
138177
138178
138187
138194
138197
138198
138199
138202
138203
138207
138208
138209
138210
138212
138215
138217
138218
138219
138220
138221
138222
138224
138225
138226
138227
138228
138229
138230
138231
138232
138233
138234
138235
138236
138237
138238
138239
138240
138241
138242
138249
138256
138257
138258
138260
138261
138268
138269
138271
138272
138273
138275
138281
138282
138283
138284
138291
138303
138305
138307
138312
138315
138316
138317
138318
138319
138320
138323
138325
138327
138330
138336
138337
138340
138341
138343
138344
138345
138346
138347
138356
138359
138360
138362
138363
138365
138366
138367
138368
138370
138372
138373
138374
138375
138376
138377
138378
138379
138384
138385
138387
138388
138389
138390
138391
138392
138393
138394
138396
138399
138400
138403
138404
138405
138406
138407
138408
138416
138422
138424
138426
138438
138443
138444
138446
138448
138450
138452
138453
138454
138456
138457
138458
138459
138463
138464
138467
138468
138471
138475
138476
138481
138485
138486
138493
138494
138502
138511
138512
138516
138517
138520
138522
138523
138524
138526
138527
138528
138529
138530
138532
138533
138534
138539
138540
138541
138542
138546
138547
138549
138553
138555
138556
138558
138559
138562
138563
138565
138568
138570
138573
138576
138578
138584
138586
138594
138602
138603
138604
138605
138606
138607
138608
138610
138612
138614
138616
138617
138621
138623
138626
138627
138628
138629
138636
138638
138643
138649
138650
138655
138660
138663
138668
138673
138678
138680
138687
138689
138690
138691
138692
138693
138696
138698
138700
138701
138703
138704
138718
138720
138721
138722
138725
138726
138727
138728
138730
138734
138736
138737
138738
138739
138741
138742
138743
138744
138745
138748
138751
138763
138767
138768
138769
138770
138771
138772
138774
138775
138776
138777
138778
138779
138780
138781
138782
138784
138785
138786
138787
138788
138791
138792
138793
138799
138801
138802
138807
138814
138815
138817
138818
138819
138820
138821
138822
138823
138825
138826
138827
138829
138830
138831
138832
138837
138838
138839
138840
138842
138846
138847
138848
138849
138850
138854
138856
138859
138863
138866
138869
138870
138871
138874
138877
138878
138880
138881
138882
138884
138885
138886
138887
138888
138889
138892
138893
138896
138897
138898
138899
138902
138904
138905
138906
138907
138912
138913
138914
138915
138916
138918
138922
138923
138924
138925
138927
138928
138929
138930
138933
138939
138940
138941
138943
138944
138946
138948
138950
138951
138955
138956
138957
138959
138960
138961
138962
138964
138965
138968
138969
138970
138972
138975
138984
138987
138989
138991
138995
138997
139006
139007
139011
139017
139018
139022
139024
139026
139032
139033
139034
139037
139043
139044
139045
139052
139054
139060
139065
139066
139067
139068
139073
139074
139080
139086
139088
139089
139091
139092
139093
139094
139097
139100
139101
139104
139106
139108
139109
139112
139113
139114
139119
139120
139122
139123
139128
139135
139137
139138
139139
139141
139142
139145
139152
139153
139154
139155
139156
139159
139161
139162
139163
139164
139165
139166
139167
139168
139169
139170
139172
139173
139174
139175
139176
139177
139178
139179
139180
139181
139183
139185
139186
139188
139191
139194
139205
139206
139210
139216
139217
139218
139221
139223
139224
139226
139227
139229
139230
139231
139232
139233
139236
139238
139243
139244
139245
139246
139247
139248
139250
139253
139254
139256
139257
139258
139259
139260
139261
139267
139269
139270
139271
139272
139273
139276
139277
139289
139292
139293
139294
139295
139296
139297
139298
139304
139307
139309
139311
139318
139319
139323
139324
139332
139335
139336
139337
139338
139346
139347
139351
139352
139353
139355
139357
139360
139361
139363
139364
139365
139368
139369
139370
139371
139372
139374
139375
139376
139377
139381
139383
139388
139389
139391
139392
139394
139395
139399
139400
139413
139416
139418
139420
139421
139422
139423
139425
139427
139429
139432
139438
139442
139443
139444
139445
139447
139450
139453
139456
139457
139464
139466
139467
139468
139469
139470
139471
139472
139473
139474
139475
139476
139477
139478
139480
139482
139485
139486
139487
139490
139491
139495
139497
139498
139508
139509
139511
139517
139523
139526
139527
139530
139531
139533
139540
139541
139548
139549
139551
139555
139558
139583
139584
139585
139587
139591
139593
139594
139595
139596
139597
139601
139602
139603
139613
139614
139615
139617
139618
139621
139626
139627
139629
139630
139631
139632
139634
139637
139645
139649
139650
139651
139652
139653
139654
139656
139657
139662
139663
139665
139668
139669
139670
139671
139675
139676
139677
139682
139684
139685
139689
139693
139695
139699
139701
139703
139704
139705
139706
139707
139710
139711
139712
139713
139715
139729
139730
139733
139735
139742
139743
139744
139745
139751
139752
139754
139755
139756
139757
139759
139760
139761
139762
139763
139764
139766
139768
139769
139770
139772
139773
139774
139775
139781
139791
139793
139794
139795
139799
139800
139801
139803
139804
139805
139806
139807
139809
139810
139811
139812
139813
139824
139825
139826
139829
139831
139832
139833
139834
139837
139840
139842
139846
139847
139853
139854
139856
139859
139860
139861
139862
139863
139873
139879
139880
139882
139883
139888
139891
139894
139895
139896
139899
139900
139901
139903
139904
139906
139908
139909
139910
139912
139919
139920
139921
139924
139930
139936
139937
139938
139942
139948
139952
139953
139954
139955
139956
139957
139964
139965
139967
139972
139977
139978
139980
139983
139984
139985
139987
139988
139991
139996
139998
140004
140005
140011
140013
140017
140020
140022
140023
140025
140026
140027
140028
140029
140033
140035
140039
140040
140046
140054
140055
140059
140062
140067
140070
140072
140074
140077
140079
140080
140081
140082
140083
140086
140087
140090
140092
140096
140099
140100
140102
140103
140104
140107
140108
140110
140111
140119
140122
140124
140125
140126
140135
140136
140138
140142
140145
140146
140147
140150
140151
140152
140154
140155
140156
140157
140158
140159
140160
140161
140166
140167
140168
140169
140170
140171
140173
140174
140176
140177
140181
140185
140191
140192
140195
140198
140199
140201
140204
140212
140213
140215
140216
140219
140223
140227
140228
140229
140230
140231
140232
140233
140234
140235
140236
140240
140241
140243
140244
140245
140246
140247
140250
140254
140256
140258
140259
140262
140263
140266
140267
140268
140269
140270
140272
140273
140275
140276
140277
140278
140279
140280
140281
140282
140286
140288
140289
140290
140291
140292
140295
140297
140300
140301
140302
140303
140305
140306
140307
140308
140310
140316
140317
140319
140321
140328
140330
140332
140333
140335
140337
140338
140341
140343
140349
140352
140353
140355
140363
140364
140366
140367
140368
140374
140376
140377
140379
140382
140387
140394
140395
140399
140400
140406
140407
140409
140414
140420
140424
140426
140431
140432
140433
140434
140435
140436
140437
140442
140457
140461
140466
140468
140476
140477
140480
140481
140482
140483
140484
140485
140486
140488
140489
140490
140500
140502
140504
140505
140506
140507
140514
140515
140516
140518
140519
140520
140521
140522
140524
140526
140531
140532
140536
140542
140543
140544
140547
140548
140549
140550
140551
140554
140556
140558
140559
140560
140562
140564
140565
140567
140568
140569
140572
140575
140576
140581
140582
140583
140592
140595
140596
140604
140605
140609
140618
140620
140621
140627
140631
140633
140635
140637
140641
140643
140646
140648
140649
140650
140652
140655
140657
140662
140663
140668
140671
140672
140682
140683
140688
140689
140695
140697
140701
140704
140706
140710
140712
140715
140717
140718
140719
140723
140725
140726
140728
140729
140731
140732
140739
140740
140741
140742
140747
140748
140750
140751
140755
140757
140758
140759
140760
140763
140764
140765
140768
140777
140778
140780
140782
140784
140785
140786
140787
140788
140803
140805
140806
140809
140810
140811
140812
140814
140819
140821
140828
140829
140831
140832
140835
140841
140842
140843
140844
140845
140848
140849
140852
140854
140864
140865
140866
140868
140869
140872
140874
140876
140880
140881
140883
140884
140885
140889
140890
140892
140893
140894
140896
140897
140901
140902
140905
140906
140907
140908
140910
140912
140913
140914
140915
140917
140918
140919
140921
140922
140923
140927
140930
140937
140939
140940
140944
140946
140947
140949
140953
140955
140956
140959
140967
140969
140971
140982
140992
140997
140999
141001
141003
141004
141011
141012
141015
141016
141024
141025
141028
141029
141043
141045
141046
141049
141051
141052
141084
141085
141086
141087
141088
141091
141095
141100
141101
141107
141108
141111
141112
141113
141114
141116
141117
141118
141120
141126
141127
141133
141146
141150
141152
141153
141155
141156
141157
141158
141160
141166
141168
141169
141170
141173
141174
141175
141177
141178
141180
141181
141182
141183
141184
141185
141186
141187
141189
141190
141192
141193
141194
141195
141196
141203
141206
141207
141209
141211
141212
141214
141215
141220
141223
141224
141226
141227
141228
141232
141234
141239
141240
141241
141243
141244
141245
141246
141247
141248
141250
141252
141253
141255
141262
141264
141265
141268
141269
141270
141272
141278
141279
141280
141285
141286
141287
141291
141292
141293
141294
141295
141296
141297
141298
141301
141302
141303
141304
141305
141321
141324
141327
141337
141339
141347
141354
141355
141357
141358
141360
141362
141363
141365
141366
141367
141370
141371
141372
141374
141376
141378
141379
141382
141387
141388
141389
141391
141398
141400
141401
141402
141403
141407
141408
141409
141419
141420
141421
141422
141424
141432
141434
141436
141441
141442
141443
141457
141458
141460
141465
141466
141472
141473
141474
141475
141477
141485
141486
141491
141492
141493
141497
141498
141500
141501
141504
141505
141506
141507
141510
141511
141516
141517
141518
141519
141520
141521
141522
141526
141531
141542
141543
141544
141549
141550
141551
141552
141553
141559
141560
141563
141564
141565
141569
141572
141578
141582
141583
141584
141588
141591
141593
141594
141595
141596
141597
141598
141600
141602
141603
141604
141605
141608
141611
141612
141613
141622
141623
141624
141635
141645
141646
141647
141649
141650
141653
141656
141657
141659
141660
141661
141665
141667
141668
141673
141675
141677
141678
141679
141686
141687
141688
141689
141690
141691
141692
141693
141696
141699
141704
141710
141711
141713
141714
141715
141716
141717
141719
141720
141721
141722
141724
141726
141727
141728
141729
141732
141733
141734
141736
141737
141738
141741
141742
141760
141761
141764
141767
141769
141772
141774
141776
141778
141779
141784
141787
141788
141790
141792
141795
141796
141797
141798
141802
141805
141809
141817
141818
141825
141826
141832
141833
141835
141837
141838
141839
141841
141844
141846
141847
141850
141851
141854
141855
141856
141857
141859
141861
141862
141867
141869
141870
141872
141873
141874
141875
141876
141877
141885
141889
141893
141894
141895
141897
141900
141904
141905
141906
141908
141909
141910
141912
141913
141914
141917
141918
141926
141928
141930
141932
141946
141948
141949
141953
141955
141957
141958
141959
141962
141963
141964
141968
141970
141971
141972
141973
141975
141979
141981
141982
141984
141988
141989
141990
141994
142000
142001
142002
142007
142009
142011
142012
142014
142015
142020
142024
142025
142026
142027
142028
142029
142030
142032
142033
142039
142041
142042
142059
142060
142066
142067
142069
142071
142076
142079
142080
142081
142083
142084
142085
142087
142093
142094
142097
142098
142100
142101
142102
142104
142106
142108
142110
142111
142120
142121
142123
142124
142132
142134
142137
142140
142141
142143
142144
142145
142146
142147
142152
142160
142161
142162
142163
142164
142166
142167
142169
142170
142171
142172
142176
142180
142181
142187
142189
142193
142194
142201
142206
142210
142211
142213
142214
142215
142218
142223
142224
142225
142228
142229
142230
142231
142232
142233
142246
142247
142250
142252
142254
142262
142264
142267
142272
142273
142277
142278
142279
142281
142282
142283
142284
142285
142288
142289
142291
142294
142297
142298
142301
142304
142308
142310
142314
142316
142317
142320
142321
142325
142326
142327
142328
142329
142330
142331
142337
142338
142340
142342
142343
142345
142346
142348
142352
142366
142367
142368
142373
142382
142383
142385
142387
142390
142391
142392
142394
142395
142396
142397
142398
142399
142400
142401
142402
142407
142410
142415
142416
142417
142421
142423
142425
142426
142429
142431
142432
142433
142436
142437
142438
142439
142442
142445
142447
142448
142457
142462
142463
142464
142465
142468
142469
142471
142472
142473
142474
142475
142477
142478
142480
142483
142488
142490
142491
142493
142494
142499
142500
142501
142503
142504
142505
142509
142511
142512
142515
142518
142521
142522
142525
142528
142535
142545
142551
142552
142555
142556
142568
142571
142572
142573
142574
142575
142578
142580
142585
142589
142592
142594
142596
142599
142600
142601
142602
142607
142608
142609
142610
142611
142617
142620
142621
142622
142623
142628
142629
142634
142636
142637
142641
142642
142643
142644
142645
142646
142647
142648
142649
142650
142651
142652
142653
142654
142655
142656
142658
142665
142666
142667
142675
142676
142677
142679
142681
142682
142683
142684
142688
142689
142690
142692
142693
142694
142695
142696
142697
142699
142703
142706
142707
142708
142709
142710
142713
142714
142717
142718
142719
142720
142721
142722
142723
142727
142728
142729
142730
142731
142732
142733
142736
142737
142738
142739
142740
142741
142742
142743
142745
142758
142760
142763
142765
142768
142769
142771
142772
142774
142777
142780
142782
142786
142787
142788
142789
142792
142793
142795
142796
142797
142799
142801
142804
142809
142810
142811
142812
142813
142815
142816
142817
142818
142819
142820
142823
142826
142828
142834
142838
142845
142847
142851
142852
142853
142854
142855
142857
142858
142859
142864
142865
142866
142867
142868
142871
142872
142874
142875
142876
142880
142881
142882
142885
142886
142888
142890
142892
142897
142899
142900
142903
142904
142907
142908
142911
142914
142915
142916
142917
142919
142921
142924
142928
142929
142932
142934
142935
142937
142939
142941
142942
142944
142947
142948
142949
142950
142951
142952
142953
142954
142955
142956
142957
142958
142959
142960
142961
142962
142963
142964
142965
142966
142968
142969
142970
142971
142972
142976
142978
142981
142983
142985
142987
142988
142990
142991
142992
142993
142997
143012
143013
143014
143017
143018
143019
143020
143021
143023
143024
143025
143027
143028
143030
143031
143035
143036
143044
143045
143046
143047
143048
143049
143050
143051
143052
143053
143054
143055
143057
143058
143060
143061
143062
143063
143068
143071
143073
143081
143085
143087
143089
143092
143098
143099
143100
143101
143104
143108
143109
143112
143113
143114
143115
143116
143117
143118
143119
143120
143121
143126
143129
143130
143131
143136
143138
143139
143140
143141
143142
143143
143144
143146
143148
143150
143151
143152
143153
143154
143155
143156
143159
143161
143162
143167
143168
143169
143175
143178
143179
143186
143187
143190
143194
143196
143199
143200
143201
143202
143203
143204
143211
143212
143213
143215
143218
143222
143224
143226
143227
143242
143243
143245
143246
143250
143251
143252
143253
143254
143255
143258
143259
143261
143262
143266
143268
143269
143271
143272
143273
143275
143276
143277
143278
143281
143282
143287
143288
143289
143297
143298
143299
143301
143303
143305
143306
143308
143309
143311
143312
143313
143314
143315
143316
143320
143323
143324
143325
143327
143330
143332
143333
143334
143335
143336
143337
143338
143339
143340
143341
143342
143343
143345
143347
143348
143349
143350
143351
143355
143357
143358
143360
143362
143363
143364
143365
143366
143367
143369
143370
143371
143373
143374
143375
143376
143381
143382
143383
143384
143385
143388
143395
143396
143397
143398
143399
143404
143405
143406
143407
143408
143409
143410
143411
143415
143417
143419
143421
143422
143423
143424
143425
143426
143427
143428
143441
143445
143446
143449
143452
143455
143457
143458
143461
143466
143471
143472
143475
143476
143477
143479
143483
143486
143487
143489
143490
143491
143494
143496
143499
143505
143507
143508
143509
143510
143511
143512
143513
143515
143516
143518
143519
143523
143527
143528
143531
143533
143536
143537
143538
143539
143542
143545
143547
143556
143557
143559
143560
143562
143563
143564
143567
143571
143572
143573
143585
143586
143587
143589
143590
143591
143594
143595
143596
143597
143600
143605
143606
143607
143609
143611
143613
143614
143615
143616
143617
143618
143619
143620
143621
143627
143628
143630
143631
143633
143635
143637
143638
143643
143644
143645
143646
143647
143648
143649
143650
143651
143652
143653
143656
143661
143662
143663
143664
143665
143666
143667
143668
143669
143671
143672
143676
143678
143680
143682
143683
143684
143686
143689
143690
143691
143692
143693
143700
143701
143702
143703
143705
143706
143707
143708
143710
143711
143713
143718
143720
143721
143722
143727
143732
143734
143738
143739
143740
143741
143743
143744
143746
143749
143751
143752
143753
143755
143756
143759
143760
143762
143765
143766
143773
143775
143777
143780
143781
143782
143784
143786
143787
143788
143791
143793
143798
143799
143802
143803
143804
143805
143806
143809
143815
143816
143818
143819
143824
143826
143829
143835
143837
143839
143842
143843
143844
143845
143846
143847
143851
143852
143853
143854
143855
143859
143860
143861
143862
143863
143864
143868
143870
143871
143872
143873
143874
143875
143878
143879
143880
143881
143882
143883
143884
143887
143890
143892
143895
143896
143897
143898
143899
143900
143901
143902
143903
143905
143906
143910
143911
143918
143920
143921
143923
143924
143925
143926
143927
143929
143930
143931
143932
143934
143935
143936
143943
143944
143946
143947
143948
143949
143951
143952
143954
143955
143956
143957
143958
143960
143962
143963
143964
143965
143966
143967
143969
143970
143972
143973
143974
143975
143976
143978
143979
143980
143983
143984
143985
143986
143987
143988
143990
143991
143992
143995
143997
143999
144001
144002
144004
144005
144006
144007
144011
144012
144013
144014
144015
144021
144022
144023
144025
144027
144028
144029
144030
144033
144034
144039
144043
144044
144045
144046
144047
144049
144050
144051
144054
144055
144056
144057
144058
144059
144060
144061
144062
144063
144064
144065
144066
144067
144068
144069
144070
144074
144080
144081
144083
144084
144085
144086
144091
144092
144094
144095
144097
144098
144100
144101
144104
144105
144109
144113
144115
144117
144118
144120
144121
144123
144124
144126
144127
144128
144129
144132
144135
144136
144137
144141
144143
144144
144145
144146
144148
144149
144151
144152
144153
144154
144155
144156
144158
144160
144161
144164
144167
144169
144170
144173
144174
144175
144178
144179
144180
144181
144182
144184
144186
144187
144190
144191
144194
144195
144199
144200
144201
144202
144203
144204
144205
144206
144207
144208
144209
144211
144213
144215
144216
144217
144219
144220
144221
144225
144228
144229
144230
144231
144232
144233
144235
144236
144237
144239
144240
144241
144244
144246
144249
144251
144258
144259
144260
144261
144263
144264
144265
144266
144267
144268
144271
144272
144278
144279
144280
144281
144283
144286
144287
144288
144290
144291
144293
144294
144295
144296
144297
144298
144304
144305
144307
144308
144309
144310
144311
144316
144318
144322
144323
144324
144325
144326
144329
144335
144336
144337
144338
144339
144341
144345
144347
144348
144349
144352
144353
144355
144358
144359
144366
144369
144372
144375
144383
144384
144386
144387
144388
144390
144393
144394
144395
144396
144398
144399
144402
144403
144406
144407
144411
144412
144413
144414
144419
144420
144422
144425
144427
144429
144430
144431
144433
144436
144440
144441
144442
144443
144444
144445
144448
144449
144451
144452
144453
144454
144455
144456
144457
144461
144467
144468
144469
144470
144471
144472
144473
144474
144476
144478
144481
144482
144484
144485
144486
144487
144489
144490
144491
144492
144493
144496
144497
144498
144500
144502
144505
144506
144507
144508
144509
144510
144512
144513
144514
144515
144517
144518
144522
144524
144528
144529
144530
144531
144533
144537
144540
144544
144546
144548
144553
144554
144556
144558
144559
144560
144561
144562
144563
144564
144568
144570
144575
144576
144578
144579
144586
144587
144588
144589
144590
144591
144592
144593
144594
144595
144596
144597
144599
144600
144601
144602
144607
144609
144610
144611
144612
144614
144615
144616
144620
144621
144622
144623
144624
144626
144629
144630
144631
144632
144637
144639
144640
144642
144645
144646
144647
144648
144649
144650
144652
144653
144654
144655
144656
144657
144661
144663
144666
144670
144673
144675
144676
144678
144680
144683
144693
144695
144698
144704
144705
144706
144708
144709
144710
144711
144713
144714
144716
144717
144718
144719
144720
144721
144723
144724
144733
144734
144736
144740
144745
144746
144747
144749
144759
144765
144771
144774
144775
144776
144777
144778
144780
144781
144782
144784
144785
144788
144789
144790
144791
144793
144795
144796
144798
144799
144800
144802
144803
144804
144805
144806
144807
144809
144810
144811
144813
144814
144815
144816
144817
144818
144819
144820
144821
144822
144824
144825
144826
144827
144828
144829
144830
144831
144833
144834
144835
144837
144838
144840
144841
144842
144843
144846
144847
144848
144849
144850
144851
144852
144857
144858
144859
144862
144863
144864
144865
144866
144867
144869
144871
144872
144873
144876
144878
144880
144881
144883
144886
144887
144888
144889
144890
144891
144893
144894
144895
144897
144898
144899
144901
144902
144903
144905
144906
144907
144909
144910
144911
144912
144913
144914
144915
144917
144920
144921
144922
144923
144924
144926
144927
144928
144929
144930
144932
144933
144934
144936
144938
144939
144943
144945
144946
144948
144951
144956
144957
144960
144961
144962
144963
144964
144965
144966
144967
144968
144969
144970
144972
144973
144975
144976
144977
144978
144979
144980
144981
144982
144983
144984
144985
144986
144987
144988
144989
144990
144991
144992
144993
144994
144995
144996
144997
144998
144999
145000
145001
145002
145003
145004
145006
145009
145012
145014
145015
145016
145017
145019
145020
145023
145024
145026
145027
145030
145032
145034
145038
145039
145040
145042
145044
145045
145046
145047
145048
145050
145051
145052
145053
145054
145055
145060
145067
145069
145070
145071
145075
145076
145077
145078
145081
145083
145084
145089
145093
145094
145095
145099
145101
145103
145108
145110
145111
145112
145113
145114
145116
145117
145121
145123
145125
145130
145133
145135
145138
145139
145140
145141
145144
145146
145147
145148
145149
145150
145151
145154
145155
145156
145158
145159
145161
145163
145164
145165
145166
145168
145169
145171
145172
145173
145174
145176
145180
145182
145183
145184
145185
145187
145188
145189
145191
145196
145198
145201
145202
145203
145206
145208
145209
145213
145214
145215
145219
145221
145222
145224
145226
145229
145231
145234
145236
145237
145238
145239
145240
145241
145242
145243
145244
145246
145247
145248
145249
145250
145251
145252
145253
145254
145255
145256
145257
145258
145259
145262
145263
145264
145265
145267
145271
145272
145274
145275
145276
145278
145279
145280
145281
145284
145285
145288
145290
145291
145295
145300
145304
145305
145307
145308
145309
145310
145312
145313
145314
145315
145316
145317
145319
145320
145321
145322
145323
145324
145328
145329
145331
145335
145338
145339
145342
145352
145357
145358
145359
145360
145361
145363
145364
145365
145366
145367
145368
145371
145372
145374
145375
145377
145378
145379
145380
145381
145383
145384
145386
145388
145389
145390
145391
145392
145395
145396
145397
145398
145399
145400
145401
145402
145404
145405
145406
145408
145410
145411
145412
145413
145414
145415
145416
145417
145420
145421
145422
145423
145424
145425
145426
145427
145428
145429
145430
145433
145434
145435
145436
145437
145438
145439
145440
145441
145442
145444
145452
145454
145457
145459
145464
145465
145466
145468
145469
145471
145475
145477
145478
145479
145480
145481
145484
145485
145487
145489
145490
145491
145492
145495
145496
145497
145498
145502
145504
145505
145509
145511
145512
145519
145520
145522
145524
145525
145526
145527
145528
145530
145531
145535
145538
145539
145547
145550
145552
145553
145554
145556
145557
145558
145559
145561
145562
145563
145564
145567
145568
145572
145573
145580
145583
145584
145586
145587
145588
145590
145591
145592
145595
145596
145605
145616
145617
145619
145620
145621
145628
145629
145631
145632
145633
145637
145638
145643
145645
145650
145651
145657
145658
145660
145661
145663
145664
145665
145671
145672
145673
145674
145675
145676
145677
145678
145679
145680
145683
145685
145686
145687
145690
145691
145694
145695
145699
145704
145705
145707
145711
145712
145713
145714
145715
145717
145720
145723
145724
145726
145729
145730
145731
145732
145733
145736
145742
145749
145750
145752
145753
145754
145755
145756
145765
145766
145768
145771
145777
145779
145780
145781
145782
145783
145784
145785
145786
145787
145788
145793
145795
145796
145800
145801
145838
145841
145842
145843
145849
145853
145854
145855
145856
145859
145860
145861
145862
145863
145865
145866
145867
145868
145870
145871
145875
145876
145877
145878
145879
145881
145882
145883
145884
145885
145887
145888
145896
145899
145902
145904
145905
145906
145907
145908
145909
145911
145912
145913
145914
145915
145916
145917
145918
145919
145920
145921
145922
145923
145924
145925
145929
145938
145940
145945
145948
145950
145951
145952
145955
145956
145957
145958
145965
145967
145968
145969
145970
145980
145983
145984
145988
145989
145997
145999
146000
146001
146003
146006
146011
146013
146014
146015
146017
146020
146021
146023
146024
146032
146033
146034
146035
146040
146042
146048
146050
146051
146052
146053
146055
146057
146058
146060
146063
146064
146066
146071
146075
146076
146077
146082
146086
146087
146092
146093
146095
146096
146097
146099
146101
146103
146104
146105
146109
146113
146114
146115
146118
146120
146124
146128
146139
146145
146146
146147
146155
146156
146158
146159
146160
146162
146163
146164
146168
146171
146172
146173
146175
146179
146180
146181
146183
146184
146186
146189
146190
146191
146192
146193
146194
146196
146198
146200
146201
146205
146207
146208
146211
146213
146215
146216
146219
146224
146226
146229
146230
146231
146233
146235
146236
146242
146244
146247
146250
146251
146253
146254
146255
146256
146258
146259
146260
146261
146262
146266
146267
146269
146270
146274
146276
146277
146278
146279
146280
146281
146282
146283
146284
146285
146287
146291
146293
146295
146299
146300
146301
146303
146304
146305
146318
146319
146323
146324
146325
146330
146331
146332
146333
146334
146338
146339
146341
146342
146344
146345
146349
146352
146353
146354
146355
146356
146357
146360
146361
146363
146367
146368
146369
146370
146374
146375
146382
146384
146385
146386
146387
146388
146389
146390
146391
146392
146393
146394
146397
146402
146405
146406
146407
146408
146409
146410
146412
146415
146416
146417
146418
146419
146421
146424
146425
146426
146428
146430
146433
146437
146440
146442
146444
146448
146449
146450
146451
146452
146454
146455
146456
146458
146462
146466
146468
146469
146470
146472
146474
146475
146476
146478
146479
146480
146481
146482
146483
146484
146485
146486
146488
146489
146492
146494
146496
146498
146499
146500
146501
146510
146512
146517
146519
146520
146521
146522
146529
146532
146536
146537
146538
146539
146540
146544
146546
146549
146550
146554
146561
146562
146563
146564
146566
146570
146572
146573
146574
146575
146576
146577
146578
146579
146581
146583
146584
146586
146588
146589
146594
146597
146602
146603
146609
146610
146614
146615
146618
146622
146623
146624
146626
146630
146633
146634
146635
146636
146638
146643
146648
146649
146650
146651
146652
146655
146657
146661
146664
146666
146667
146668
146669
146670
146671
146672
146673
146674
146675
146679
146680
146682
146683
146684
146686
146687
146688
146690
146692
146694
146695
146696
146697
146700
146702
146706
146708
146710
146711
146712
146715
146716
146721
146722
146723
146725
146726
146728
146732
146734
146736
146737
146742
146745
146746
146749
146750
146751
146752
146757
146759
146761
146762
146763
146765
146766
146767
146768
146770
146771
146772
146774
146775
146776
146777
146778
146779
146783
146784
146786
146787
146788
146793
146794
146796
146798
146799
146803
146806
146808
146809
146812
146813
146814
146815
146816
146817
146818
146819
146820
146822
146825
146826
146827
146834
146835
146837
146838
146839
146840
146843
146846
146849
146851
146852
146853
146856
146857
146861
146862
146863
146864
146865
146866
146867
146870
146873
146874
146875
146877
146878
146879
146881
146883
146884
146885
146886
146890
146891
146892
146894
146895
146897
146898
146900
146904
146908
146909
146910
146912
146914
146915
146920
146926
146927
146934
146935
146936
146937
146940
146941
146942
146944
146945
146947
146948
146949
146950
146951
146952
146953
146954
146955
146956
146957
146958
146959
146960
146961
146963
146965
146966
146967
146968
146970
146979
146982
146983
146984
146985
146986
146987
146988
146989
146990
146991
146992
146995
146997
147007
147009
147012
147014
147017
147019
147020
147021
147022
147023
147024
147027
147028
147029
147032
147033
147034
147037
147038
147039
147040
147041
147042
147043
147044
147045
147046
147047
147050
147052
147053
147054
147055
147060
147061
147062
147063
147064
147065
147066
147067
147068
147069
147070
147071
147072
147073
147074
147075
147076
147077
147078
147080
147081
147082
147085
147088
147090
147091
147092
147093
147095
147098
147099
147101
147107
147111
147113
147115
147116
147120
147122
147123
147126
147128
147129
147131
147132
147134
147135
147137
147138
147140
147142
147143
147144
147145
147146
147147
147148
147150
147152
147154
147155
147156
147158
147163
147165
147168
147171
147172
147173
147175
147179
147180
147181
147182
147183
147184
147185
147187
147190
147191
147192
147193
147195
147196
147197
147198
147199
147200
147202
147204
147205
147206
147207
147208
147209
147210
147214
147215
147216
147217
147218
147219
147220
147221
147222
147223
147224
147225
147228
147229
147231
147233
147235
147236
147240
147242
147244
147245
147246
147248
147249
147250
147251
147252
147253
147254
147255
147256
147258
147259
147261
147262
147263
147266
147267
147268
147271
147272
147273
147275
147276
147277
147280
147282
147285
147288
147289
147290
147292
147293
147294
147296
147298
147299
147300
147301
147303
147305
147306
147307
147308
147311
147312
147313
147316
147317
147318
147321
147322
147323
147324
147325
147326
147328
147329
147330
147331
147332
147333
147334
147335
147337
147338
147340
147341
147342
147343
147344
147346
147347
147348
147349
147350
147351
147353
147355
147360
147361
147362
147363
147366
147367
147368
147371
147374
147375
147376
147377
147380
147382
147385
147386
147389
147391
147392
147393
147394
147396
147397
147398
147399
147400
147401
147402
147403
147404
147406
147407
147411
147414
147415
147416
147417
147418
147419
147421
147422
147423
147425
147429
147431
147435
147436
147437
147438
147439
147440
147441
147443
147444
147445
147446
147447
147448
147450
147452
147453
147454
147455
147456
147458
147460
147461
147462
147463
147464
147465
147466
147467
147468
147470
147471
147472
147473
147474
147475
147476
147477
147478
147479
147480
147483
147485
147487
147488
147489
147490
147491
147493
147494
147495
147499
147501
147502
147504
147505
147507
147508
147509
147510
147511
147512
147514
147515
147518
147519
147520
147521
147525
147526
147528
147529
147530
147531
147532
147534
147535
147536
147538
147539
147541
147544
147545
147546
147547
147548
147549
147551
147553
147554
147559
147561
147563
147569
147572
147573
147574
147577
147578
147579
147581
147582
147583
147584
147585
147586
147587
147588
147589
147590
147591
147592
147593
147594
147595
147596
147597
147598
147599
147601
147602
147603
147604
147605
147606
147607
147608
147609
147610
147611
147612
147614
147615
147616
147619
147620
147621
147626
147628
147629
147630
147632
147633
147634
147635
147636
147637
147638
147639
147641
147642
147643
147646
147650
147652
147653
147654
147655
147656
147657
147658
147659
147660
147661
147662
147664
147665
147666
147667
147668
147669
147672
147673
147674
147675
147680
147683
147684
147685
147691
147692
147693
147694
147695
147696
147698
147699
147700
147701
147702
147703
147704
147705
147706
147707
147708
147709
147710
147711
147712
147713
147714
147716
147717
147718
147719
147721
147722
147724
147725
147726
147727
147728
147730
147731
147732
147733
147734
147735
147736
147737
147740
147741
147742
147743
147744
147745
147746
147747
147748
147750
147751
147752
147753
147756
147757
147758
147759
147760
147761
147762
147763
147764
147765
147767
147768
147769
147770
147771
147773
147776
147779
147780
147781
147782
147783
147784
147785
147786
147787
147788
147789
147791
147792
147793
147795
147799
147801
147803
147804
147805
147806
147807
147808
147809
147810
147811
147812
147813
147815
147816
147818
147820
147821
147822
147823
147825
147826
147827
147828
147831
147832
147833
147835
147836
147837
147840
147841
147842
147843
147845
147846
147847
147848
147849
147850
147851
147852
147854
147857
147860
147861
147862
147863
147864
147865
147866
147867
147868
147869
147870
147871
147873
147874
147875
147876
147877
147879
147887
147890
147891
147893
147895
147897
147900
147901
147902
147903
147904
147905
147906
147907
147908
147909
147910
147911
147913
147914
147916
147917
147918
147919
147920
147921
147922
147923
147924
147925
147926
147927
147928
147929
147930
147931
147932
147933
147934
147935
147936
147938
147941
147944
147945
147949
147951
147952
147953
147954
147955
147956
147957
147958
147959
147960
147961
147962
147963
147965
147969
147970
147971
147972
147974
147975
147981
147982
147984
147985
147986
147987
147988
147989
147990
147992
147994
147995
147996
147997
147998
148000
148001
148002
148003
148005
148006
148007
148009
148010
148012
148013
148014
148015
148016
148017
148020
148021
148022
148024
148025
148026
148027
148028
148029
148031
148033
148034
148035
148037
148038
148039
148040
148043
148044
148046
148047
148050
148052
148053
148054
148055
148057
148058
148059
148060
148061
148062
148066
148068
148069
148070
148072
148073
148074
148075
148076
148079
148080
148081
148084
148085
148086
148087
148089
148093
148095
148096
148097
148098
148101
148102
148104
148106
148107
148108
148111
148112
148113
148115
148116
148117
148118
148119
148120
148121
148122
148124
148126
148127
148128
148129
148132
148133
148135
148136
148137
148139
148140
148141
148142
148143
148144
148145
148146
148148
148149
148153
148154
148155
148156
148157
148158
148159
148160
148162
148163
148164
148165
148166
148167
148168
148169
148170
148172
148173
148174
148175
148181
148185
148187
148188
148189
148190
148191
148194
148195
148196
148197
148199
148200
148201
148202
148203
148205
148206
148207
148209
148210
148211
148212
148213
148215
148216
148217
148218
148219
148223
148225
148226
148227
148228
148229
148230
148231
148232
148234
148236
148238
148239
148242
148243
148244
148245
148246
148247
148249
148250
148251
148256
148257
148258
148261
148266
148267
148268
148269
148274
148276
148277
148279
148280
148281
148283
148284
148286
148287
148288
148289
148290
148291
148292
148293
148295
148297
148299
148305
148306
148308
148309
148312
148314
148315
148316
148317
148319
148320
148322
148324
148325
148326
148328
148329
148336
148337
148340
148344
148348
148349
148350
148351
148352
148353
148354
148356
148357
148360
148361
148362
148363
148364
148365
148366
148368
148369
148372
148373
148374
148378
148380
148381
148383
148384
148386
148387
148388
148389
148391
148392
148393
148394
148395
148401
148402
148404
148406
148407
148410
148411
148415
148419
148420
148421
148422
148423
148425
148427
148428
148429
148430
148432
148435
148438
148439
148440
148441
148442
148443
148444
148445
148446
148447
148448
148450
148451
148452
148453
148454
148455
148456
148457
148458
148459
148460
148461
148464
148465
148467
148468
148470
148473
148474
148475
148476
148477
148479
148481
148483
148484
148485
148486
148489
148490
148492
148497
148498
148499
148500
148502
148505
148506
148510
148511
148512
148513
148514
148516
148517
148518
148519
148520
148521
148524
148525
148526
148528
148530
148531
148532
148533
148534
148535
148539
148540
148542
148543
148544
148545
148549
148551
148553
148554
148558
148559
148561
148562
148565
148566
148567
148569
148570
148571
148574
148575
148577
148578
148579
148581
148582
148583
148584
148585
148586
148587
148589
148590
148591
148592
148595
148597
148599
148600
148601
148602
148604
148605
148606
148607
148608
148611
148614
148615
148616
148617
148619
148620
148621
148623
148625
148626
148628
148630
148631
148632
148634
148638
148640
148642
148643
148644
148645
148646
148647
148649
148651
148652
148653
148654
148655
148656
148657
148658
148659
148666
148668
148674
148675
148676
148678
148679
148684
148685
148690
148692
148693
148694
148697
148698
148699
148701
148702
148704
148705
148708
148709
148710
148712
148713
148714
148715
148716
148717
148718
148719
148720
148721
148722
148723
148724
148725
148726
148727
148728
148729
148730
148732
148733
148735
148738
148739
148740
148741
148742
148743
148744
148745
148746
148747
148748
148749
148750
148752
148753
148757
148759
148760
148762
148764
148765
148766
148767
148768
148769
148772
148775
148778
148781
148782
148785
148786
148789
148790
148792
148793
148797
148799
148800
148801
148802
148806
148807
148808
148809
148811
148812
148813
148814
148815
148818
148819
148820
148821
148824
148825
148826
148827
148828
148832
148833
148834
148837
148838
148839
148840
148842
148844
148846
148848
148850
148851
148852
148853
148854
148855
148858
148860
148861
148862
148867
148870
148871
148872
148873
148874
148875
148877
148878
148879
148880
148882
148887
148888
148890
148891
148892
148893
148894
148898
148900
148901
148902
148903
148904
148905
148909
148911
148912
148914
148915
148916
148917
148918
148919
148921
148922
148923
148924
148925
148926
148927
148928
148929
148931
148933
148935
148936
148937
148938
148946
148948
148949
148950
148951
148952
148956
148957
148958
148959
148960
148961
148962
148963
148964
148965
148966
148967
148968
148970
148971
148973
148974
148975
148976
148977
148980
148982
148985
148987
148990
148991
148992
148993
148995
148996
148997
148998
148999
149000
149001
149003
149004
149005
149006
149007
149008
149009
149010
149013
149014
149015
149016
149017
149018
149020
149021
149022
149023
149025
149026
149027
149028
149029
149030
149035
149038
149040
149042
149046
149047
149050
149053
149054
149055
149060
149061
149062
149063
149064
149065
149067
149068
149069
149071
149079
149080
149082
149083
149084
149085
149090
149091
149092
149093
149096
149097
149098
149100
149101
149102
149103
149104
149107
149108
149110
149111
149112
149114
149115
149118
149120
149121
149122
149123
149124
149125
149126
149127
149128
149129
149130
149135
149136
149137
149138
149139
149140
149141
149146
149148
149150
149152
149155
149161
149162
149163
149164
149165
149166
149167
149168
149169
149174
149175
149176
149177
149180
149181
149186
149188
149189
149190
149191
149192
149193
149194
149195
149196
149197
149198
149199
149200
149201
149208
149209
149213
149221
149231
149232
149233
149238
149239
149240
149241
149242
149244
149249
149250
149251
149253
149254
149255
149257
149259
149262
149263
149265
149266
149267
149268
149271
149272
149273
149274
149275
149276
149277
149278
149279
149280
149281
149284
149288
149290
149291
149299
149301
149302
149303
149304
149305
149307
149308
149311
149312
149315
149323
149325
149327
149330
149332
149333
149334
149335
149338
149339
149340
149341
149342
149344
149345
149346
149347
149348
149349
149350
149354
149355
149356
149357
149358
149359
149360
149361
149364
149367
149368
149369
149371
149372
149373
149374
149375
149377
149378
149380
149382
149383
149385
149386
149387
149389
149393
149396
149397
149399
149400
149403
149405
149409
149410
149411
149413
149414
149419
149420
149421
149422
149423
149424
149425
149427
149431
149432
149435
149436
149437
149438
149440
149442
149443
149452
149453
149454
149456
149457
149458
149459
149461
149462
149463
149465
149466
149467
149468
149469
149470
149471
149473
149475
149478
149479
149481
149482
149484
149485
149492
149493
149494
149495
149498
149501
149503
149505
149509
149510
149513
149514
149515
149516
149517
149518
149519
149520
149531
149532
149533
149534
149535
149536
149537
149538
149539
149540
149541
149542
149543
149546
149547
149548
149551
149554
149558
149560
149561
149566
149567
149568
149569
149570
149571
149572
149578
149579
149580
149581
149582
149583
149584
149585
149587
149589
149590
149592
149593
149594
149595
149596
149598
149599
149602
149604
149606
149610
149611
149612
149616
149620
149621
149622
149623
149625
149626
149627
149628
149629
149631
149635
149636
149637
149638
149639
149640
149642
149644
149646
149648
149649
149654
149656
149659
149660
149661
149662
149663
149665
149667
149668
149670
149671
149673
149674
149675
149677
149681
149682
149685
149686
149687
149688
149689
149692
149693
149694
149695
149696
149697
149698
149699
149700
149701
149702
149703
149704
149705
149706
149707
149708
149709
149710
149711
149712
149713
149714
149715
149717
149718
149719
149720
149722
149723
149724
149725
149726
149727
149732
149735
149736
149742
149746
149748
149750
149751
149752
149754
149755
149757
149759
149767
149773
149774
149775
149780
149781
149785
149787
149789
149790
149792
149796
149797
149800
149801
149802
149804
149805
149806
149807
149815
149816
149817
149818
149819
149820
149821
149822
149823
149824
149825
149826
149827
149828
149829
149830
149831
149832
149833
149834
149835
149836
149840
149842
149843
149844
149845
149846
149847
149848
149849
149850
149851
149853
149858
149862
149863
149866
149867
149868
149871
149872
149873
149874
149875
149876
149878
149879
149880
149881
149882
149884
149885
149887
149888
149890
149892
149894
149895
149897
149898
149900
149903
149906
149907
149909
149910
149911
149921
149922
149926
149933
149935
149939
149940
149943
149948
149950
149951
149952
149953
149954
149955
149956
149957
149963
149964
149965
149966
149967
149968
149971
149972
149973
149975
149976
149978
149979
149981
149983
149984
149990
149991
149994
149998
149999
150000
150001
150002
150003
150006
150007
150008
150011
150012
150013
150014
150015
150016
150018
150019
150021
150023
150024
150026
150027
150029
150030
150031
150032
150034
150035
150036
150037
150038
150039
150042
150044
150045
150046
150047
150049
150050
150051
150058
150066
150076
150077
150078
150079
150080
150081
150082
150083
150084
150085
150086
150087
150088
150090
150091
150092
150095
150096
150097
150098
150099
150101
150102
150103
150109
150110
150111
150112
150113
150114
150116
150117
150118
150119
150122
150123
150125
150130
150133
150135
150137
150139
150140
150141
150142
150143
150146
150147
150149
150150
150151
150152
150156
150157
150158
150159
150164
150165
150166
150167
150168
150169
150171
150172
150174
150176
150180
150182
150183
150184
150185
150186
150192
150193
150195
150197
150198
150199
150200
150201
150203
150204
150206
150208
150210
150211
150213
150215
150217
150219
150221
150222
150223
150224
150225
150226
150227
150229
150230
150234
150238
150239
150240
150241
150244
150245
150247
150252
150254
150257
150258
150266
150268
150269
150270
150272
150273
150276
150278
150279
150281
150283
150284
150285
150287
150288
150290
150293
150294
150295
150296
150297
150298
150299
150300
150301
150302
150303
150304
150305
150306
150307
150308
150311
150312
150313
150314
150315
150316
150317
150318
150319
150320
150321
150323
150324
150327
150331
150332
150335
150338
150341
150342
150343
150344
150345
150349
150350
150351
150352
150353
150355
150356
150357
150359
150361
150362
150364
150367
150368
150369
150371
150372
150374
150376
150378
150382
150389
150393
150394
150396
150399
150400
150404
150406
150407
150408
150409
150413
150417
150418
150420
150421
150422
150424
150425
150426
150427
150428
150429
150430
150431
150433
150434
150436
150437
150442
150443
150444
150446
150447
150448
150449
150452
150454
150455
150456
150458
150467
150470
150471
150472
150473
150474
150475
150476
150477
150478
150479
150480
150482
150483
150484
150485
150486
150487
150488
150489
150492
150494
150495
150498
150499
150500
150505
150507
150508
150511
150512
150513
150514
150515
150519
150523
150531
150532
150533
150534
150535
150538
150543
150544
150546
150548
150549
150552
150553
150554
150558
150559
150560
150561
150564
150567
150573
150616
150617
150618
150621
150622
150623
150625
150628
150629
150631
150638
150639
150641
150642
150643
150644
150645
150647
150648
150649
150650
150651
150654
150656
150657
150660
150665
150666
150668
150669
150670
150671
150672
150674
150675
150677
150679
150680
150681
150682
150683
150684
150685
150687
150688
150689
150690
150691
150692
150693
150701
150702
150709
150711
150716
150719
150724
150726
150727
150728
150730
150731
150732
150733
150734
150735
150736
150737
150738
150739
150740
150741
150742
150743
150744
150745
150746
150747
150748
150749
150750
150754
150755
150756
150758
150766
150770
150771
150783
150784
150785
150786
150788
150791
150795
150796
150798
150799
150800
150801
150802
150803
150804
150805
150810
150815
150816
150817
150819
150820
150822
150824
150827
150828
150829
150831
150833
150834
150835
150839
150840
150842
150846
150849
150850
150851
150852
150853
150854
150855
150856
150857
150859
150863
150864
150865
150866
150867
150868
150869
150870
150871
150872
150873
150874
150875
150876
150877
150878
150879
150880
150881
150882
150883
150884
150903
150904
150905
150906
150908
150912
150915
150917
150920
150924
150928
150929
150931
150932
150933
150934
150935
150936
150938
150943
150944
150947
150950
150951
150958
150960
150961
150962
150963
150964
150965
150966
150967
150970
150971
150972
150973
150975
150977
150978
150979
150980
150981
150982
150984
150988
150994
150997
150998
150999
151000
151002
151004
151005
151006
151008
151009
151012
151014
151015
151017
151020
151021
151022
151023
151024
151025
151026
151027
151028
151029
151030
151031
151032
151033
151034
151036
151037
151041
151042
151044
151048
151049
151050
151052
151053
151054
151055
151056
151057
151058
151060
151061
151065
151066
151068
151069
151070
151086
151095
151096
151099
151100
151102
151106
151108
151109
151111
151113
151114
151115
151116
151117
151118
151122
151123
151130
151132
151134
151137
151138
151145
151146
151148
151149
151150
151153
151154
151157
151158
151160
151161
151165
151169
151171
151173
151175
151176
151177
151179
151180
151182
151183
151184
151185
151187
151188
151193
151194
151197
151198
151199
151200
151201
151202
151203
151205
151206
151207
151208
151210
151211
151212
151214
151215
151216
151217
151219
151220
151221
151223
151229
151232
151233
151236
151241
151242
151243
151244
151245
151246
151248
151249
151250
151251
151252
151253
151254
151259
151260
151262
151263
151265
151266
151267
151269
151270
151273
151275
151276
151277
151279
151282
151283
151284
151286
151288
151289
151290
151294
151296
151297
151300
151302
151303
151304
151305
151306
151307
151308
151309
151313
151315
151317
151318
151320
151324
151325
151331
151334
151337
151342
151343
151346
151347
151350
151352
151354
151355
151356
151357
151358
151361
151362
151365
151370
151371
151372
151373
151374
151378
151379
151380
151382
151383
151384
151385
151386
151387
151389
151390
151392
151393
151395
151396
151398
151399
151400
151401
151402
151403
151406
151407
151409
151411
151413
151416
151419
151421
151422
151426
151428
151429
151431
151438
151440
151441
151442
151443
151444
151445
151446
151451
151453
151454
151455
151456
151458
151459
151460
151461
151462
151464
151467
151469
151471
151473
151474
151477
151478
151479
151481
151483
151485
151486
151487
151488
151489
151490
151491
151493
151498
151502
151503
151504
151505
151507
151508
151509
151511
151512
151513
151514
151516
151518
151519
151523
151524
151527
151529
151530
151531
151532
151533
151534
151535
151540
151542
151543
151544
151547
151548
151549
151550
151551
151554
151555
151556
151557
151558
151559
151560
151561
151566
151567
151568
151569
151570
151571
151572
151573
151577
151578
151580
151581
151582
151585
151586
151587
151592
151594
151595
151596
151598
151599
151601
151602
151603
151604
151605
151606
151608
151610
151612
151613
151614
151616
151618
151620
151621
151622
151624
151625
151627
151628
151632
151633
151634
151635
151636
151637
151640
151641
151642
151643
151644
151646
151647
151649
151652
151653
151655
151657
151658
151659
151666
151667
151669
151670
151671
151672
151673
151674
151675
151676
151678
151680
151681
151686
151687
151688
151689
151690
151691
151692
151693
151696
151697
151698
151703
151704
151706
151708
151709
151712
151713
151714
151717
151718
151722
151723
151724
151725
151726
151738
151741
151742
151743
151746
151749
151750
151751
151754
151757
151759
151761
151762
151765
151767
151769
151773
151774
151778
151779
151780
151781
151782
151784
151785
151786
151787
151788
151790
151791
151794
151797
151798
151799
151800
151801
151805
151810
151811
151813
151814
151815
151816
151817
151818
151819
151820
151823
151824
151825
151826
151827
151828
151829
151832
151833
151834
151835
151836
151837
151840
151843
151849
151852
151855
151856
151857
151858
151859
151860
151861
151863
151866
151869
151870
151871
151872
151873
151874
151876
151884
151885
151887
151893
151896
151897
151900
151901
151903
151904
151911
151912
151914
151915
151917
151918
151921
151930
151933
151937
151943
151946
151947
151949
151950
151954
151956
151958
151968
151970
151971
151973
151974
151975
151979
151980
151981
151982
151983
151985
151986
151987
151988
151989
151995
151996
151997
152005
152007
152008
152012
152013
152014
152018
152019
152020
152021
152022
152023
152024
152025
152030
152032
152036
152037
152039
152040
152041
152042
152043
152044
152045
152046
152049
152051
152052
152053
152057
152059
152061
152063
152064
152065
152066
152069
152072
152077
152078
152079
152080
152081
152082
152083
152084
152086
152087
152088
152089
152090
152091
152092
152093
152094
152095
152096
152102
152103
152104
152105
152106
152109
152116
152117
152118
152119
152120
152122
152123
152126
152128
152129
152130
152131
152133
152134
152135
152136
152137
152138
152139
152140
152142
152147
152148
152149
152150
152152
152154
152155
152156
152158
152163
152164
152168
152169
152170
152171
152172
152173
152174
152175
152181
152183
152185
152186
152187
152193
152195
152196
152197
152198
152199
152202
152205
152212
152219
152222
152225
152226
152229
152231
152232
152236
152237
152238
152239
152240
152242
152245
152246
152247
152248
152249
152253
152254
152255
152256
152257
152259
152260
152264
152265
152266
152267
152268
152272
152273
152274
152275
152276
152277
152278
152279
152280
152281
152282
152283
152284
152286
152288
152289
152290
152298
152300
152303
152308
152312
152314
152315
152317
152318
152320
152321
152325
152326
152327
152328
152330
152331
152333
152336
152338
152343
152347
152348
152349
152350
152351
152352
152357
152359
152360
152361
152362
152363
152364
152366
152367
152370
152371
152373
152377
152381
152382
152383
152384
152386
152387
152388
152389
152390
152391
152392
152393
152394
152396
152397
152399
152403
152405
152407
152410
152411
152415
152416
152417
152418
152419
152420
152421
152423
152426
152429
152430
152431
152432
152434
152435
152439
152444
152447
152452
152453
152460
152462
152469
152472
152477
152478
152481
152483
152485
152486
152487
152488
152490
152492
152494
152496
152497
152498
152499
152501
152502
152503
152504
152505
152507
152517
152520
152522
152523
152525
152526
152527
152530
152532
152535
152539
152540
152549
152551
152553
152555
152556
152557
152558
152559
152564
152565
152572
152576
152581
152583
152587
152588
152590
152592
152594
152595
152596
152597
152598
152599
152600
152601
152603
152604
152606
152608
152609
152612
152613
152614
152621
152622
152630
152633
152634
152637
152638
152639
152640
152641
152642
152651
152652
152653
152654
152655
152656
152657
152660
152664
152666
152667
152668
152671
152672
152673
152675
152677
152678
152679
152681
152683
152686
152688
152689
152690
152694
152701
152704
152706
152709
152711
152714
152716
152717
152721
152722
152725
152726
152727
152730
152732
152733
152737
152738
152739
152740
152741
152743
152745
152746
152747
152748
152749
152750
152751
152752
152753
152756
152761
152763
152764
152765
152766
152768
152769
152771
152773
152775
152776
152780
152781
152782
152783
152786
152790
152792
152795
152796
152797
152799
152800
152801
152802
152804
152805
152806
152807
152810
152814
152817
152819
152822
152824
152825
152826
152830
152832
152833
152834
152835
152837
152838
152839
152846
152847
152848
152854
152855
152857
152858
152859
152862
152863
152865
152866
152867
152868
152869
152870
152875
152876
152877
152879
152881
152882
152883
152885
152886
152888
152889
152890
152891
152892
152893
152894
152896
152902
152903
152904
152906
152907
152908
152910
152911
152912
152916
152917
152920
152923
152924
152925
152927
152928
152929
152935
152936
152937
152938
152941
152942
152943
152944
152945
152946
152947
152949
152950
152951
152954
152956
152959
152960
152962
152963
152964
152965
152966
152968
152969
152970
152972
152973
152974
152975
152980
152986
152990
152991
152992
152993
152994
152995
152996
152997
153000
153002
153003
153004
153006
153007
153008
153011
153012
153014
153022
153024
153031
153033
153036
153037
153038
153040
153041
153046
153049
153055
153056
153060
153061
153066
153067
153068
153070
153071
153073
153074
153077
153079
153081
153082
153083
153084
153087
153088
153090
153091
153092
153093
153094
153096
153097
153098
153099
153100
153102
153105
153107
153109
153111
153112
153113
153114
153117
153118
153119
153120
153121
153122
153125
153126
153135
153136
153137
153140
153141
153151
153152
153153
153154
153156
153158
153159
153162
153168
153169
153170
153177
153180
153183
153186
153188
153192
153193
153196
153198
153199
153202
153203
153204
153205
153207
153208
153210
153214
153216
153217
153218
153221
153224
153226
153232
153233
153244
153245
153247
153248
153250
153251
153252
153255
153256
153257
153258
153261
153264
153265
153266
153267
153269
153270
153272
153273
153274
153279
153282
153285
153287
153288
153289
153293
153294
153295
153297
153298
153299
153300
153302
153305
153306
153310
153311
153315
153320
153321
153322
153323
153324
153334
153336
153338
153339
153342
153343
153344
153345
153346
153350
153351
153352
153354
153355
153356
153357
153372
153381
153383
153385
153386
153389
153391
153392
153395
153396
153399
153400
153401
153403
153406
153408
153413
153415
153418
153419
153421
153422
153425
153427
153430
153432
153433
153434
153435
153436
153437
153441
153444
153445
153447
153448
153449
153451
153454
153455
153456
153457
153458
153460
153461
153462
153463
153464
153465
153466
153467
153473
153474
153475
153476
153478
153480
153484
153489
153492
153504
153508
153509
153511
153512
153513
153516
153518
153519
153521
153522
153524
153525
153526
153528
153529
153530
153531
153533
153534
153535
153536
153537
153538
153540
153544
153547
153550
153558
153571
153572
153573
153574
153575
153580
153581
153585
153586
153588
153589
153590
153599
153601
153604
153609
153613
153617
153619
153621
153622
153623
153624
153625
153628
153631
153632
153633
153634
153635
153636
153638
153643
153644
153645
153646
153649
153650
153651
153653
153654
153658
153659
153662
153670
153673
153677
153678
153680
153683
153686
153690
153691
153692
153694
153695
153696
153698
153699
153700
153702
153703
153704
153710
153714
153716
153721
153722
153726
153727
153728
153730
153731
153732
153733
153736
153737
153739
153740
153744
153745
153747
153748
153750
153752
153756
153757
153760
153761
153762
153763
153768
153770
153771
153772
153774
153775
153776
153777
153778
153782
153783
153785
153786
153788
153789
153790
153791
153792
153793
153794
153796
153797
153798
153799
153803
153804
153808
153811
153815
153816
153818
153819
153821
153825
153828
153829
153831
153832
153839
153843
153844
153846
153848
153851
153852
153853
153859
153863
153865
153866
153869
153870
153872
153880
153883
153887
153889
153890
153891
153892
153896
153897
153898
153900
153901
153904
153906
153908
153909
153911
153913
153914
153918
153922
153924
153927
153929
153930
153931
153932
153933
153937
153938
153939
153941
153942
153944
153945
153948
153949
153950
153951
153952
153953
153954
153957
153960
153961
153963
153964
153965
153969
153972
153973
153974
153975
153976
153977
153978
153980
153985
153990
153992
153996
153998
153999
154001
154007
154009
154012
154013
154014
154015
154017
154021
154022
154024
154026
154028
154031
154037
154039
154040
154050
154062
154063
154064
154066
154067
154068
154069
154073
154074
154078
154079
154080
154084
154087
154088
154091
154092
154093
154095
154096
154099
154101
154102
154103
154104
154106
154109
154111
154112
154113
154114
154115
154116
154118
154119
154121
154122
154123
154124
154126
154127
154128
154129
154130
154132
154133
154136
154137
154138
154139
154140
154142
154144
154145
154148
154150
154151
154153
154154
154155
154156
154157
154160
154161
154163
154167
154168
154169
154170
154172
154175
154180
154181
154182
154184
154185
154187
154190
154191
154192
154193
154194
154195
154196
154198
154199
154201
154202
154203
154204
154205
154206
154207
154211
154213
154214
154215
154219
154221
154222
154225
154228
154229
154231
154232
154233
154236
154237
154240
154242
154247
154249
154250
154253
154254
154255
154257
154259
154260
154262
154263
154266
154268
154269
154270
154273
154274
154276
154277
154278
154279
154280
154281
154282
154286
154289
154291
154292
154301
154306
154307
154308
154313
154317
154318
154320
154321
154322
154323
154324
154325
154326
154327
154328
154329
154330
154333
154338
154340
154345
154346
154347
154351
154352
154354
154355
154357
154358
154359
154360
154362
154366
154369
154370
154371
154376
154377
154378
154379
154381
154382
154384
154385
154386
154387
154389
154390
154391
154394
154395
154397
154398
154400
154401
154403
154405
154410
154411
154419
154420
154423
154424
154426
154427
154430
154431
154432
154436
154438
154439
154446
154447
154449
154450
154451
154452
154453
154454
154455
154456
154459
154460
154462
154463
154471
154472
154473
154474
154475
154476
154477
154478
154481
154483
154486
154487
154489
154491
154492
154493
154494
154495
154497
154499
154501
154503
154504
154505
154509
154513
154516
154518
154519
154520
154521
154522
154523
154524
154528
154531
154536
154539
154542
154545
154546
154547
154548
154550
154551
154553
154554
154555
154557
154561
154562
154563
154570
154572
154573
154580
154581
154583
154584
154586
154587
154590
154591
154592
154593
154594
154595
154596
154598
154600
154601
154602
154607
154609
154612
154613
154614
154615
154616
154617
154619
154620
154621
154625
154627
154628
154629
154630
154631
154633
154634
154637
154638
154646
154647
154648
154649
154650
154652
154655
154656
154657
154659
154660
154666
154667
154668
154669
154670
154671
154678
154679
154680
154681
154682
154685
154688
154690
154691
154692
154693
154694
154696
154701
154703
154704
154705
154706
154707
154708
154709
154710
154711
154712
154713
154717
154719
154720
154721
154723
154724
154725
154726
154728
154729
154730
154732
154733
154734
154735
154736
154739
154742
154743
154745
154751
154754
154757
154758
154761
154762
154765
154766
154767
154769
154771
154772
154773
154774
154775
154777
154778
154779
154785
154789
154790
154792
154794
154800
154804
154809
154815
154817
154821
154823
154824
154826
154830
154833
154834
154835
154838
154840
154841
154844
154845
154850
154851
154853
154854
154856
154858
154859
154860
154861
154862
154863
154866
154868
154871
154872
154875
154879
154881
154882
154883
154884
154885
154886
154888
154890
154893
154896
154897
154899
154900
154902
154903
154904
154906
154912
154914
154915
154916
154919
154921
154923
154926
154927
154928
154933
154939
154940
154942
154944
154946
154947
154951
154952
154953
154955
154956
154957
154960
154961
154962
154963
154964
154965
154967
154970
154971
154972
154973
154974
154975
154977
154980
154983
154987
154990
154991
154992
154998
155002
155003
155004
155006
155008
155009
155011
155016
155018
155020
155021
155026
155027
155030
155031
155033
155034
155035
155036
155038
155039
155040
155043
155047
155049
155052
155057
155059
155060
155062
155063
155064
155065
155066
155067
155072
155075
155083
155084
155085
155087
155088
155089
155091
155092
155095
155096
155097
155098
155099
155100
155101
155103
155106
155107
155109
155110
155111
155114
155115
155118
155120
155122
155123
155126
155128
155130
155134
155136
155137
155142
155149
155150
155151
155152
155156
155158
155159
155164
155166
155167
155170
155173
155174
155177
155178
155179
155182
155184
155187
155189
155190
155191
155195
155196
155197
155199
155200
155201
155202
155203
155204
155205
155206
155207
155208
155209
155214
155215
155218
155219
155220
155222
155223
155224
155226
155229
155232
155234
155235
155236
155237
155240
155243
155245
155246
155248
155249
155253
155257
155264
155266
155271
155272
155274
155276
155278
155279
155280
155281
155282
155284
155285
155287
155299
155300
155301
155302
155303
155304
155307
155308
155309
155310
155311
155312
155315
155317
155318
155319
155320
155326
155330
155331
155340
155341
155342
155343
155344
155345
155347
155349
155350
155351
155352
155353
155354
155358
155359
155363
155365
155366
155368
155372
155373
155375
155378
155380
155382
155383
155384
155386
155388
155393
155396
155398
155399
155400
155401
155402
155403
155404
155405
155406
155407
155427
155428
155429
155430
155432
155433
155435
155436
155437
155439
155440
155441
155443
155444
155445
155447
155448
155457
155458
155462
155463
155464
155465
155466
155467
155468
155469
155470
155471
155472
155473
155476
155478
155489
155491
155497
155498
155500
155501
155502
155503
155505
155514
155515
155519
155521
155523
155525
155526
155527
155528
155529
155530
155532
155538
155539
155543
155544
155545
155549
155551
155552
155553
155554
155555
155556
155557
155558
155565
155567
155568
155573
155577
155580
155581
155582
155583
155587
155591
155593
155594
155595
155597
155603
155607
155608
155610
155611
155612
155615
155616
155617
155618
155619
155620
155623
155626
155627
155629
155630
155631
155632
155633
155637
155638
155639
155640
155641
155642
155644
155646
155647
155648
155650
155652
155653
155654
155655
155660
155661
155662
155666
155667
155671
155672
155673
155677
155678
155681
155682
155683
155684
155687
155688
155690
155691
155694
155696
155697
155698
155699
155703
155704
155705
155708
155709
155710
155711
155712
155713
155715
155716
155717
155718
155719
155721
155722
155723
155724
155725
155726
155727
155728
155729
155731
155733
155734
155735
155736
155739
155742
155745
155747
155748
155749
155750
155752
155753
155754
155755
155762
155763
155764
155766
155770
155771
155774
155776
155777
155778
155779
155780
155782
155783
155785
155787
155788
155792
155793
155794
155795
155797
155800
155804
155809
155812
155813
155816
155817
155818
155819
155820
155824
155825
155826
155827
155828
155832
155834
155836
155837
155839
155840
155841
155844
155845
155846
155848
155849
155850
155851
155853
155855
155861
155863
155867
155868
155870
155872
155873
155874
155875
155877
155878
155879
155881
155883
155887
155888
155889
155890
155896
155898
155901
155904
155905
155909
155911
155915
155918
155919
155920
155923
155929
155931
155934
155937
155938
155939
155940
155941
155943
155947
155948
155949
155950
155953
155954
155955
155957
155958
155962
155963
155972
155974
155976
155977
155978
155979
155980
155981
155982
155983
155984
155988
155991
155992
155996
155999
156000
156003
156004
156005
156008
156009
156011
156015
156018
156019
156020
156021
156024
156030
156032
156033
156041
156043
156045
156048
156049
156050
156051
156052
156054
156057
156058
156059
156060
156061
156065
156066
156075
156076
156077
156081
156083
156087
156089
156093
156094
156096
156101
156102
156104
156105
156106
156107
156109
156111
156112
156113
156114
156125
156128
156129
156131
156133
156134
156135
156137
156139
156142
156143
156145
156146
156148
156149
156150
156151
156152
156153
156154
156155
156157
156159
156163
156165
156167
156168
156169
156170
156171
156172
156173
156174
156175
156176
156177
156180
156187
156192
156194
156196
156197
156198
156199
156200
156201
156202
156204
156205
156206
156207
156208
156210
156211
156215
156216
156217
156218
156219
156224
156227
156228
156229
156233
156234
156235
156236
156237
156238
156240
156242
156243
156244
156245
156248
156249
156251
156255
156258
156260
156262
156264
156272
156275
156279
156280
156283
156286
156289
156290
156291
156292
156293
156294
156295
156296
156297
156298
156299
156300
156301
156308
156310
156311
156312
156313
156317
156318
156319
156321
156323
156324
156325
156327
156328
156329
156330
156333
156337
156338
156339
156340
156341
156342
156347
156350
156351
156352
156353
156354
156355
156358
156359
156360
156361
156363
156364
156366
156368
156372
156375
156376
156378
156381
156384
156387
156389
156391
156392
156393
156394
156395
156396
156397
156398
156400
156401
156403
156404
156405
156409
156410
156412
156414
156416
156417
156418
156419
156422
156423
156424
156425
156427
156428
156429
156431
156432
156436
156438
156439
156441
156442
156443
156444
156445
156448
156450
156451
156453
156455
156456
156457
156458
156460
156461
156462
156464
156465
156466
156467
156469
156470
156471
156472
156474
156475
156476
156479
156480
156481
156482
156485
156486
156490
156491
156493
156495
156498
156499
156500
156503
156504
156505
156506
156510
156512
156514
156518
156519
156524
156526
156527
156528
156529
156531
156532
156534
156535
156538
156541
156545
156546
156547
156552
156553
156557
156558
156559
156560
156562
156563
156564
156565
156566
156567
156568
156569
156570
156571
156572
156573
156577
156579
156580
156583
156584
156585
156588
156590
156593
156594
156595
156601
156602
156607
156610
156613
156614
156616
156620
156621
156622
156623
156625
156626
156629
156630
156631
156632
156633
156634
156635
156636
156638
156639
156640
156641
156643
156644
156645
156646
156647
156648
156649
156651
156653
156657
156661
156663
156664
156665
156666
156667
156670
156671
156672
156673
156679
156681
156682
156684
156685
156686
156687
156688
156689
156690
156691
156692
156693
156694
156695
156696
156697
156698
156702
156703
156704
156708
156709
156713
156714
156716
156720
156721
156725
156729
156731
156732
156733
156734
156735
156736
156739
156740
156742
156743
156745
156748
156749
156754
156758
156761
156766
156767
156768
156769
156770
156772
156773
156774
156775
156777
156779
156780
156783
156791
156797
156798
156800
156801
156802
156803
156805
156806
156808
156810
156812
156815
156817
156818
156820
156822
156825
156829
156835
156839
156840
156841
156843
156844
156845
156846
156847
156848
156849
156854
156857
156861
156865
156866
156869
156870
156871
156873
156874
156875
156876
156877
156878
156879
156880
156881
156882
156883
156884
156885
156886
156888
156892
156893
156894
156896
156901
156903
156904
156906
156907
156910
156911
156912
156913
156914
156915
156916
156917
156918
156920
156922
156923
156924
156925
156927
156930
156933
156935
156936
156937
156940
156944
156945
156946
156948
156950
156952
156961
156963
156970
156971
156972
156974
156975
156976
156978
156979
156985
156986
156987
156988
156989
157004
157006
157007
157008
157009
157010
157012
157013
157014
157015
157016
157017
157021
157022
157023
157024
157025
157026
157027
157028
157029
157031
157032
157033
157036
157037
157038
157042
157045
157046
157051
157052
157056
157057
157058
157062
157067
157068
157074
157077
157078
157079
157081
157082
157083
157084
157086
157089
157092
157093
157094
157097
157098
157102
157104
157105
157106
157107
157111
157113
157115
157118
157119
157121
157123
157125
157126
157127
157128
157129
157134
157135
157138
157140
157144
157146
157149
157150
157151
157152
157153
157154
157155
157157
157183
157187
157188
157190
157192
157196
157198
157200
157208
157211
157213
157216
157217
157218
157219
157220
157221
157222
157223
157224
157225
157230
157232
157234
157236
157239
157240
157241
157242
157243
157245
157246
157247
157248
157252
157256
157257
157258
157260
157262
157263
157264
157265
157267
157268
157271
157273
157274
157276
157277
157278
157281
157282
157284
157285
157286
157287
157288
157289
157290
157291
157292
157294
157295
157298
157299
157300
157301
157302
157303
157304
157306
157313
157315
157316
157317
157318
157319
157323
157325
157326
157327
157331
157336
157337
157338
157339
157340
157341
157342
157343
157344
157347
157348
157350
157351
157352
157353
157355
157356
157359
157360
157370
157372
157373
157374
157378
157380
157381
157382
157383
157384
157385
157387
157389
157390
157392
157394
157395
157396
157398
157399
157400
157401
157403
157404
157406
157409
157410
157411
157412
157414
157415
157416
157417
157418
157419
157420
157421
157422
157423
157424
157426
157427
157428
157433
157434
157435
157436
157437
157439
157440
157441
157448
157449
157451
157453
157454
157455
157457
157459
157461
157462
157463
157472
157473
157476
157481
157484
157485
157488
157489
157491
157493
157494
157496
157498
157502
157506
157510
157512
157515
157518
157523
157524
157525
157526
157529
157531
157536
157537
157538
157540
157541
157543
157546
157547
157551
157552
157553
157554
157555
157563
157565
157568
157569
157570
157571
157572
157575
157576
157577
157578
157579
157581
157587
157589
157590
157591
157593
157594
157595
157600
157602
157604
157605
157607
157608
157611
157613
157614
157616
157617
157619
157620
157621
157622
157623
157624
157628
157629
157630
157631
157632
157633
157634
157636
157637
157639
157641
157644
157646
157647
157649
157650
157651
157652
157654
157655
157656
157661
157662
157663
157664
157665
157666
157674
157675
157676
157677
157678
157679
157685
157686
157688
157690
157691
157692
157693
157694
157695
157697
157698
157699
157701
157706
157709
157712
157715
157721
157722
157724
157733
157734
157740
157741
157742
157743
157745
157748
157749
157750
157751
157752
157753
157759
157763
157765
157767
157768
157769
157770
157773
157776
157778
157779
157780
157781
157782
157783
157784
157785
157786
157787
157788
157789
157793
157794
157795
157796
157797
157799
157800
157801
157802
157804
157805
157806
157807
157809
157811
157812
157814
157816
157817
157818
157819
157823
157824
157826
157827
157828
157833
157835
157851
157862
157866
157867
157868
157871
157874
157875
157876
157877
157879
157882
157883
157885
157886
157887
157888
157889
157897
157900
157901
157902
157903
157904
157906
157907
157910
157913
157916
157920
157927
157928
157933
157934
157935
157967
157974
157979
157984
157985
157988
157990
157991
157992
157994
157995
157996
157997
157998
158000
158002
158004
158005
158009
158010
158014
158015
158016
158017
158018
158019
158020
158026
158030
158034
158037
158038
158040
158043
158044
158045
158046
158049
158053
158056
158057
158058
158059
158060
158061
158062
158068
158069
158070
158071
158072
158073
158077
158085
158087
158088
158089
158093
158096
158098
158101
158103
158104
158106
158108
158109
158110
158112
158114
158115
158116
158117
158118
158119
158120
158123
158125
158126
158127
158129
158131
158133
158134
158138
158139
158141
158142
158143
158147
158148
158151
158152
158153
158155
158157
158160
158164
158165
158167
158168
158181
158186
158193
158194
158197
158198
158199
158200
158201
158203
158204
158207
158212
158214
158216
158217
158219
158220
158222
158230
158234
158235
158236
158237
158238
158239
158240
158243
158254
158256
158258
158260
158261
158262
158263
158265
158267
158272
158274
158281
158282
158289
158294
158296
158302
158303
158304
158308
158309
158310
158311
158312
158313
158314
158315
158317
158318
158319
158320
158321
158322
158323
158324
158325
158328
158329
158330
158331
158332
158333
158334
158335
158336
158337
158339
158340
158341
158345
158347
158348
158351
158353
158355
158356
158357
158358
158359
158363
158364
158365
158366
158367
158368
158369
158370
158371
158372
158375
158376
158379
158381
158384
158385
158386
158390
158391
158392
158393
158399
158401
158414
158416
158417
158418
158419
158420
158421
158422
158423
158424
158425
158427
158428
158429
158432
158434
158437
158438
158439
158444
158445
158446
158447
158451
158452
158453
158454
158456
158457
158458
158459
158460
158461
158465
158466
158467
158471
158472
158474
158475
158478
158481
158482
158487
158491
158492
158496
158497
158500
158502
158505
158506
158507
158508
158509
158510
158511
158512
158513
158514
158515
158516
158517
158518
158519
158520
158521
158524
158525
158527
158528
158529
158534
158535
158539
158548
158552
158553
158555
158556
158557
158559
158560
158563
158564
158565
158566
158569
158570
158572
158573
158574
158575
158576
158577
158578
158581
158583
158584
158585
158586
158589
158591
158593
158594
158595
158596
158597
158603
158612
158614
158616
158617
158618
158620
158621
158625
158626
158627
158628
158632
158638
158642
158645
158646
158648
158650
158651
158652
158653
158654
158655
158662
158665
158671
158672
158673
158679
158681
158684
158687
158691
158693
158696
158697
158698
158699
158700
158703
158707
158708
158710
158711
158713
158714
158717
158718
158722
158723
158724
158725
158726
158727
158728
158729
158730
158732
158733
158734
158735
158736
158737
158738
158739
158740
158741
158742
158743
158745
158748
158753
158754
158756
158757
158758
158759
158760
158761
158767
158768
158769
158770
158771
158773
158776
158777
158779
158783
158785
158787
158788
158789
158792
158798
158804
158805
158808
158811
158813
158814
158815
158820
158822
158824
158825
158826
158827
158830
158832
158833
158834
158835
158841
158843
158846
158847
158848
158849
158856
158858
158860
158861
158862
158863
158864
158865
158866
158867
158868
158869
158870
158871
158872
158873
158876
158877
158878
158881
158883
158884
158885
158886
158887
158888
158889
158891
158893
158895
158896
158897
158899
158900
158901
158902
158903
158905
158906
158908
158909
158911
158912
158915
158918
158919
158920
158928
158929
158930
158934
158938
158939
158940
158941
158942
158943
158944
158945
158948
158950
158951
158953
158954
158955
158957
158958
158960
158964
158965
158968
158970
158971
158973
158974
158975
158976
158977
158978
158979
158980
158981
158982
158983
158986
158987
158994
158997
158998
158999
159000
159001
159003
159005
159011
159015
159023
159025
159028
159029
159030
159031
159032
159035
159036
159040
159041
159042
159043
159045
159046
159049
159050
159051
159052
159053
159054
159055
159057
159059
159060
159061
159062
159063
159065
159067
159070
159074
159075
159081
159082
159084
159085
159093
159094
159098
159103
159104
159105
159107
159108
159110
159111
159112
159116
159117
159118
159119
159121
159122
159123
159127
159128
159129
159130
159132
159134
159136
159140
159143
159144
159145
159149
159150
159151
159153
159154
159155
159158
159161
159162
159164
159167
159171
159172
159173
159174
159176
159177
159178
159179
159180
159184
159188
159191
159192
159193
159194
159195
159196
159197
159198
159199
159200
159201
159202
159208
159210
159211
159212
159214
159215
159216
159218
159219
159221
159222
159223
159224
159225
159229
159230
159232
159233
159234
159235
159239
159244
159245
159246
159251
159252
159255
159256
159257
159258
159263
159264
159266
159267
159268
159269
159270
159271
159272
159273
159276
159277
159278
159279
159280
159281
159282
159285
159286
159287
159288
159291
159292
159300
159302
159304
159306
159307
159308
159309
159311
159312
159316
159318
159319
159320
159321
159325
159327
159328
159332
159333
159334
159337
159340
159343
159344
159345
159346
159348
159349
159350
159351
159354
159355
159356
159357
159359
159360
159361
159362
159363
159364
159365
159366
159368
159370
159371
159372
159375
159380
159382
159386
159387
159388
159389
159393
159394
159396
159400
159401
159402
159406
159408
159409
159410
159414
159415
159417
159418
159419
159420
159423
159427
159428
159430
159431
159432
159433
159434
159435
159436
159437
159442
159443
159446
159447
159450
159451
159452
159454
159455
159457
159458
159459
159460
159461
159463
159468
159469
159470
159471
159475
159483
159484
159485
159489
159490
159491
159492
159494
159496
159501
159503
159504
159510
159512
159517
159521
159522
159526
159528
159531
159532
159536
159537
159538
159539
159540
159541
159542
159548
159549
159551
159552
159553
159554
159555
159558
159560
159561
159565
159567
159568
159569
159571
159574
159575
159576
159577
159579
159580
159581
159582
159583
159584
159585
159586
159588
159589
159593
159594
159596
159597
159598
159603
159606
159610
159611
159613
159616
159620
159622
159623
159624
159625
159634
159635
159639
159640
159641
159642
159643
159644
159645
159646
159650
159654
159656
159661
159662
159663
159664
159666
159667
159670
159671
159673
159674
159676
159679
159680
159681
159682
159683
159685
159687
159690
159691
159693
159694
159695
159696
159697
159699
159700
159703
159704
159705
159707
159708
159709
159712
159714
159715
159717
159718
159719
159721
159722
159724
159725
159726
159727
159728
159729
159730
159734
159737
159738
159739
159741
159744
159745
159746
159747
159748
159749
159750
159751
159752
159753
159759
159760
159762
159763
159765
159768
159769
159771
159772
159774
159775
159777
159779
159782
159784
159788
159789
159794
159795
159796
159797
159798
159799
159800
159801
159803
159805
159807
159808
159809
159810
159813
159817
159818
159819
159820
159821
159824
159827
159828
159834
159837
159838
159842
159843
159844
159845
159846
159847
159848
159851
159852
159854
159857
159858
159859
159863
159866
159867
159868
159869
159870
159871
159872
159873
159874
159875
159876
159877
159879
159881
159882
159883
159888
159889
159890
159891
159892
159893
159894
159895
159896
159899
159900
159902
159904
159906
159908
159916
159918
159919
159920
159921
159927
159928
159930
159931
159932
159952
159954
159958
159959
159960
159961
159962
159963
159965
159967
159969
159970
159978
159979
159982
159985
159986
159989
159991
159993
159995
159996
159997
159998
159999
160000
160002
160003
160004
160005
160018
160019
160026
160028
160030
160031
160032
160033
160034
160036
160038
160039
160043
160044
160046
160047
160048
160050
160051
160052
160053
160056
160057
160059
160061
160062
160065
160066
160067
160070
160071
160072
160074
160075
160076
160079
160080
160081
160085
160087
160089
160093
160095
160102
160104
160105
160107
160116
160117
160118
160120
160122
160129
160130
160131
160133
160134
160135
160137
160138
160139
160143
160144
160151
160155
160157
160158
160160
160162
160168
160169
160170
160171
160172
160174
160176
160177
160178
160179
160180
160182
160183
160185
160186
160187
160211
160216
160218
160219
160220
160222
160224
160226
160227
160229
160230
160231
160234
160235
160247
160248
160250
160251
160252
160253
160254
160255
160256
160257
160258
160259
160260
160262
160264
160265
160266
160268
160269
160270
160271
160273
160274
160276
160277
160283
160289
160290
160291
160292
160293
160294
160295
160296
160298
160300
160302
160303
160305
160306
160307
160310
160311
160312
160313
160335
160336
160338
160340
160343
160349
160351
160352
160353
160358
160366
160372
160375
160384
160387
160388
160389
160397
160398
160399
160400
160401
160402
160403
160406
160407
160411
160412
160413
160416
160421
160424
160427
160428
160439
160440
160443
160453
160458
160459
160460
160462
160463
160464
160465
160466
160467
160468
160469
160470
160471
160472
160473
160474
160475
160477
160478
160481
160485
160487
160489
160494
160495
160497
160498
160500
160504
160506
160507
160512
160513
160514
160515
160516
160517
160518
160520
160521
160522
160523
160524
160527
160531
160532
160533
160534
160535
160536
160537
160540
160541
160543
160544
160546
160547
160548
160550
160552
160553
160555
160556
160561
160562
160565
160566
160567
160568
160569
160570
160571
160572
160573
160575
160577
160578
160579
160580
160582
160583
160584
160586
160587
160588
160589
160590
160591
160592
160596
160597
160604
160605
160609
160616
160619
160620
160625
160626
160627
160629
160630
160636
160637
160640
160641
160642
160644
160647
160648
160649
160652
160653
160654
160655
160656
160660
160661
160662
160663
160664
160666
160667
160668
160669
160672
160677
160678
160681
160687
160688
160690
160692
160694
160695
160696
160697
160698
160699
160700
160701
160702
160704
160706
160707
160708
160709
160710
160712
160718
160719
160721
160722
160723
160724
160725
160727
160729
160730
160731
160734
160736
160737
160738
160739
160740
160741
160742
160743
160744
160747
160751
160752
160753
160755
160756
160757
160758
160759
160760
160762
160763
160764
160765
160766
160767
160768
160769
160770
160771
160772
160773
160774
160775
160776
160777
160786
160787
160789
160790
160791
160792
160793
160794
160797
160798
160801
160805
160808
160809
160810
160811
160814
160818
160826
160828
160829
160830
160831
160832
160833
160834
160835
160853
160854
160855
160857
160862
160864
160865
160866
160867
160868
160871
160874
160877
160891
160893
160895
160896
160906
160911
160917
160921
160922
160925
160927
160928
160929
160931
160932
160935
160936
160937
160938
160939
160944
160947
160948
160951
160952
160953
160954
160958
160960
160970
160976
160977
160978
160980
160982
160983
160989
160997
160998
160999
161000
161001
161002
161004
161008
161009
161010
161020
161023
161025
161033
161037
161038
161039
161041
161045
161048
161051
161053
161056
161058
161059
161060
161061
161062
161065
161070
161074
161076
161078
161080
161081
161082
161084
161085
161086
161087
161088
161089
161090
161092
161095
161096
161097
161098
161099
161100
161101
161102
161103
161105
161106
161109
161111
161112
161114
161117
161118
161123
161124
161125
161126
161127
161129
161130
161131
161132
161137
161140
161141
161143
161145
161146
161149
161150
161151
161153
161154
161155
161160
161161
161166
161167
161169
161170
161171
161176
161178
161179
161184
161185
161186
161188
161189
161190
161191
161192
161193
161194
161198
161200
161202
161203
161204
161205
161206
161207
161208
161209
161211
161213
161214
161215
161216
161217
161218
161219
161221
161222
161223
161224
161225
161226
161227
161228
161229
161230
161231
161232
161233
161234
161238
161240
161241
161242
161243
161246
161247
161248
161249
161251
161252
161253
161255
161256
161257
161258
161259
161260
161262
161263
161264
161267
161268
161269
161270
161272
161273
161274
161276
161279
161280
161282
161283
161284
161286
161287
161289
161291
161296
161299
161302
161303
161304
161306
161308
161309
161310
161313
161315
161320
161322
161326
161327
161328
161329
161336
161340
161344
161352
161356
161357
161366
161367
161369
161373
161374
161376
161377
161378
161379
161380
161381
161382
161383
161384
161385
161386
161387
161389
161391
161392
161393
161394
161395
161396
161397
161398
161399
161400
161401
161402
161403
161404
161405
161406
161407
161410
161411
161412
161413
161414
161415
161417
161418
161420
161432
161435
161437
161438
161439
161442
161443
161444
161445
161449
161450
161451
161452
161453
161459
161460
161461
161463
161464
161465
161466
161467
161472
161476
161477
161478
161479
161480
161485
161486
161487
161490
161491
161492
161495
161496
161497
161498
161499
161500
161501
161503
161504
161505
161506
161507
161508
161509
161510
161512
161518
161520
161521
161523
161524
161525
161526
161527
161528
161529
161530
161531
161556
161562
161565
161567
161568
161569
161570
161571
161574
161575
161576
161579
161582
161583
161585
161587
161588
161595
161596
161597
161598
161599
161602
161609
161610
161613
161614
161615
161616
161618
161619
161621
161623
161624
161625
161626
161629
161630
161632
161634
161638
161639
161640
161641
161643
161644
161646
161647
161651
161653
161655
161656
161657
161658
161659
161661
161662
161663
161664
161665
161668
161669
161670
161671
161672
161673
161674
161679
161681
161682
161685
161686
161687
161688
161689
161691
161693
161694
161695
161696
161698
161699
161701
161702
161704
161705
161709
161710
161711
161712
161713
161715
161717
161718
161719
161721
161723
161724
161725
161726
161728
161729
161730
161731
161732
161733
161739
161740
161741
161743
161746
161747
161748
161750
161751
161752
161754
161755
161759
161760
161761
161762
161763
161764
161766
161767
161768
161769
161770
161771
161777
161778
161779
161780
161784
161788
161789
161790
161791
161792
161794
161796
161797
161798
161799
161800
161801
161802
161803
161805
161808
161811
161812
161813
161815
161816
161817
161819
161820
161821
161822
161823
161824
161825
161826
161827
161828
161829
161830
161831
161832
161833
161834
161837
161841
161842
161845
161846
161847
161848
161849
161850
161851
161852
161853
161854
161855
161856
161858
161860
161861
161863
161864
161866
161867
161869
161872
161873
161874
161877
161878
161879
161880
161882
161883
161884
161885
161886
161887
161888
161889
161890
161891
161895
161896
161898
161899
161900
161902
161903
161910
161911
161915
161917
161918
161919
161920
161921
161922
161923
161925
161930
161931
161937
161938
161939
161940
161941
161943
161944
161945
161946
161947
161950
161951
161952
161953
161956
161957
161958
161959
161960
161961
161963
161964
161965
161988
161994
161995
161999
162000
162001
162002
162003
162004
162006
162007
162008
162009
162010
162011
162014
162015
162016
162017
162019
162022
162026
162027
162028
162029
162031
162032
162040
162041
162043
162045
162048
162051
162052
162053
162054
162058
162059
162078
162079
162081
162082
162085
162086
162088
162092
162093
162095
162096
162098
162099
162102
162103
162104
162106
162107
162108
162114
162115
162120
162121
162128
162137
162140
162141
162142
162144
162146
162147
162150
162151
162152
162153
162154
162155
162156
162157
162158
162167
162169
162171
162174
162176
162177
162178
162183
162187
162189
162191
162192
162194
162196
162197
162198
162199
162208
162213
162216
162217
162218
162219
162222
162224
162225
162228
162229
162231
162232
162233
162234
162235
162236
162239
162243
162247
162249
162251
162253
162257
162258
162260
162262
162263
162264
162265
162266
162268
162269
162271
162273
162279
162281
162282
162286
162287
162291
162292
162293
162294
162295
162296
162297
162300
162301
162302
162305
162311
162312
162313
162315
162316
162317
162319
162320
162322
162324
162325
162328
162332
162333
162336
162339
162342
162343
162348
162349
162351
162354
162356
162358
162360
162362
162364
162367
162368
162369
162370
162372
162376
162377
162380
162381
162384
162385
162386
162387
162389
162393
162394
162395
162397
162398
162405
162406
162408
162411
162412
162413
162415
162416
162417
162419
162420
162422
162424
162425
162426
162427
162428
162429
162430
162431
162432
162433
162435
162436
162437
162438
162443
162448
162451
162452
162455
162456
162457
162459
162462
162463
162464
162465
162471
162474
162477
162478
162479
162480
162484
162487
162488
162490
162491
162494
162497
162498
162499
162500
162502
162507
162508
162509
162510
162511
162513
162514
162518
162519
162520
162522
162523
162524
162525
162526
162530
162531
162533
162546
162547
162550
162552
162554
162555
162556
162558
162560
162561
162566
162568
162570
162571
162572
162573
162574
162581
162582
162586
162589
162590
162591
162592
162593
162594
162595
162596
162601
162614
162616
162617
162619
162621
162623
162626
162627
162634
162635
162640
162642
162643
162644
162645
162646
162647
162648
162652
162655
162659
162660
162661
162662
162663
162667
162668
162677
162685
162686
162690
162692
162693
162694
162696
162697
162698
162699
162700
162701
162702
162703
162705
162706
162707
162708
162709
162710
162711
162712
162713
162714
162715
162717
162719
162720
162721
162723
162727
162729
162732
162733
162737
162738
162739
162740
162742
162743
162744
162745
162746
162747
162748
162749
162750
162751
162753
162755
162758
162759
162760
162763
162765
162767
162768
162770
162772
162773
162774
162775
162776
162777
162778
162780
162781
162782
162784
162788
162790
162791
162792
162793
162795
162796
162797
162798
162799
162801
162802
162803
162804
162805
162806
162807
162808
162809
162812
162813
162815
162816
162817
162822
162823
162824
162825
162826
162828
162829
162830
162831
162832
162833
162834
162836
162837
162838
162839
162841
162843
162844
162845
162846
162847
162848
162849
162851
162853
162854
162856
162857
162858
162859
162861
162862
162863
162864
162865
162866
162867
162868
162869
162870
162871
162872
162873
162875
162876
162879
162880
162881
162896
162899
162903
162904
162905
162907
162908
162909
162910
162911
162912
162914
162915
162918
162919
162922
162924
162927
162928
162931
162936
162937
162940
162942
162947
162949
162950
162953
162961
162963
162964
162966
162967
162973
162974
162975
162979
162980
162982
162984
162985
162986
162990
162992
162993
162994
162995
162996
162997
162998
163000
163003
163004
163005
163007
163008
163010
163012
163013
163014
163016
163017
163018
163020
163023
163024
163025
163028
163029
163030
163033
163034
163035
163039
163040
163041
163047
163048
163050
163051
163052
163053
163054
163055
163056
163058
163060
163061
163062
163063
163064
163067
163068
163069
163070
163071
163075
163076
163079
163080
163081
163082
163084
163085
163086
163087
163090
163095
163110
163113
163115
163116
163117
163120
163121
163122
163123
163125
163127
163128
163132
163137
163139
163140
163141
163144
163145
163146
163147
163148
163149
163150
163151
163152
163153
163155
163156
163157
163158
163159
163161
163163
163165
163166
163167
163168
163170
163171
163172
163174
163177
163178
163180
163185
163190
163194
163201
163203
163204
163205
163206
163211
163213
163215
163219
163220
163226
163228
163229
163232
163233
163237
163242
163243
163253
163258
163259
163261
163267
163268
163271
163272
163273
163274
163275
163276
163279
163285
163293
163294
163295
163297
163298
163299
163300
163301
163303
163307
163313
163314
163315
163316
163317
163318
163320
163322
163323
163324
163325
163326
163328
163330
163332
163333
163334
163337
163339
163340
163341
163342
163343
163345
163346
163349
163350
163351
163352
163353
163354
163356
163357
163358
163359
163361
163362
163363
163364
163366
163367
163369
163370
163373
163374
163378
163381
163382
163383
163386
163387
163388
163389
163391
163392
163393
163394
163395
163396
163397
163398
163400
163401
163403
163406
163408
163409
163410
163415
163416
163417
163434
163435
163436
163438
163440
163441
163442
163443
163444
163445
163446
163448
163449
163450
163451
163453
163454
163455
163456
163457
163459
163467
163468
163469
163471
163475
163478
163487
163488
163489
163490
163491
163493
163494
163495
163496
163498
163499
163500
163501
163504
163506
163507
163515
163516
163518
163519
163520
163521
163522
163523
163525
163526
163527
163532
163534
163538
163539
163540
163546
163547
163550
163551
163552
163553
163554
163555
163556
163558
163559
163565
163574
163575
163576
163577
163578
163580
163581
163582
163585
163591
163592
163593
163594
163597
163600
163601
163602
163603
163605
163607
163608
163610
163611
163612
163613
163614
163615
163616
163617
163618
163619
163620
163621
163622
163625
163630
163631
163632
163633
163634
163635
163636
163637
163638
163643
163645
163648
163651
163652
163653
163654
163655
163656
163658
163659
163660
163663
163667
163668
163669
163671
163672
163676
163680
163681
163682
163683
163685
163688
163696
163697
163698
163699
163700
163701
163703
163704
163708
163710
163711
163712
163714
163715
163716
163717
163718
163724
163725
163726
163727
163731
163732
163736
163737
163739
163740
163748
163749
163752
163753
163757
163758
163760
163761
163764
163766
163768
163770
163773
163776
163778
163779
163780
163781
163783
163784
163788
163789
163790
163791
163793
163796
163798
163801
163803
163804
163805
163806
163807
163809
163810
163815
163817
163818
163820
163822
163823
163824
163826
163827
163828
163830
163833
163834
163835
163836
163844
163845
163846
163847
163849
163850
163862
163865
163871
163876
163877
163880
163881
163882
163883
163884
163890
163893
163896
163900
163901
163902
163908
163910
163911
163913
163915
163916
163917
163920
163925
163926
163927
163928
163930
163931
163935
163940
163941
163942
163943
163945
163950
163952
163972
163974
163975
163977
163979
163981
163982
163984
163986
163987
163993
163995
164001
164005
164007
164015
164016
164019
164020
164021
164022
164024
164026
164032
164033
164034
164035
164039
164040
164042
164046
164048
164054
164055
164056
164057
164060
164062
164063
164065
164082
164084
164086
164094
164095
164098
164101
164102
164103
164104
164105
164116
164117
164119
164120
164121
164123
164125
164127
164128
164129
164131
164132
164134
164135
164136
164137
164138
164144
164147
164148
164149
164150
164151
164153
164155
164157
164158
164159
164170
164173
164174
164175
164176
164177
164179
164180
164181
164182
164183
164184
164185
164186
164191
164195
164197
164200
164201
164202
164203
164204
164205
164208
164211
164212
164213
164216
164217
164219
164221
164222
164223
164225
164226
164227
164229
164231
164232
164235
164238
164239
164241
164242
164243
164244
164246
164247
164248
164252
164253
164254
164257
164258
164259
164260
164264
164267
164271
164273
164274
164278
164281
164284
164287
164292
164293
164294
164307
164308
164313
164315
164316
164318
164319
164325
164326
164327
164330
164334
164336
164337
164339
164341
164342
164343
164344
164346
164347
164348
164349
164350
164351
164353
164356
164357
164358
164359
164360
164361
164363
164364
164365
164366
164367
164368
164370
164371
164372
164373
164374
164375
164377
164378
164379
164380
164381
164382
164383
164384
164385
164386
164388
164391
164393
164395
164396
164399
164400
164401
164402
164403
164406
164407
164409
164411
164413
164414
164416
164417
164418
164419
164421
164422
164423
164425
164428
164429
164431
164432
164433
164434
164435
164436
164440
164441
164442
164443
164445
164446
164449
164450
164452
164453
164454
164456
164457
164458
164459
164465
164466
164467
164468
164470
164471
164473
164474
164476
164480
164482
164487
164488
164489
164491
164492
164493
164494
164495
164497
164498
164505
164506
164508
164509
164516
164519
164520
164524
164528
164530
164531
164533
164534
164535
164536
164538
164540
164541
164543
164544
164545
164546
164547
164548
164553
164554
164555
164556
164557
164558
164559
164560
164561
164564
164566
164567
164568
164569
164571
164573
164575
164579
164585
164586
164587
164588
164590
164591
164592
164593
164595
164596
164597
164602
164604
164605
164606
164607
164608
164609
164611
164612
164615
164616
164618
164619
164620
164621
164623
164624
164625
164626
164635
164636
164637
164638
164639
164640
164643
164644
164645
164646
164647
164649
164650
164652
164653
164654
164655
164656
164657
164658
164659
164660
164661
164662
164663
164665
164668
164670
164671
164672
164673
164675
164676
164677
164678
164679
164681
164685
164686
164687
164692
164693
164694
164695
164697
164700
164701
164702
164703
164706
164708
164710
164711
164717
164719
164721
164722
164724
164726
164727
164728
164729
164730
164732
164753
164754
164755
164757
164758
164762
164763
164764
164769
164770
164774
164777
164780
164781
164782
164783
164786
164789
164790
164791
164793
164798
164800
164801
164802
164803
164806
164808
164810
164813
164820
164822
164823
164825
164828
164831
164832
164836
164837
164838
164839
164842
164844
164845
164846
164847
164851
164853
164854
164855
164856
164857
164858
164859
164860
164861
164862
164863
164865
164866
164867
164869
164872
164873
164876
164878
164880
164881
164882
164885
164887
164892
164894
164895
164896
164897
164898
164900
164901
164902
164903
164904
164905
164906
164907
164915
164916
164917
164919
164920
164921
164922
164924
164925
164926
164929
164930
164932
164934
164935
164936
164937
164939
164942
164943
164944
164946
164947
164949
164951
164953
164959
164961
164963
164971
164975
164976
164978
164982
164984
164985
164986
164987
164991
164992
164993
164994
164995
164997
164998
164999
165000
165001
165002
165004
165005
165006
165007
165010
165011
165013
165014
165017
165018
165019
165022
165023
165026
165027
165028
165029
165030
165031
165032
165034
165035
165036
165037
165038
165039
165040
165041
165042
165043
165044
165046
165048
165050
165051
165053
165061
165065
165066
165068
165071
165074
165076
165081
165084
165085
165087
165088
165090
165095
165096
165100
165101
165102
165103
165107
165108
165109
165110
165111
165113
165114
165115
165116
165118
165120
165121
165125
165126
165130
165131
165132
165134
165138
165139
165140
165141
165142
165144
165145
165146
165147
165148
165149
165150
165152
165155
165157
165158
165159
165160
165161
165163
165164
165165
165166
165175
165182
165190
165191
165199
165201
165202
165205
165208
165209
165210
165212
165214
165216
165218
165219
165220
165221
165223
165225
165226
165228
165229
165233
165234
165237
165243
165244
165249
165250
165251
165252
165255
165257
165259
165261
165262
165263
165267
165268
165279
165281
165287
165289
165290
165293
165296
165298
165302
165308
165320
165321
165324
165329
165333
165334
165335
165336
165337
165338
165339
165340
165341
165343
165345
165348
165352
165357
165361
165362
165363
165364
165365
165366
165368
165371
165372
165373
165375
165376
165377
165379
165380
165382
165384
165385
165389
165390
165391
165392
165395
165397
165401
165404
165405
165406
165407
165408
165409
165416
165417
165418
165421
165422
165423
165427
165428
165430
165435
165436
165437
165438
165440
165442
165443
165444
165445
165446
165447
165449
165450
165456
165457
165460
165461
165462
165463
165472
165475
165477
165478
165480
165482
165483
165486
165488
165489
165490
165491
165492
165493
165494
165495
165496
165501
165504
165505
165506
165507
165508
165509
165511
165512
165513
165514
165515
165516
165517
165518
165519
165521
165524
165525
165527
165528
165530
165531
165533
165534
165535
165537
165539
165540
165543
165544
165545
165546
165547
165548
165549
165552
165554
165555
165556
165559
165560
165566
165568
165569
165575
165576
165582
165583
165588
165590
165592
165595
165596
165598
165600
165603
165607
165608
165609
165611
165613
165614
165615
165616
165619
165629
165632
165633
165635
165636
165639
165641
165642
165643
165647
165650
165651
165654
165655
165656
165657
165658
165659
165660
165661
165662
165663
165666
165669
165670
165671
165672
165676
165679
165683
165685
165686
165687
165690
165691
165692
165693
165695
165696
165699
165700
165701
165702
165705
165706
165708
165711
165713
165719
165721
165723
165725
165726
165727
165728
165729
165730
165733
165734
165737
165738
165739
165740
165741
165743
165744
165745
165747
165748
165749
165750
165752
165753
165754
165755
165756
165757
165758
165759
165761
165763
165764
165765
165770
165771
165773
165775
165776
165777
165778
165779
165781
165782
165783
165784
165785
165786
165788
165789
165791
165794
165795
165798
165799
165801
165803
165804
165805
165806
165807
165808
165809
165810
165811
165814
165816
165817
165818
165820
165823
165824
165827
165828
165829
165830
165832
165833
165835
165836
165839
165845
165846
165851
165854
165855
165856
165857
165858
165859
165861
165862
165863
165864
165865
165870
165873
165874
165875
165876
165877
165878
165879
165880
165882
165883
165885
165886
165887
165888
165889
165890
165892
165895
165897
165898
165899
165900
165905
165907
165908
165909
165910
165911
165912
165914
165915
165919
165920
165921
165922
165924
165925
165926
165927
165928
165930
165931
165932
165933
165935
165936
165937
165938
165939
165941
165942
165944
165945
165946
165948
165949
165952
165954
165966
165967
165968
165969
165972
165973
165975
165976
165977
165980
165982
165984
165985
165986
165989
165992
165993
165994
165997
165999
166000
166003
166004
166005
166006
166010
166011
166012
166013
166014
166015
166016
166017
166022
166023
166024
166025
166027
166029
166030
166033
166034
166043
166044
166045
166046
166050
166053
166054
166056
166057
166058
166060
166061
166062
166065
166066
166067
166068
166069
166073
166075
166077
166078
166080
166084
166085
166087
166089
166090
166092
166095
166096
166097
166099
166100
166101
166102
166105
166106
166107
166109
166110
166111
166112
166113
166114
166115
166116
166117
166118
166121
166122
166128
166129
166132
166133
166135
166141
166142
166143
166144
166145
166146
166147
166148
166150
166151
166153
166154
166155
166156
166159
166160
166161
166162
166164
166165
166166
166170
166171
166172
166173
166176
166178
166182
166184
166185
166186
166187
166189
166190
166191
166192
166194
166195
166196
166198
166199
166201
166202
166205
166207
166208
166226
166227
166230
166231
166233
166234
166235
166236
166239
166240
166242
166243
166244
166245
166246
166247
166248
166250
166251
166252
166257
166259
166260
166266
166269
166273
166276
166277
166278
166279
166281
166284
166285
166294
166299
166300
166301
166302
166305
166307
166308
166309
166310
166314
166315
166317
166318
166321
166322
166323
166324
166325
166328
166329
166331
166333
166334
166335
166336
166337
166341
166342
166344
166345
166347
166350
166351
166352
166353
166354
166355
166356
166357
166358
166361
166364
166366
166367
166370
166371
166372
166374
166376
166377
166380
166381
166384
166385
166386
166389
166396
166397
166398
166399
166400
166401
166402
166404
166405
166406
166410
166413
166416
166417
166419
166420
166421
166422
166424
166427
166431
166432
166433
166435
166439
166441
166442
166444
166450
166453
166454
166455
166456
166457
166458
166459
166461
166463
166464
166465
166466
166467
166468
166469
166471
166472
166474
166475
166479
166483
166485
166487
166488
166489
166490
166494
166496
166499
166500
166501
166503
166505
166507
166510
166511
166512
166513
166516
166517
166532
166533
166534
166535
166537
166538
166539
166540
166541
166542
166543
166544
166546
166547
166548
166549
166551
166552
166554
166555
166556
166557
166561
166563
166564
166565
166566
166573
166574
166575
166576
166577
166578
166579
166580
166581
166582
166583
166584
166585
166586
166587
166588
166589
166590
166591
166592
166594
166596
166597
166598
166599
166600
166601
166602
166603
166605
166606
166607
166608
166609
166610
166612
166613
166614
166615
166616
166624
166626
166627
166630
166631
166632
166633
166634
166636
166642
166643
166644
166649
166650
166651
166652
166653
166654
166655
166656
166658
166659
166660
166661
166662
166663
166664
166665
166666
166667
166668
166669
166670
166671
166672
166673
166674
166675
166679
166680
166681
166684
166685
166687
166689
166690
166693
166694
166696
166698
166699
166700
166701
166702
166705
166707
166709
166711
166714
166715
166717
166718
166719
166720
166721
166726
166729
166730
166733
166735
166737
166739
166740
166741
166744
166746
166747
166748
166753
166756
166757
166759
166760
166761
166762
166763
166765
166766
166767
166768
166769
166770
166771
166772
166773
166774
166775
166776
166777
166778
166780
166781
166782
166783
166785
166787
166788
166789
166790
166791
166792
166793
166795
166796
166798
166800
166801
166802
166803
166804
166805
166806
166807
166808
166809
166810
166811
166812
166813
166814
166815
166816
166817
166818
166819
166820
166821
166822
166824
166826
166830
166831
166834
166836
166837
166838
166839
166841
166842
166844
166846
166851
166852
166853
166854
166855
166856
166857
166859
166861
166862
166863
166865
166866
166867
166868
166870
166871
166873
166877
166888
166889
166893
166894
166895
166896
166902
166903
166904
166906
166908
166909
166910
166911
166912
166913
166914
166915
166916
166919
166920
166921
166922
166923
166925
166927
166929
166932
166933
166935
166937
166938
166941
166942
166943
166944
166945
166950
166952
166953
166954
166955
166957
166958
166959
166961
166966
166970
166971
166972
166973
166974
166975
166979
166980
166983
166984
166985
166986
166987
166990
166991
166997
166999
167005
167006
167007
167008
167010
167012
167013
167014
167016
167018
167019
167020
167021
167024
167025
167027
167028
167029
167030
167032
167037
167038
167039
167040
167044
167045
167046
167049
167050
167051
167052
167055
167058
167061
167062
167063
167064
167066
167067
167068
167069
167070
167071
167072
167073
167074
167075
167076
167077
167078
167079
167081
167083
167084
167086
167091
167096
167099
167100
167109
167111
167112
167115
167116
167117
167118
167119
167122
167123
167133
167135
167136
167138
167139
167140
167142
167143
167144
167145
167146
167147
167148
167149
167151
167152
167153
167154
167155
167158
167159
167163
167164
167167
167168
167169
167170
167171
167173
167174
167175
167176
167177
167178
167181
167182
167183
167184
167185
167186
167189
167190
167191
167192
167193
167200
167202
167204
167206
167207
167208
167209
167211
167212
167213
167214
167216
167219
167220
167222
167223
167224
167225
167226
167227
167234
167235
167236
167237
167239
167240
167243
167245
167247
167248
167249
167251
167252
167253
167254
167256
167257
167258
167259
167260
167261
167264
167268
167269
167270
167271
167272
167275
167280
167281
167285
167287
167297
167300
167301
167302
167306
167307
167309
167310
167312
167314
167315
167317
167320
167323
167328
167335
167336
167341
167353
167355
167358
167359
167361
167364
167365
167366
167367
167370
167371
167372
167373
167374
167375
167376
167377
167378
167379
167380
167381
167384
167386
167387
167388
167389
167390
167391
167394
167395
167396
167397
167400
167402
167404
167405
167406
167408
167410
167411
167413
167414
167417
167421
167423
167424
167425
167428
167429
167430
167434
167444
167445
167446
167447
167448
167454
167455
167456
167457
167460
167461
167462
167474
167475
167477
167478
167479
167481
167482
167483
167485
167486
167487
167488
167489
167490
167492
167493
167494
167496
167498
167506
167507
167509
167516
167517
167518
167519
167520
167521
167522
167523
167524
167526
167527
167528
167529
167530
167531
167532
167533
167534
167536
167537
167541
167542
167543
167545
167547
167548
167549
167550
167551
167552
167553
167554
167555
167556
167557
167559
167560
167561
167571
167572
167573
167574
167575
167577
167578
167579
167581
167582
167584
167585
167586
167587
167596
167597
167598
167599
167601
167604
167605
167609
167610
167611
167612
167616
167617
167621
167624
167625
167626
167630
167631
167632
167633
167634
167636
167637
167640
167642
167643
167644
167652
167653
167654
167655
167656
167657
167658
167662
167664
167665
167666
167668
167669
167670
167671
167672
167673
167674
167677
167678
167679
167681
167682
167683
167685
167686
167687
167689
167690
167691
167693
167697
167698
167699
167700
167702
167703
167704
167705
167706
167707
167708
167709
167710
167713
167715
167716
167717
167718
167719
167720
167721
167722
167723
167726
167727
167728
167730
167731
167732
167733
167734
167735
167736
167737
167739
167740
167741
167742
167743
167744
167745
167746
167748
167749
167750
167753
167754
167755
167756
167757
167758
167759
167760
167762
167763
167765
167766
167767
167768
167769
167771
167774
167775
167777
167780
167783
167785
167786
167787
167788
167789
167790
167794
167795
167798
167800
167803
167804
167807
167809
167810
167811
167812
167813
167814
167817
167818
167819
167820
167821
167822
167823
167826
167827
167828
167830
167831
167832
167833
167834
167835
167836
167837
167838
167839
167840
167841
167843
167846
167849
167850
167858
167859
167860
167863
167864
167865
167866
167868
167869
167870
167871
167872
167873
167874
167877
167878
167879
167880
167881
167885
167887
167889
167890
167891
167892
167896
167897
167899
167900
167902
167903
167904
167905
167906
167907
167908
167909
167913
167915
167918
167919
167920
167924
167925
167926
167927
167928
167929
167931
167932
167934
167935
167938
167940
167941
167942
167943
167944
167946
167947
167948
167949
167950
167951
167952
167953
167955
167956
167957
167958
167959
167962
167963
167964
167965
167968
167971
167973
167974
167975
167976
167977
167978
167979
167980
167981
167982
167983
167984
167985
167988
167993
167994
167995
167996
167997
167998
167999
168001
168002
168003
168004
168005
168008
168011
168012
168013
168014
168015
168016
168017
168019
168020
168021
168022
168024
168025
168026
168027
168028
168030
168033
168034
168035
168036
168037
168038
168039
168040
168041
168042
168043
168044
168045
168046
168050
168053
168058
168059
168060
168062
168063
168064
168065
168067
168068
168069
168072
168074
168075
168077
168084
168086
168088
168092
168094
168096
168099
168100
168101
168102
168103
168104
168105
168107
168108
168112
168113
168114
168115
168116
168118
168126
168130
168134
168135
168138
168139
168147
168150
168151
168153
168154
168155
168156
168157
168158
168161
168163
168164
168166
168167
168168
168169
168170
168171
168172
168173
168174
168177
168178
168179
168180
168181
168182
168183
168184
168185
168186
168188
168189
168191
168195
168196
168197
168198
168199
168201
168202
168203
168204
168205
168206
168207
168210
168211
168212
168214
168215
168216
168217
168218
168219
168223
168224
168225
168228
168231
168233
168234
168236
168237
168239
168241
168242
168243
168244
168245
168246
168250
168251
168256
168259
168262
168263
168264
168265
168269
168270
168271
168272
168273
168274
168277
168278
168279
168280
168281
168284
168285
168286
168287
168288
168289
168291
168292
168293
168294
168295
168296
168297
168299
168300
168301
168302
168303
168304
168305
168310
168311
168312
168316
168320
168321
168323
168324
168325
168326
168328
168329
168330
168333
168335
168341
168345
168347
168349
168350
168352
168353
168354
168356
168357
168358
168359
168362
168363
168366
168367
168373
168374
168375
168378
168379
168380
168381
168385
168386
168387
168388
168389
168390
168391
168392
168393
168394
168395
168396
168397
168398
168399
168401
168402
168403
168404
168405
168406
168410
168411
168412
168415
168416
168417
168418
168419
168420
168421
168423
168424
168425
168426
168427
168428
168429
168430
168431
168432
168435
168437
168439
168441
168442
168447
168448
168450
168451
168452
168454
168455
168456
168459
168460
168461
168462
168463
168464
168467
168468
168469
168470
168471
168472
168475
168476
168486
168487
168489
168491
168492
168494
168495
168499
168501
168502
168503
168504
168505
168506
168507
168508
168509
168511
168512
168513
168514
168517
168518
168520
168521
168522
168523
168524
168525
168527
168528
168529
168530
168531
168532
168533
168534
168536
168537
168538
168541
168542
168543
168544
168547
168548
168551
168555
168556
168557
168558
168559
168562
168564
168566
168567
168568
168569
168570
168571
168572
168575
168577
168580
168581
168582
168583
168584
168586
168587
168588
168590
168592
168595
168597
168598
168600
168602
168603
168604
168606
168607
168609
168610
168611
168612
168617
168618
168619
168620
168621
168623
168626
168627
168628
168632
168633
168635
168636
168641
168642
168645
168647
168648
168649
168650
168651
168652
168656
168657
168660
168662
168663
168668
168669
168670
168671
168674
168676
168677
168678
168679
168680
168681
168683
168685
168687
168689
168690
168691
168692
168693
168695
168696
168697
168699
168701
168703
168708
168709
168710
168714
168715
168717
168724
168725
168726
168727
168728
168729
168731
168733
168738
168743
168744
168745
168746
168748
168749
168750
168751
168752
168753
168754
168755
168757
168758
168760
168761
168766
168767
168770
168771
168772
168774
168775
168776
168777
168778
168779
168780
168781
168787
168789
168791
168797
168798
168800
168801
168803
168804
168806
168807
168813
168814
168818
168819
168820
168823
168826
168827
168830
168832
168833
168834
168842
168845
168846
168847
168850
168852
168854
168856
168857
168858
168859
168860
168863
168865
168868
168869
168870
168874
168879
168883
168889
168891
168892
168895
168896
168897
168898
168901
168905
168906
168907
168908
168911
168912
168913
168922
168923
168924
168925
168929
168930
168931
168935
168936
168938
168939
168940
168941
168944
168947
168948
168949
168950
168951
168952
168953
168954
168955
168957
168958
168960
168961
168963
168967
168968
168969
168970
168971
168972
168975
168976
168978
168979
168980
168981
168983
168984
168985
168986
168987
168988
168989
168993
168994
168996
168997
168998
168999
169000
169001
169002
169005
169006
169007
169008
169009
169010
169011
169013
169019
169022
169025
169026
169027
169033
169035
169037
169038
169040
169041
169042
169043
169044
169045
169046
169047
169048
169049
169050
169051
169052
169053
169054
169055
169056
169057
169058
169059
169060
169067
169073
169074
169076
169077
169078
169079
169080
169081
169085
169086
169087
169088
169090
169092
169093
169095
169096
169097
169100
169104
169108
169109
169110
169112
169113
169114
169115
169116
169123
169124
169128
169130
169131
169132
169133
169136
169137
169138
169139
169140
169142
169144
169146
169148
169149
169150
169151
169152
169154
169158
169159
169160
169161
169163
169165
169168
169170
169171
169172
169173
169174
169175
169177
169178
169179
169181
169182
169183
169185
169187
169188
169189
169190
169192
169193
169196
169199
169206
169207
169210
169211
169212
169213
169214
169215
169216
169217
169220
169222
169224
169225
169226
169229
169230
169231
169232
169233
169235
169236
169237
169238
169241
169242
169244
169246
169250
169251
169252
169253
169254
169256
169257
169258
169259
169260
169262
169263
169264
169267
169270
169271
169272
169273
169278
169280
169281
169282
169283
169287
169289
169290
169294
169295
169297
169301
169305
169306
169316
169318
169319
169321
169322
169325
169326
169327
169328
169329
169335
169336
169338
169340
169341
169345
169348
169349
169350
169351
169352
169358
169359
169360
169366
169368
169369
169370
169371
169372
169373
169374
169375
169376
169377
169378
169379
169380
169387
169393
169394
169397
169398
169399
169400
169401
169402
169403
169405
169406
169407
169408
169411
169412
169413
169414
169415
169416
169417
169418
169419
169420
169421
169423
169425
169427
169428
169429
169430
169431
169432
169437
169438
169439
169441
169442
169444
169445
169446
169448
169451
169452
169454
169456
169457
169458
169459
169461
169463
169466
169471
169472
169474
169475
169477
169478
169480
169487
169488
169491
169492
169493
169495
169496
169497
169498
169499
169500
169501
169502
169504
169505
169506
169507
169508
169509
169512
169514
169517
169519
169521
169523
169524
169525
169526
169530
169531
169532
169536
169539
169543
169545
169547
169548
169549
169553
169555
169558
169559
169563
169564
169565
169567
169569
169570
169571
169573
169574
169575
169576
169577
169582
169583
169586
169587
169588
169589
169590
169591
169592
169594
169595
169598
169599
169600
169601
169602
169603
169607
169609
169610
169611
169612
169613
169615
169616
169619
169620
169621
169622
169625
169628
169629
169632
169633
169634
169638
169639
169640
169641
169642
169643
169644
169645
169646
169649
169650
169651
169652
169653
169654
169655
169657
169658
169660
169661
169662
169663
169664
169665
169666
169667
169668
169669
169675
169678
169679
169680
169688
169689
169690
169697
169699
169701
169702
169703
169704
169705
169707
169710
169711
169712
169713
169720
169721
169722
169723
169724
169726
169727
169728
169729
169730
169731
169734
169740
169742
169747
169748
169749
169750
169751
169752
169753
169754
169755
169756
169757
169758
169759
169762
169763
169764
169765
169767
169768
169774
169775
169778
169779
169780
169781
169782
169783
169785
169787
169789
169790
169796
169797
169798
169800
169802
169803
169805
169807
169811
169815
169816
169818
169819
169820
169821
169824
169825
169827
169828
169829
169830
169831
169832
169833
169834
169835
169836
169837
169839
169840
169842
169843
169844
169845
169846
169847
169848
169849
169852
169854
169855
169856
169857
169858
169859
169860
169861
169867
169868
169869
169871
169874
169875
169877
169878
169879
169880
169882
169883
169886
169887
169888
169889
169890
169892
169893
169894
169895
169896
169897
169898
169899
169900
169901
169902
169903
169904
169905
169906
169907
169908
169909
169911
169912
169913
169915
169916
169917
169920
169924
169926
169927
169929
169932
169935
169936
169937
169938
169940
169942
169943
169944
169945
169946
169947
169948
169949
169950
169951
169953
169956
169958
169959
169960
169961
169962
169963
169966
169967
169968
169969
169971
169972
169973
169975
169976
169977
169978
169979
169980
169981
169982
169983
169984
169988
169989
169990
169991
169992
169993
169994
169995
169996
169997
169998
169999
170000
170002
170004
170009
170010
170011
170012
170015
170017
170019
170020
170021
170022
170023
170024
170025
170026
170027
170029
170031
170033
170036
170037
170038
170041
170042
170043
170044
170045
170046
170047
170048
170049
170051
170052
170053
170054
170057
170058
170060
170064
170066
170068
170069
170070
170072
170073
170074
170082
170083
170086
170089
170090
170091
170093
170094
170095
170097
170100
170102
170104
170106
170108
170109
170110
170112
170114
170115
170116
170117
170118
170119
170120
170121
170122
170123
170125
170126
170127
170128
170129
170131
170132
170135
170140
170141
170142
170143
170144
170147
170148
170152
170153
170154
170155
170158
170159
170160
170162
170163
170164
170166
170171
170174
170176
170179
170180
170181
170183
170184
170189
170191
170192
170193
170194
170198
170201
170202
170203
170204
170205
170207
170208
170210
170211
170213
170214
170215
170216
170218
170220
170225
170226
170227
170230
170232
170233
170234
170235
170236
170237
170238
170239
170241
170242
170243
170244
170245
170246
170247
170248
170249
170250
170251
170252
170253
170254
170255
170257
170258
170260
170261
170262
170263
170264
170267
170268
170269
170272
170273
170275
170278
170280
170281
170282
170283
170285
170287
170288
170289
170290
170291
170292
170293
170298
170300
170302
170303
170305
170307
170308
170309
170310
170311
170312
170313
170314
170324
170325
170326
170327
170329
170331
170332
170333
170337
170338
170342
170343
170344
170351
170355
170356
170358
170359
170362
170363
170364
170365
170366
170367
170368
170371
170372
170373
170374
170375
170376
170382
170383
170386
170387
170388
170390
170391
170392
170393
170395
170396
170397
170398
170410
170411
170414
170418
170419
170425
170427
170428
170430
170432
170438
170439
170441
170444
170446
170450
170451
170455
170457
170458
170461
170462
170463
170464
170466
170471
170472
170473
170474
170475
170476
170477
170480
170481
170482
170483
170484
170487
170488
170489
170490
170491
170494
170495
170496
170497
170498
170499
170501
170502
170503
170504
170505
170506
170507
170511
170512
170513
170514
170516
170517
170518
170523
170524
170525
170526
170527
170528
170531
170533
170534
170535
170536
170539
170540
170541
170542
170543
170544
170545
170548
170549
170550
170551
170555
170557
170558
170563
170564
170565
170566
170567
170570
170571
170572
170574
170582
170583
170584
170585
170587
170590
170591
170592
170598
170599
170601
170602
170604
170607
170609
170610
170611
170612
170613
170614
170615
170618
170620
170621
170622
170623
170624
170625
170626
170627
170628
170629
170630
170631
170632
170633
170634
170635
170636
170637
170638
170639
170642
170645
170646
170647
170649
170652
170655
170656
170657
170658
170663
170665
170666
170667
170668
170669
170671
170672
170673
170675
170676
170677
170678
170679
170680
170683
170689
170692
170694
170695
170697
170698
170699
170700
170702
170703
170704
170705
170711
170717
170725
170726
170731
170732
170733
170736
170737
170738
170741
170744
170745
170749
170750
170751
170752
170753
170754
170755
170756
170757
170758
170759
170760
170761
170762
170763
170764
170765
170766
170767
170778
170779
170780
170781
170782
170783
170785
170786
170787
170788
170790
170792
170794
170796
170797
170800
170801
170804
170805
170806
170810
170811
170812
170813
170814
170815
170816
170817
170818
170819
170820
170821
170822
170823
170824
170825
170826
170827
170829
170830
170831
170835
170836
170837
170838
170839
170840
170841
170842
170844
170845
170846
170847
170848
170849
170850
170851
170852
170853
170854
170858
170860
170861
170865
170866
170867
170868
170869
170870
170871
170872
170873
170874
170875
170877
170883
170885
170886
170887
170890
170896
170897
170898
170899
170900
170901
170902
170903
170904
170905
170906
170908
170909
170910
170913
170914
170916
170917
170919
170920
170929
170930
170932
170934
170936
170944
170945
170946
170947
170948
170949
170950
170951
170952
170955
170956
170957
170958
170959
170960
170961
170962
170964
170965
170966
170969
170970
170971
170972
170973
170974
170977
170978
170979
170980
170982
170984
170985
170986
170994
170995
170997
170998
170999
171000
171001
171005
171008
171009
171010
171011
171013
171017
171018
171020
171021
171022
171024
171025
171027
171028
171029
171030
171031
171032
171033
171034
171037
171038
171041
171043
171044
171047
171051
171053
171055
171056
171060
171061
171062
171063
171064
171065
171066
171067
171068
171069
171072
171073
171074
171075
171077
171078
171079
171080
171081
171082
171083
171084
171085
171086
171087
171089
171091
171093
171110
171111
171117
171123
171125
171126
171127
171128
171131
171132
171133
171137
171138
171139
171140
171145
171146
171147
171148
171149
171151
171152
171153
171154
171160
171163
171164
171166
171167
171168
171169
171170
171171
171172
171173
171174
171175
171176
171177
171178
171179
171180
171181
171182
171183
171184
171185
171188
171189
171190
171192
171193
171194
171195
171196
171199
171200
171204
171205
171206
171207
171210
171211
171215
171217
171218
171219
171220
171222
171223
171225
171227
171228
171229
171231
171232
171233
171234
171238
171239
171240
171241
171242
171243
171245
171246
171249
171255
171256
171257
171258
171259
171260
171261
171262
171263
171264
171265
171266
171267
171269
171271
171272
171273
171275
171276
171277
171279
171283
171285
171286
171287
171288
171289
171292
171293
171297
171298
171301
171303
171304
171306
171307
171308
171309
171310
171312
171313
171314
171315
171316
171319
171320
171322
171323
171324
171326
171328
171329
171331
171333
171334
171335
171336
171338
171339
171340
171341
171344
171346
171347
171348
171353
171354
171355
171356
171357
171358
171359
171362
171363
171365
171366
171369
171371
171372
171376
171378
171383
171385
171386
171387
171395
171396
171397
171401
171404
171405
171407
171408
171409
171410
171411
171413
171414
171415
171416
171418
171419
171422
171424
171425
171426
171427
171430
171432
171433
171437
171438
171439
171440
171441
171443
171445
171446
171447
171448
171449
171451
171452
171453
171455
171458
171459
171460
171462
171463
171464
171465
171466
171467
171468
171469
171471
171472
171473
171474
171476
171477
171479
171480
171481
171484
171485
171486
171489
171490
171491
171492
171493
171494
171495
171496
171497
171504
171507
171512
171515
171516
171517
171520
171521
171522
171523
171525
171526
171527
171531
171532
171534
171535
171536
171537
171538
171539
171540
171541
171542
171545
171546
171548
171551
171552
171553
171554
171556
171557
171558
171560
171561
171562
171563
171565
171566
171567
171568
171569
171570
171571
171572
171573
171575
171576
171579
171580
171581
171582
171586
171587
171588
171589
171590
171591
171592
171593
171594
171595
171596
171597
171598
171600
171601
171602
171607
171617
171618
171619
171620
171640
171644
171645
171648
171649
171650
171658
171659
171661
171663
171664
171666
171667
171668
171669
171670
171671
171672
171673
171675
171676
171678
171679
171680
171682
171684
171685
171686
171688
171694
171695
171696
171706
171707
171710
171719
171720
171721
171722
171723
171724
171725
171727
171729
171731
171736
171738
171740
171741
171742
171743
171744
171745
171746
171748
171749
171750
171751
171752
171753
171754
171758
171759
171760
171763
171764
171766
171767
171768
171769
171770
171771
171772
171776
171777
171780
171782
171783
171784
171788
171789
171791
171792
171793
171794
171795
171796
171797
171798
171799
171800
171801
171802
171804
171805
171807
171808
171809
171810
171811
171812
171816
171817
171818
171819
171820
171821
171825
171826
171828
171829
171832
171834
171839
171840
171841
171842
171843
171845
171847
171849
171851
171853
171859
171861
171862
171864
171866
171867
171869
171872
171873
171876
171877
171878
171880
171889
171890
171891
171894
171896
171897
171898
171899
171900
171901
171902
171903
171904
171905
171906
171907
171908
171909
171910
171911
171913
171915
171916
171917
171918
171919
171920
171922
171924
171931
171934
171936
171937
171938
171939
171941
171942
171943
171945
171946
171947
171948
171949
171952
171955
171956
171957
171958
171959
171962
171963
171965
171966
171967
171969
171970
171971
171972
171973
171974
171976
171977
171978
171979
171980
171982
171985
171986
171989
171991
171994
171995
171996
171997
171998
171999
172000
172002
172003
172004
172005
172006
172007
172008
172009
172010
172011
172012
172013
172014
172015
172016
172017
172018
172019
172020
172021
172022
172024
172026
172029
172030
172031
172032
172033
172034
172037
172039
172040
172041
172042
172043
172044
172045
172046
172047
172048
172049
172050
172051
172053
172054
172062
172063
172064
172065
172067
172068
172069
172070
172071
172073
172074
172076
172077
172078
172079
172081
172082
172083
172084
172086
172087
172089
172090
172091
172093
172097
172099
172102
172106
172107
172108
172110
172111
172112
172114
172115
172117
172118
172120
172121
172122
172123
172125
172126
172127
172128
172129
172131
172132
172133
172139
172145
172146
172147
172150
172154
172161
172163
172164
172165
172167
172168
172169
172173
172175
172177
172178
172179
172182
172184
172185
172187
172188
172189
172190
172191
172192
172193
172194
172198
172199
172200
172201
172202
172203
172204
172205
172206
172207
172208
172209
172210
172211
172212
172213
172214
172215
172216
172217
172218
172219
172220
172221
172222
172223
172224
172225
172226
172227
172228
172229
172230
172231
172234
172235
172237
172238
172241
172242
172245
172246
172247
172248
172249
172250
172251
172252
172253
172256
172257
172258
172260
172261
172262
172263
172265
172266
172267
172268
172269
172271
172273
172274
172275
172276
172278
172279
172280
172281
172282
172283
172284
172285
172286
172287
172288
172289
172291
172293
172294
172296
172299
172300
172301
172302
172303
172304
172305
172306
172307
172308
172309
172310
172311
172314
172318
172319
172321
172322
172323
172324
172326
172328
172329
172331
172332
172333
172334
172336
172337
172340
172342
172343
172344
172345
172347
172349
172350
172351
172352
172353
172354
172355
172356
172357
172359
172360
172362
172363
172364
172365
172366
172367
172369
172371
172372
172374
172375
172376
172377
172378
172379
172380
172381
172382
172383
172384
172389
172391
172398
172399
172401
172402
172403
172404
172409
172410
172411
172412
172413
172414
172415
172417
172419
172421
172423
172424
172429
172435
172437
172438
172439
172441
172443
172445
172447
172448
172449
172451
172453
172454
172455
172456
172458
172459
172461
172463
172465
172466
172467
172468
172470
172472
172474
172475
172476
172477
172478
172479
172480
172481
172483
172484
172487
172488
172489
172491
172492
172493
172494
172495
172496
172497
172498
172499
172501
172502
172504
172505
172506
172507
172509
172512
172517
172518
172519
172520
172521
172522
172523
172524
172525
172526
172530
172532
172533
172534
172535
172537
172538
172539
172544
172546
172548
172552
172555
172560
172562
172565
172567
172569
172570
172571
172572
172573
172576
172577
172578
172581
172582
172585
172586
172594
172595
172596
172600
172601
172602
172603
172605
172607
172608
172610
172612
172613
172615
172616
172617
172621
172624
172625
172626
172627
172628
172629
172630
172631
172632
172633
172634
172635
172638
172640
172641
172642
172645
172647
172648
172650
172651
172657
172658
172659
172660
172661
172662
172664
172666
172667
172668
172669
172671
172673
172675
172676
172677
172685
172686
172689
172692
172693
172694
172695
172697
172713
172714
172715
172716
172717
172718
172719
172720
172721
172722
172723
172724
172725
172732
172733
172736
172737
172743
172745
172746
172747
172750
172752
172753
172755
172756
172757
172758
172759
172764
172765
172766
172768
172769
172771
172773
172774
172775
172777
172778
172779
172780
172781
172783
172784
172785
172787
172789
172793
172794
172795
172796
172797
172798
172804
172813
172815
172821
172822
172823
172824
172825
172827
172829
172830
172831
172832
172833
172836
172838
172839
172840
172841
172843
172844
172845
172849
172850
172851
172852
172853
172854
172855
172856
172857
172858
172859
172860
172861
172862
172863
172864
172865
172866
172868
172869
172870
172871
172872
172874
172875
172876
172878
172879
172883
172884
172886
172887
172888
172889
172890
172891
172892
172893
172894
172895
172896
172900
172901
172902
172903
172904
172906
172907
172908
172909
172910
172911
172912
172913
172914
172915
172916
172917
172918
172919
172921
172924
172925
172927
172928
172929
172930
172932
172937
172938
172939
172940
172941
172944
172946
172947
172948
172949
172950
172951
172952
172953
172962
172963
172964
172965
172966
172967
172968
172969
172970
172971
172972
172973
172974
172975
172976
172978
172979
172980
172981
172982
172983
172984
172985
172986
172987
172988
172989
172990
172991
172992
172993
172996
172997
172998
173000
173002
173003
173005
173006
173007
173008
173011
173012
173013
173015
173016
173018
173019
173020
173021
173022
173026
173027
173029
173030
173031
173035
173043
173044
173045
173049
173051
173052
173054
173055
173056
173057
173058
173060
173061
173063
173064
173065
173066
173067
173068
173069
173070
173071
173072
173076
173077
173083
173084
173085
173087
173088
173090
173091
173092
173098
173099
173102
173103
173106
173107
173108
173109
173110
173112
173113
173115
173117
173118
173119
173120
173121
173122
173123
173128
173130
173131
173133
173134
173136
173137
173139
173140
173142
173145
173149
173151
173152
173155
173156
173157
173162
173163
173164
173165
173166
173167
173168
173170
173171
173172
173176
173177
173179
173180
173182
173184
173185
173187
173188
173189
173190
173192
173194
173195
173196
173197
173198
173199
173200
173201
173202
173203
173213
173214
173215
173216
173217
173218
173219
173220
173222
173223
173224
173225
173228
173229
173230
173231
173232
173233
173238
173239
173241
173242
173243
173244
173245
173246
173247
173248
173249
173250
173251
173253
173254
173255
173257
173258
173259
173261
173262
173266
173271
173273
173274
173276
173277
173278
173279
173280
173288
173289
173290
173291
173292
173294
173295
173296
173297
173299
173302
173303
173304
173306
173308
173310
173311
173312
173313
173315
173316
173317
173319
173320
173322
173323
173326
173327
173328
173330
173331
173333
173337
173338
173339
173341
173342
173343
173344
173345
173349
173351
173352
173353
173354
173355
173360
173361
173362
173363
173369
173372
173375
173377
173379
173380
173381
173383
173384
173385
173389
173395
173397
173400
173401
173402
173403
173404
173405
173406
173407
173408
173409
173411
173412
173413
173415
173417
173418
173419
173420
173421
173422
173423
173433
173434
173435
173436
173439
173440
173443
173444
173445
173446
173447
173449
173450
173458
173459
173461
173462
173463
173464
173465
173466
173471
173472
173473
173474
173477
173478
173480
173483
173484
173485
173486
173487
173488
173489
173490
173491
173492
173493
173494
173495
173496
173497
173498
173501
173504
173506
173507
173512
173522
173526
173527
173528
173529
173535
173536
173538
173541
173544
173545
173546
173549
173550
173553
173554
173555
173556
173560
173561
173562
173563
173564
173565
173566
173567
173568
173572
173573
173574
173576
173578
173579
173580
173582
173585
173586
173587
173588
173589
173591
173592
173599
173601
173604
173605
173606
173610
173613
173615
173617
173619
173620
173621
173622
173624
173626
173628
173632
173635
173636
173637
173638
173639
173640
173646
173647
173650
173651
173653
173655
173657
173658
173659
173660
173662
173663
173664
173667
173668
173669
173670
173671
173672
173674
173677
173679
173682
173684
173686
173687
173688
173689
173690
173691
173692
173693
173694
173696
173697
173699
173701
173703
173705
173706
173708
173712
173714
173715
173718
173719
173720
173721
173722
173723
173724
173725
173728
173729
173730
173732
173733
173734
173736
173737
173739
173746
173747
173748
173749
173750
173751
173752
173753
173754
173755
173756
173758
173759
173761
173764
173765
173766
173768
173769
173771
173773
173775
173776
173777
173778
173779
173780
173781
173782
173783
173788
173791
173792
173794
173795
173796
173797
173799
173800
173801
173805
173806
173807
173809
173812
173814
173817
173822
173824
173825
173829
173830
173831
173837
173839
173841
173843
173844
173845
173846
173847
173848
173849
173850
173851
173852
173853
173854
173858
173863
173864
173865
173866
173867
173869
173871
173872
173873
173875
173877
173878
173879
173881
173884
173886
173887
173888
173889
173890
173891
173892
173894
173895
173897
173901
173902
173903
173907
173908
173909
173912
173913
173923
173924
173925
173927
173928
173929
173930
173934
173935
173936
173937
173938
173941
173942
173944
173945
173946
173948
173949
173950
173951
173952
173953
173954
173955
173956
173957
173958
173959
173961
173962
173963
173965
173966
173967
173968
173971
173972
173973
173974
173975
173976
173977
173978
173980
173988
173989
173991
173992
173993
173997
173999
174000
174003
174004
174005
174007
174008
174010
174011
174012
174013
174014
174015
174016
174017
174018
174025
174026
174029
174037
174038
174039
174040
174041
174043
174044
174045
174047
174048
174049
174050
174051
174053
174054
174055
174057
174058
174059
174060
174061
174062
174063
174064
174067
174070
174072
174073
174074
174076
174077
174078
174080
174081
174082
174083
174084
174085
174086
174087
174088
174089
174090
174091
174092
174093
174094
174095
174099
174100
174101
174104
174105
174106
174107
174108
174109
174110
174111
174112
174113
174114
174115
174117
174121
174123
174124
174125
174127
174129
174131
174132
174133
174134
174135
174136
174137
174138
174139
174140
174141
174143
174145
174146
174147
174148
174150
174151
174153
174159
174160
174161
174162
174163
174164
174168
174169
174171
174173
174174
174175
174178
174179
174180
174182
174183
174184
174186
174187
174188
174189
174190
174191
174192
174193
174194
174197
174198
174199
174200
174202
174203
174204
174205
174206
174207
174208
174209
174210
174211
174212
174213
174215
174216
174217
174218
174219
174220
174221
174222
174223
174224
174225
174228
174230
174236
174239
174242
174243
174246
174247
174248
174250
174251
174252
174253
174254
174256
174257
174258
174259
174263
174265
174266
174270
174271
174272
174279
174280
174281
174282
174283
174284
174285
174286
174287
174288
174289
174292
174293
174294
174296
174297
174298
174299
174300
174301
174302
174303
174304
174305
174306
174307
174308
174309
174310
174311
174312
174313
174314
174315
174316
174317
174318
174319
174321
174323
174325
174326
174330
174331
174332
174334
174335
174336
174338
174340
174341
174342
174343
174346
174347
174348
174350
174352
174353
174354
174355
174356
174357
174361
174362
174363
174364
174365
174368
174371
174372
174374
174375
174378
174381
174383
174384
174385
174386
174387
174388
174389
174393
174396
174398
174399
174400
174403
174404
174407
174408
174409
174410
174411
174412
174414
174416
174417
174418
174419
174422
174423
174424
174425
174426
174427
174428
174429
174430
174431
174442
174443
174444
174445
174446
174447
174450
174451
174455
174456
174458
174461
174462
174463
174464
174465
174466
174467
174468
174469
174470
174472
174473
174476
174477
174481
174482
174483
174484
174485
174486
174487
174488
174492
174498
174499
174500
174501
174505
174509
174510
174513
174514
174515
174516
174517
174518
174519
174520
174522
174523
174525
174526
174527
174528
174531
174532
174533
174534
174535
174536
174538
174540
174545
174546
174548
174549
174550
174551
174553
174555
174556
174557
174558
174559
174560
174561
174562
174563
174566
174573
174579
174580
174581
174582
174583
174584
174585
174586
174587
174588
174589
174590
174592
174593
174595
174596
174597
174598
174599
174600
174601
174602
174608
174613
174621
174622
174625
174627
174628
174629
174630
174631
174632
174633
174634
174635
174637
174638
174639
174640
174641
174642
174644
174645
174647
174648
174649
174650
174651
174652
174656
174659
174664
174665
174666
174667
174668
174669
174673
174674
174676
174686
174687
174688
174691
174692
174694
174695
174696
174697
174699
174700
174702
174705
174707
174708
174709
174710
174711
174713
174714
174715
174716
174718
174722
174723
174724
174726
174728
174729
174730
174731
174732
174733
174734
174735
174738
174739
174740
174741
174742
174746
174748
174751
174752
174753
174755
174756
174757
174758
174759
174761
174762
174763
174764
174765
174766
174767
174769
174770
174771
174780
174781
174793
174794
174795
174799
174800
174801
174802
174803
174805
174808
174809
174810
174811
174812
174813
174815
174817
174818
174821
174822
174823
174824
174825
174826
174827
174828
174829
174831
174835
174840
174841
174842
174843
174844
174845
174846
174847
174848
174850
174851
174852
174853
174854
174855
174856
174857
174858
174859
174861
174862
174865
174869
174870
174871
174873
174875
174876
174877
174878
174880
174881
174882
174883
174884
174885
174886
174887
174893
174894
174897
174899
174900
174902
174903
174904
174905
174906
174907
174908
174910
174911
174912
174914
174916
174918
174919
174920
174921
174923
174927
174928
174929
174930
174931
174932
174933
174935
174936
174937
174942
174945
174946
174947
174948
174949
174950
174951
174952
174953
174954
174958
174959
174960
174961
174962
174963
174964
174965
174966
174967
174968
174969
174970
174971
174972
174973
174974
174975
174976
174977
174978
174980
174981
174982
174984
174985
174986
174988
174989
174991
174992
174993
174995
174996
174997
174998
174999
175000
175001
175002
175003
175004
175005
175006
175007
175008
175020
175051
175098
175105
175167
175199
175201
175202
175203
175204
175206
175207
175209
175210
175214
175215
175219
175220
175221
175224
175237
175238
175240
175241
175242
175243
175244
175245
175246
175247
175248
175249
175250
175251
175252
175253
175254
175255
175256
175257
175258
175259
175260
175261
175262
175264
175265
175266
175267
175268
175269
175270
175271
175272
175273
175275
175278
175279
175280
175281
175283
175284
175291
175293
175294
175295
175296
175298
175301
175303
175306
175311
175313
175315
175316
175317
175319
175320
175321
175322
175323
175324
175325
175326
175327
175329
175330
175331
175332
175335
175337
175338
175339
175340
175341
175343
175345
175347
175353
175359
175362
175363
175366
175367
175370
175376
175377
175378
175379
175380
175381
175383
175384
175386
175387
175388
175389
175391
175392
175394
175396
175398
175399
175401
175403
175404
175405
175406
175408
175409
175412
175413
175414
175415
175416
175417
175418
175419
175420
175421
175422
175423
175424
175425
175426
175427
175428
175429
175430
175431
175432
175433
175434
175435
175436
175441
175442
175443
175444
175448
175449
175452
175454
175455
175456
175457
175458
175459
175460
175461
175462
175463
175464
175465
175466
175468
175469
175470
175471
175475
175476
175477
175478
175480
175482
175485
175486
175487
175488
175489
175490
175491
175492
175493
175496
175497
175498
175499
175500
175501
175504
175505
175506
175508
175511
175514
175515
175517
175518
175519
175520
175521
175522
175523
175524
175525
175526
175527
175528
175529
175530
175531
175532
175533
175534
175535
175536
175537
175539
175542
175543
175544
175545
175548
175549
175550
175551
175553
175554
175556
175557
175558
175560
175561
175562
175563
175564
175565
175566
175567
175569
175570
175573
175575
175576
175579
175582
175583
175587
175588
175589
175590
175591
175593
175594
175595
175596
175597
175598
175599
175600
175601
175602
175603
175604
175605
175606
175607
175608
175610
175611
175612
175613
175615
175617
175618
175619
175620
175621
175624
175625
175627
175628
175630
175632
175636
175638
175639
175640
175641
175642
175643
175644
175649
175651
175652
175653
175655
175656
175658
175659
175660
175661
175664
175665
175666
175670
175671
175672
175673
175675
175676
175678
175683
175685
175686
175687
175688
175689
175690
175691
175692
175695
175704
175706
175707
175709
175710
175711
175712
175713
175714
175716
175718
175719
175720
175721
175722
175723
175724
175726
175727
175728
175729
175730
175733
175736
175737
175738
175740
175741
175742
175747
175748
175749
175750
175751
175752
175754
175755
175756
175757
175758
175759
175760
175764
175768
175769
175770
175771
175772
175774
175775
175776
175777
175778
175779
175780
175782
175784
175785
175786
175787
175788
175789
175792
175793
175794
175796
175798
175799
175800
175802
175803
175804
175805
175806
175807
175808
175809
175811
175812
175813
175814
175822
175823
175824
175825
175826
175828
175830
175832
175833
175834
175835
175836
175837
175838
175839
175840
175841
175845
175846
175848
175850
175851
175852
175853
175855
175856
175861
175863
175864
175867
175868
175870
175871
175874
175875
175876
175877
175878
175879
175880
175881
175882
175883
175884
175885
175886
175891
175897
175902
175904
175905
175906
175907
175910
175911
175912
175913
175915
175916
175917
175919
175920
175921
175922
175923
175924
175925
175926
175927
175928
175929
175930
175931
175932
175933
175934
175935
175936
175937
175938
175939
175941
175942
175944
175945
175946
175947
175948
175949
175950
175951
175952
175953
175956
175957
175960
175961
175962
175963
175964
175967
175968
175969
175971
175972
175973
175975
175977
175981
175982
175983
175984
175985
175986
175987
175988
175989
175990
175992
175993
175994
175995
175996
175997
175998
175999
176000
176001
176002
176003
176005
176007
176008
176010
176011
176012
176014
176015
176016
176018
176019
176029
176030
176032
176033
176034
176036
176039
176040
176041
176042
176045
176046
176049
176050
176051
176052
176053
176054
176055
176056
176057
176059
176063
176065
176068
176069
176070
176071
176072
176075
176076
176077
176078
176079
176080
176081
176082
176084
176085
176086
176087
176088
176089
176090
176091
176092
176093
176094
176095
176096
176097
176098
176099
176100
176101
176102
176103
176104
176105
176106
176107
176108
176109
176111
176112
176113
176114
176118
176121
176124
176126
176127
176128
176129
176130
176131
176133
176136
176137
176143
176144
176147
176151
176155
176156
176158
176159
176160
176161
176162
176165
176167
176171
176172
176174
176175
176176
176177
176179
176180
176182
176183
176184
176185
176186
176187
176189
176190
176191
176192
176195
176196
176197
176198
176200
176201
176202
176205
176206
176207
176209
176210
176211
176213
176214
176215
176216
176217
176218
176219
176221
176222
176223
176224
176225
176226
176227
176228
176229
176230
176231
176232
176233
176234
176235
176238
176241
176242
176243
176244
176245
176246
176248
176249
176250
176251
176253
176255
176256
176258
176259
176260
176263
176268
176271
176275
176277
176278
176279
176280
176281
176282
176283
176284
176286
176288
176289
176291
176295
176297
176298
176299
176300
176303
176307
176308
176321
176322
176325
176327
176328
176334
176337
176338
176339
176342
176343
176344
176345
176346
176347
176348
176349
176351
176352
176354
176355
176356
176357
176358
176360
176361
176362
176364
176365
176366
176368
176369
176371
176373
176378
176379
176382
176383
176384
176386
176387
176388
176389
176390
176391
176393
176395
176396
176397
176398
176400
176403
176404
176405
176407
176408
176409
176410
176411
176412
176413
176414
176415
176417
176418
176419
176420
176421
176424
176426
176427
176428
176429
176430
176431
176437
176438
176440
176441
176442
176444
176449
176452
176453
176454
176455
176456
176457
176458
176459
176460
176462
176463
176464
176465
176470
176472
176473
176474
176475
176476
176477
176478
176479
176480
176482
176483
176484
176485
176488
176489
176491
176492
176493
176494
176495
176496
176497
176498
176503
176505
176506
176507
176508
176509
176510
176511
176513
176514
176515
176516
176517
176518
176521
176522
176523
176524
176527
176528
176529
176530
176532
176534
176535
176536
176538
176540
176542
176543
176544
176545
176546
176548
176549
176551
176555
176557
176558
176559
176561
176562
176565
176567
176570
176572
176573
176574
176575
176576
176577
176578
176579
176587
176589
176590
176591
176592
176593
176594
176595
176596
176597
176599
176600
176601
176602
176603
176604
176605
176606
176607
176608
176609
176610
176611
176612
176613
176614
176615
176616
176617
176618
176619
176620
176621
176622
176623
176624
176625
176627
176628
176629
176634
176635
176638
176640
176642
176644
176646
176647
176648
176649
176651
176652
176653
176658
176659
176660
176661
176663
176664
176665
176666
176667
176668
176669
176670
176675
176676
176677
176678
176679
176680
176684
176685
176687
176689
176690
176691
176692
176693
176694
176695
176696
176697
176698
176700
176701
176703
176705
176706
176707
176708
176709
176710
176711
176712
176713
176714
176715
176716
176717
176718
176719
176720
176721
176722
176723
176724
176725
176726
176727
176728
176729
176730
176731
176732
176733
176734
176735
176736
176737
176738
176739
176741
176744
176745
176746
176748
176749
176750
176751
176752
176753
176754
176755
176756
176757
176758
176759
176760
176761
176769
176772
176773
176774
176775
176776
176777
176778
176779
176780
176782
176784
176786
176787
176788
176791
176792
176793
176797
176798
176803
176804
176805
176806
176808
176809
176810
176813
176814
176815
176816
176817
176818
176820
176821
176822
176824
176825
176826
176827
176828
176830
176831
176832
176833
176834
176835
176836
176837
176838
176839
176841
176843
176844
176846
176848
176849
176850
176852
176853
176854
176856
176857
176858
176859
176862
176863
176864
176865
176866
176867
176869
176870
176872
176873
176874
176875
176876
176877
176880
176883
176885
176886
176887
176888
176889
176890
176891
176892
176893
176894
176895
176899
176900
176901
176902
176904
176905
176906
176908
176909
176910
176914
176915
176917
176918
176919
176920
176921
176923
176924
176925
176926
176927
176928
176929
176930
176931
176933
176934
176936
176937
176938
176939
176942
176944
176945
176946
176948
176949
176955
176956
176958
176959
176963
176969
176971
176972
176974
176975
176977
176978
176979
176980
176981
176982
176983
176984
176986
176988
176989
176990
176991
176993
176994
176995
176997
176999
177000
177001
177002
177003
177004
177006
177007
177009
177015
177016
177018
177019
177020
177022
177026
177027
177028
177029
177030
177031
177032
177033
177034
177035
177036
177037
177038
177039
177042
177043
177044
177045
177046
177050
177051
177053
177054
177055
177057
177058
177060
177061
177063
177066
177068
177069
177070
177072
177073
177077
177079
177080
177081
177083
177084
177085
177086
177087
177088
177089
177091
177092
177093
177098
177099
177101
177102
177103
177104
177106
177108
177112
177113
177117
177118
177119
177120
177122
177125
177126
177133
177136
177138
177140
177142
177143
177146
177147
177150
177152
177153
177156
177159
177160
177161
177162
177164
177165
177166
177167
177168
177169
177170
177171
177173
177174
177176
177178
177179
177181
177182
177185
177186
177187
177188
177190
177193
177194
177197
177198
177201
177202
177204
177206
177207
177208
177209
177210
177211
177212
177214
177215
177216
177218
177219
177220
177222
177223
177224
177225
177228
177229
177230
177231
177232
177234
177235
177238
177240
177241
177242
177244
177245
177246
177247
177250
177258
177259
177262
177263
177264
177265
177266
177267
177270
177272
177273
177276
177278
177279
177280
177282
177284
177286
177288
177291
177292
177293
177294
177296
177299
177300
177303
177306
177310
177313
177317
177320
177321
177322
177326
177328
177330
177333
177334
177335
177336
177338
177340
177341
177343
177344
177348
177349
177350
177352
177353
177358
177359
177360
177361
177363
177364
177365
177366
177367
177369
177372
177374
177375
177376
177377
177378
177379
177383
177385
177386
177387
177388
177389
177390
177391
177392
177393
177394
177396
177397
177398
177399
177400
177401
177406
177409
177411
177412
177413
177414
177415
177416
177418
177419
177421
177423
177426
177427
177428
177429
177431
177432
177433
177434
177435
177436
177440
177442
177443
177446
177447
177448
177449
177450
177451
177452
177453
177454
177455
177458
177459
177461
177463
177464
177465
177468
177469
177470
177471
177472
177473
177474
177475
177476
177477
177478
177479
177480
177481
177482
177483
177484
177485
177487
177488
177489
177492
177494
177495
177496
177497
177498
177499
177501
177502
177503
177504
177505
177506
177507
177508
177509
177513
177515
177516
177518
177519
177520
177521
177524
177525
177526
177530
177531
177532
177538
177541
177544
177545
177547
177548
177549
177550
177551
177552
177553
177554
177555
177556
177557
177558
177561
177562
177563
177564
177565
177566
177567
177569
177574
177575
177576
177577
177578
177579
177580
177581
177582
177584
177585
177587
177590
177591
177592
177593
177594
177599
177600
177601
177603
177604
177605
177607
177610
177614
177615
177616
177617
177618
177619
177622
177623
177624
177625
177626
177628
177629
177630
177633
177634
177635
177636
177637
177639
177641
177642
177643
177645
177646
177648
177654
177661
177663
177664
177665
177666
177668
177670
177673
177675
177677
177679
177683
177685
177687
177688
177695
177696
177697
177700
177701
177702
177703
177704
177705
177707
177708
177709
177710
177711
177714
177716
177717
177722
177723
177724
177729
177731
177733
177734
177736
177739
177741
177743
177744
177746
177747
177748
177751
177753
177754
177756
177757
177758
177759
177762
177767
177768
177769
177770
177771
177774
177775
177776
177777
177778
177779
177780
177781
177782
177783
177787
177789
177790
177792
177793
177794
177796
177797
177798
177799
177800
177804
177805
177806
177809
177811
177812
177813
177816
177818
177819
177823
177824
177825
177830
177831
177834
177836
177837
177841
177842
177844
177845
177846
177847
177850
177851
177853
177854
177855
177856
177857
177858
177859
177860
177861
177862
177863
177864
177865
177867
177868
177869
177873
177878
177879
177884
177885
177887
177888
177889
177891
177893
177894
177895
177897
177899
177900
177902
177903
177905
177910
177913
177914
177918
177919
177920
177921
177922
177923
177928
177931
177932
177933
177935
177936
177937
177940
177942
177950
177952
177953
177954
177955
177957
177958
177960
177963
177968
177972
177973
177974
177975
177980
177981
177983
177984
177986
177987
177988
177989
177990
177992
177993
177994
177995
177996
177998
177999
178000
178004
178005
178006
178009
178014
178015
178017
178018
178019
178020
178021
178022
178023
178024
178025
178026
178028
178029
178030
178031
178033
178034
178035
178038
178039
178043
178044
178045
178046
178050
178051
178053
178054
178055
178056
178057
178060
178062
178065
178068
178069
178072
178074
178076
178077
178079
178080
178081
178082
178085
178087
178089
178090
178091
178092
178093
178094
178095
178099
178100
178101
178104
178105
178107
178108
178109
178110
178112
178113
178114
178115
178116
178119
178120
178122
178126
178128
178129
178131
178132
178133
178136
178137
178140
178141
178142
178143
178145
178146
178149
178150
178151
178153
178161
178164
178165
178166
178168
178169
178170
178171
178172
178173
178174
178175
178176
178178
178179
178181
178182
178187
178189
178191
178192
178193
178194
178195
178196
178197
178198
178201
178202
178203
178204
178205
178206
178207
178209
178210
178213
178214
178215
178216
178218
178219
178220
178221
178222
178224
178226
178227
178228
178232
178233
178234
178237
178238
178245
178246
178254
178257
178259
178260
178261
178262
178265
178267
178271
178274
178275
178276
178277
178279
178280
178282
178284
178285
178286
178287
178295
178297
178298
178299
178300
178301
178309
178310
178311
178312
178313
178315
178317
178318
178320
178321
178322
178324
178325
178326
178327
178328
178329
178330
178331
178332
178334
178335
178337
178338
178339
178341
178342
178347
178349
178354
178355
178356
178357
178359
178360
178361
178362
178363
178364
178366
178368
178369
178370
178371
178372
178373
178374
178375
178376
178377
178378
178379
178380
178381
178382
178383
178384
178385
178386
178387
178389
178390
178394
178395
178396
178397
178398
178399
178400
178401
178402
178403
178404
178406
178408
178409
178410
178411
178419
178422
178423
178426
178429
178431
178432
178433
178434
178438
178439
178440
178441
178442
178443
178444
178445
178447
178449
178453
178456
178457
178458
178459
178461
178462
178464
178466
178467
178468
178471
178472
178474
178475
178477
178478
178480
178482
178487
178488
178489
178490
178491
178494
178495
178496
178497
178498
178499
178500
178501
178502
178504
178508
178512
178513
178514
178515
178516
178517
178518
178520
178521
178523
178525
178526
178527
178528
178529
178530
178531
178532
178534
178535
178536
178540
178542
178543
178544
178545
178546
178547
178557
178558
178559
178560
178561
178567
178568
178571
178574
178576
178578
178579
178581
178582
178583
178584
178585
178586
178587
178588
178589
178590
178591
178592
178594
178595
178596
178598
178600
178601
178602
178603
178604
178605
178609
178610
178611
178612
178614
178617
178618
178619
178620
178621
178622
178623
178624
178625
178626
178627
178628
178629
178630
178631
178632
178633
178636
178637
178638
178639
178640
178643
178644
178645
178647
178649
178654
178655
178658
178659
178660
178664
178667
178670
178671
178674
178677
178678
178679
178680
178681
178682
178683
178684
178685
178687
178688
178689
178692
178693
178694
178696
178697
178698
178699
178700
178701
178702
178703
178704
178705
178706
178708
178709
178710
178711
178712
178713
178714
178716
178717
178718
178719
178720
178721
178722
178725
178726
178727
178728
178729
178731
178732
178735
178736
178738
178740
178741
178742
178743
178744
178746
178747
178748
178749
178750
178751
178752
178753
178755
178757
178758
178759
178760
178761
178762
178763
178764
178765
178767
178768
178769
178771
178775
178776
178780
178788
178789
178790
178791
178792
178793
178794
178795
178796
178797
178798
178799
178802
178803
178804
178806
178807
178808
178809
178810
178811
178813
178814
178818
178819
178821
178822
178823
178825
178827
178829
178830
178832
178833
178834
178836
178846
178847
178848
178849
178850
178851
178852
178854
178856
178858
178859
178862
178863
178865
178866
178867
178868
178869
178870
178871
178872
178873
178874
178875
178876
178877
178878
178879
178880
178881
178885
178886
178887
178889
178890
178891
178892
178893
178894
178895
178896
178897
178898
178899
178900
178901
178903
178904
178905
178907
178908
178909
178911
178912
178913
178915
178916
178917
178918
178919
178920
178922
178924
178926
178928
178929
178930
178931
178932
178933
178934
178935
178936
178940
178941
178942
178943
178944
178945
178946
178948
178949
178950
178951
178953
178954
178955
178957
178958
178959
178960
178961
178962
178963
178964
178965
178966
178967
178968
178969
178971
178972
178973
178974
178976
178978
178979
178980
178981
178983
178984
178985
178986
178988
178989
178994
178996
178997
178999
179000
179001
179002
179003
179006
179007
179009
179010
179012
179014
179015
179016
179017
179019
179021
179022
179024
179025
179026
179027
179028
179035
179036
179037
179038
179039
179041
179042
179043
179044
179046
179050
179051
179053
179054
179055
179057
179061
179062
179063
179064
179065
179067
179068
179069
179070
179071
179072
179073
179074
179076
179077
179078
179079
179081
179084
179085
179086
179087
179088
179089
179095
179096
179097
179100
179101
179102
179103
179104
179106
179109
179110
179111
179112
179113
179114
179115
179116
179119
179120
179121
179123
179124
179125
179128
179131
179132
179133
179134
179135
179136
179139
179140
179141
179142
179143
179144
179145
179146
179147
179149
179155
179156
179159
179160
179161
179164
179168
179169
179170
179171
179172
179173
179174
179175
179176
179177
179178
179179
179180
179181
179182
179184
179187
179188
179189
179190
179191
179192
179193
179194
179195
179196
179197
179202
179203
179204
179205
179206
179209
179211
179212
179213
179214
179215
179216
179218
179219
179220
179222
179223
179224
179226
179227
179228
179230
179233
179234
179235
179236
179237
179238
179240
179242
179244
179245
179246
179247
179249
179250
179251
179252
179257
179260
179262
179266
179267
179268
179269
179270
179272
179275
179277
179278
179279
179281
179285
179288
179289
179290
179293
179295
179296
179297
179299
179301
179303
179305
179306
179307
179308
179309
179310
179311
179312
179313
179314
179315
179316
179317
179318
179319
179320
179321
179323
179324
179325
179326
179327
179328
179330
179331
179332
179333
179336
179337
179339
179340
179341
179342
179343
179344
179345
179347
179348
179349
179350
179351
179356
179360
179365
179367
179369
179372
179374
179375
179377
179378
179380
179381
179382
179383
179384
179387
179391
179392
179394
179395
179396
179399
179401
179402
179403
179404
179405
179406
179407
179408
179409
179410
179413
179415
179416
179417
179418
179419
179423
179424
179425
179426
179427
179428
179429
179430
179431
179432
179433
179434
179435
179436
179437
179438
179439
179442
179443
179444
179446
179447
179449
179450
179451
179452
179453
179454
179455
179456
179457
179458
179459
179460
179461
179462
179463
179464
179465
179466
179467
179468
179469
179470
179471
179472
179473
179474
179475
179478
179479
179485
179486
179487
179488
179489
179490
179492
179493
179495
179496
179497
179500
179504
179505
179507
179508
179509
179510
179511
179512
179513
179514
179515
179516
179517
179518
179519
179520
179521
179522
179523
179524
179525
179526
179527
179528
179529
179530
179531
179532
179534
179535
179539
179541
179542
179543
179547
179548
179550
179551
179552
179565
179567
179570
179573
179574
179575
179576
179579
179582
179585
179586
179590
179591
179597
179601
179605
179608
179612
179615
179616
179617
179619
179620
179621
179622
179623
179629
179631
179633
179634
179635
179637
179638
179640
179641
179642
179643
179644
179645
179646
179647
179648
179650
179651
179652
179653
179655
179657
179658
179659
179661
179662
179663
179667
179668
179670
179671
179673
179674
179675
179677
179679
179683
179685
179688
179689
179690
179691
179698
179699
179701
179702
179703
179704
179705
179706
179707
179708
179709
179710
179711
179712
179715
179717
179719
179720
179725
179726
179727
179728
179729
179730
179731
179732
179733
179734
179736
179737
179738
179740
179741
179742
179744
179745
179749
179750
179752
179753
179754
179756
179757
179758
179759
179765
179766
179767
179768
179772
179775
179776
179777
179788
179790
179791
179795
179806
179809
179820
179843
179844
179846
179847
179848
179849
179850
179852
179853
179854
179856
179858
179860
179861
179862
179863
179864
179866
179867
179868
179869
179870
179871
179872
179874
179875
179877
179881
179882
179883
179884
179885
179886
179888
179890
179891
179893
179894
179896
179898
179900
179901
179903
179905
179911
179912
179913
179917
179919
179920
179921
179922
179923
179924
179925
179926
179927
179928
179930
179931
179932
179933
179934
179935
179939
179940
179942
179943
179944
179945
179946
179947
179948
179950
179954
179955
179956
179957
179958
179959
179960
179962
179963
179964
179965
179966
179967
179968
179970
179971
179972
179973
179974
179979
179980
179981
179982
179984
179986
179987
179988
179989
179990
179991
179992
179993
179997
179998
179999
180000
180001
180002
180007
180008
180009
180013
180016
180018
180019
180020
180021
180024
180032
180034
180036
180039
180040
180041
180042
180043
180044
180045
180046
180048
180050
180052
180053
180054
180055
180057
180058
180059
180060
180061
180066
180067
180069
180070
180073
180074
180077
180078
180079
180080
180082
180083
180084
180086
180087
180088
180089
180093
180094
180096
180098
180100
180101
180102
180103
180104
180105
180106
180107
180108
180109
180112
180116
180123
180124
180125
180127
180130
180131
180132
180133
180134
180135
180137
180139
180140
180141
180143
180144
180145
180146
180149
180150
180151
180152
180153
180158
180177
180180
180181
180183
180184
180185
180186
180188
180189
180190
180191
180193
180195
180197
180198
180199
180200
180201
180202
180203
180205
180206
180207
180208
180209
180210
180211
180212
180215
180217
180218
180219
180220
180221
180222
180223
180224
180225
180226
180227
180228
180229
180230
180231
180233
180234
180235
180236
180237
180239
180240
180241
180242
180243
180244
180245
180246
180247
180248
180249
180250
180251
180252
180253
180254
180256
180257
180258
180260
180262
180263
180264
180265
180266
180267
180268
180269
180270
180271
180272
180274
180275
180276
180277
180278
180279
180282
180287
180288
180289
180291
180292
180293
180294
180295
180296
180297
180298
180299
180300
180301
180302
180303
180304
180305
180311
180312
180313
180314
180316
180317
180318
180319
180320
180321
180322
180324
180325
180326
180327
180328
180329
180330
180331
180332
180333
180335
180338
180339
180340
180341
180344
180347
180348
180349
180350
180351
180352
180353
180354
180355
180357
180358
180359
180360
180361
180362
180363
180364
180367
180369
180371
180372
180374
180376
180377
180378
180379
180380
180381
180382
180385
180386
180387
180388
180389
180390
180391
180392
180394
180395
180396
180397
180398
180399
180402
180403
180404
180406
180407
180408
180412
180414
180415
180416
180417
180418
180419
180426
180427
180428
180429
180440
180441
180449
180450
180451
180452
180453
180454
180455
180456
180457
180458
180460
180462
180464
180465
180466
180473
180480
180481
180482
180492
180493
180494
180495
180497
180498
180499
180500
180502
180503
180507
180510
180511
180512
180513
180514
180516
180519
180523
180524
180526
180538
180539
180541
180542
180544
180545
180546
180547
180551
180554
180555
180556
180557
180559
180560
180561
180562
180563
180564
180565
180566
180572
180576
180577
180581
180582
180583
180584
180585
180587
180588
180589
180591
180593
180594
180599
180602
180603
180604
180605
180606
180607
180608
180609
180610
180611
180612
180613
180614
180615
180616
180617
180618
180619
180620
180621
180622
180623
180624
180625
180626
180627
180628
180629
180630
180631
180632
180633
180635
180636
180637
180638
180639
180640
180641
180642
180644
180645
180646
180648
180649
180650
180651
180653
180654
180656
180657
180661
180662
180663
180664
180670
180671
180672
180673
180674
180675
180676
180678
180679
180680
180681
180682
180683
180684
180688
180689
180690
180692
180693
180694
180695
180698
180699
180702
180704
180705
180706
180707
180709
180710
180711
180714
180716
180718
180719
180720
180721
180722
180725
180726
180728
180729
180730
180731
180732
180733
180734
180735
180736
180737
180738
180739
180740
180743
180744
180746
180747
180749
180750
180751
180752
180753
180754
180755
180757
180758
180759
180760
180763
180764
180765
180766
180767
180769
180770
180771
180772
180773
180774
180775
180776
180777
180778
180779
180780
180781
180782
180783
180784
180785
180786
180787
180788
180789
180790
180791
180792
180793
180794
180796
180799
180800
180801
180806
180807
180808
180810
180811
180812
180815
180816
180817
180818
180819
180820
180821
180822
180823
180824
180825
180827
180828
180829
180830
180836
180837
180838
180842
180843
180844
180845
180846
180847
180848
180849
180850
180851
180852
180855
180856
180857
180858
180860
180862
180866
180868
180869
180872
180873
180874
180875
180876
180877
180879
180880
180881
180882
180885
180886
180887
180888
180889
180890
180891
180892
180894
180895
180898
180901
180904
180905
180907
180908
180909
180911
180913
180915
180916
180917
180918
180920
180923
180924
180925
180926
180930
180931
180932
180933
180934
180935
180936
180937
180938
180941
180944
180945
180946
180949
180950
180951
180952
180953
180954
180955
180956
180957
180960
180961
180963
180966
180967
180968
180969
180970
180971
180972
180973
180975
180976
180977
180981
180982
180983
180984
180986
180988
180989
180990
180991
180994
180997
180998
181004
181007
181009
181010
181011
181012
181013
181014
181015
181017
181018
181019
181020
181023
181024
181027
181028
181029
181030
181031
181034
181035
181037
181039
181041
181043
181044
181045
181046
181047
181048
181049
181050
181051
181052
181053
181054
181055
181056
181057
181058
181059
181060
181061
181062
181063
181064
181067
181068
181069
181070
181071
181072
181073
181074
181075
181076
181077
181078
181079
181080
181085
181086
181087
181089
181090
181091
181092
181093
181095
181096
181097
181098
181099
181100
181101
181105
181106
181107
181108
181109
181110
181111
181112
181114
181115
181116
181117
181118
181119
181120
181121
181122
181124
181126
181127
181128
181129
181130
181131
181132
181134
181135
181136
181137
181138
181139
181142
181143
181144
181145
181146
181147
181148
181149
181150
181151
181152
181153
181154
181155
181156
181157
181158
181159
181160
181161
181162
181165
181166
181167
181168
181170
181171
181172
181173
181176
181177
181178
181179
181180
181181
181182
181183
181184
181185
181186
181187
181188
181189
181190
181191
181192
181193
181194
181195
181197
181200
181201
181202
181203
181204
181207
181210
181211
181212
181213
181214
181217
181218
181219
181220
181221
181225
181226
181229
181230
181231
181232
181233
181236
181237
181238
181239
181240
181241
181242
181243
181244
181245
181246
181247
181248
181249
181251
181252
181254
181255
181256
181257
181258
181259
181260
181261
181262
181263
181264
181265
181266
181267
181269
181270
181271
181272
181274
181275
181276
181277
181278
181279
181280
181281
181282
181286
181288
181289
181290
181291
181292
181293
181294
181295
181296
181297
181298
181299
181300
181301
181302
181303
181305
181306
181307
181308
181309
181310
181311
181312
181313
181315
181317
181319
181320
181321
181322
181323
181324
181325
181326
181327
181328
181329
181330
181331
181332
181333
181337
181338
181339
181341
181342
181343
181344
181345
181346
181351
181352
181353
181355
181356
181357
181358
181359
181361
181362
181363
181364
181365
181368
181369
181371
181372
181374
181375
181376
181377
181378
181379
181380
181381
181382
181383
181385
181386
181387
181388
181389
181390
181391
181392
181395
181397
181398
181399
181400
181401
181402
181403
181405
181406
181407
181408
181410
181411
181412
181413
181417
181418
181419
181420
181422
181428
181429
181451
181462
181464
181465
181466
181467
181468
181469
181471
181472
181473
181474
181476
181477
181478
181479
181480
181481
181482
181483
181484
181485
181486
181487
181488
181489
181490
181491
181492
181495
181498
181499
181500
181501
181502
181503
181504
181505
181506
181508
181509
181510
181511
181512
181513
181514
181515
181516
181520
181521
181525
181527
181528
181529
181530
181534
181536
181538
181539
181540
181541
181542
181544
181552
181553
181555
181557
181558
181560
181561
181562
181563
181564
181566
181567
181569
181572
181575
181577
181582
181585
181586
181588
181589
181593
181595
181596
181597
181598
181599
181600
181601
181602
181604
181605
181606
181607
181608
181609
181610
181611
181612
181613
181615
181616
181617
181618
181619
181620
181621
181622
181623
181628
181629
181630
181631
181632
181633
181634
181635
181636
181637
181638
181639
181640
181642
181644
181645
181652
181655
181656
181658
181659
181662
181663
181664
181665
181668
181670
181671
181673
181674
181675
181677
181680
181681
181682
181684
181685
181688
181692
181693
181694
181695
181696
181697
181698
181699
181700
181701
181702
181703
181704
181705
181707
181709
181711
181712
181713
181714
181716
181717
181718
181719
181720
181721
181722
181723
181724
181725
181726
181728
181729
181731
181733
181735
181736
181737
181738
181739
181740
181741
181742
181745
181746
181747
181749
181750
181751
181754
181755
181756
181757
181758
181759
181760
181762
181763
181768
181769
181770
181771
181772
181773
181778
181779
181780
181781
181782
181783
181784
181785
181786
181789
181792
181793
181794
181795
181796
181801
181803
181804
181805
181806
181808
181809
181810
181814
181818
181819
181820
181821
181824
181825
181826
181828
181829
181830
181831
181832
181833
181834
181836
181837
181839
181840
181841
181842
181843
181844
181845
181846
181847
181848
181850
181854
181855
181858
181859
181860
181861
181862
181863
181864
181867
181869
181871
181872
181873
181874
181875
181876
181878
181879
181880
181881
181882
181883
181886
181887
181889
181890
181892
181894
181895
181896
181897
181899
181902
181903
181904
181905
181906
181907
181908
181909
181910
181911
181913
181915
181916
181917
181918
181919
181921
181928
181929
181930
181931
181932
181933
181934
181935
181937
181939
181940
181943
181945
181947
181948
181952
181954
181955
181956
181957
181958
181959
181960
181961
181962
181963
181965
181966
181967
181968
181969
181972
181974
181978
181979
181992
181998
181999
182000
182001
182002
182003
182004
182009
182010
182011
182012
182013
182014
182015
182017
182019
182020
182021
182022
182023
182026
182027
182028
182029
182031
182033
182034
182035
182036
182037
182038
182039
182040
182041
182043
182044
182047
182048
182049
182050
182054
182055
182057
182063
182064
182065
182066
182067
182070
182071
182074
182075
182076
182081
182082
182083
182084
182085
182086
182091
182093
182094
182095
182096
182098
182099
182100
182101
182102
182103
182104
182105
182106
182107
182108
182109
182110
182111
182113
182114
182115
182116
182117
182119
182120
182121
182122
182123
182124
182125
182126
182127
182128
182129
182130
182132
182133
182134
182136
182137
182139
182140
182141
182143
182144
182145
182146
182147
182150
182151
182154
182157
182160
182161
182162
182163
182164
182165
182169
182170
182172
182173
182174
182175
182176
182177
182178
182179
182180
182182
182185
182186
182187
182189
182190
182191
182197
182198
182199
182201
182203
182204
182206
182207
182210
182214
182217
182219
182220
182224
182227
182229
182230
182231
182234
182241
182242
182243
182244
182245
182246
182247
182248
182249
182250
182251
182254
182255
182256
182259
182260
182261
182262
182263
182264
182265
182266
182267
182268
182269
182270
182271
182272
182273
182274
182275
182276
182277
182278
182279
182282
182283
182284
182285
182286
182287
182288
182289
182290
182291
182292
182293
182294
182295
182296
182298
182299
182300
182301
182302
182303
182304
182305
182306
182307
182308
182309
182310
182312
182313
182314
182315
182316
182317
182318
182319
182320
182321
182323
182324
182325
182326
182327
182328
182329
182330
182331
182333
182334
182335
182336
182337
182338
182339
182344
182345
182355
182356
182360
182367
182368
182369
182370
182372
182373
182374
182375
182376
182377
182378
182383
182384
182385
182386
182388
182391
182393
182394
182395
182396
182397
182398
182399
182400
182401
182404
182405
182406
182408
182409
182410
182411
182413
182414
182416
182417
182418
182419
182420
182421
182424
182426
182427
182428
182429
182430
182431
182432
182433
182434
182435
182436
182444
182445
182446
182448
182449
182450
182451
182452
182453
182454
182455
182458
182461
182462
182463
182464
182465
182467
182468
182469
182470
182471
182472
182473
182474
182475
182476
182477
182478
182479
182480
182481
182482
182483
182484
182485
182486
182487
182488
182490
182491
182495
182496
182498
182499
182500
182501
182503
182504
182505
182506
182507
182508
182509
182510
182511
182512
182514
182515
182518
182520
182521
182522
182524
182525
182526
182527
182528
182529
182530
182531
182532
182533
182534
182536
182537
182541
182542
182543
182544
182545
182546
182548
182549
182550
182551
182552
182553
182554
182555
182556
182557
182558
182559
182560
182561
182562
182563
182564
182565
182566
182567
182568
182569
182570
182571
182572
182573
182576
182577
182578
182579
182580
182583
182584
182586
182587
182588
182589
182590
182592
182593
182595
182596
182597
182599
182600
182602
182604
182605
182606
182607
182608
182609
182610
182611
182612
182613
182614
182615
182616
182617
182618
182619
182621
182622
182623
182624
182625
182626
182627
182628
182629
182636
182637
182638
182639
182643
182647
182648
182649
182650
182653
182654
182655
182656
182657
182658
182660
182664
182665
182666
182667
182668
182669
182671
182672
182673
182674
182675
182676
182677
182678
182679
182680
182681
182682
182683
182684
182690
182691
182692
182693
182694
182696
182697
182698
182699
182700
182701
182702
182703
182704
182705
182709
182710
182711
182712
182713
182714
182715
182716
182717
182718
182720
182721
182723
182724
182727
182728
182730
182731
182732
182733
182734
182735
182736
182737
182738
182739
182740
182743
182744
182745
182746
182747
182748
182750
182751
182752
182753
182754
182755
182756
182758
182759
182763
182764
182765
182766
182767
182768
182769
182770
182771
182773
182774
182777
182778
182781
182783
182784
182785
182786
182787
182788
182789
182790
182791
182792
182793
182794
182795
182796
182797
182798
182799
182800
182801
182802
182803
182804
182805
182806
182807
182809
182810
182812
182813
182814
182815
182816
182818
182819
182820
182821
182822
182823
182824
182825
182826
182827
182829
182830
182831
182832
182834
182835
182836
182837
182838
182840
182841
182842
182843
182844
182845
182846
182847
182848
182849
182850
182852
182853
182854
182855
182856
182857
182858
182859
182861
182862
182865
182866
182867
182868
182869
182870
182871
182872
182876
182878
182880
182882
182886
182887
182888
182889
182890
182893
182894
182895
182896
182898
182901
182906
182907
182908
182915
182916
182917
182918
182919
182920
182921
182922
182923
182924
182925
182926
182927
182928
182929
182930
182931
182932
182933
182934
182935
182936
182937
182938
182939
182940
182941
182944
182946
182947
182948
182949
182950
182951
182953
182955
182957
182958
182959
182961
182965
182966
182967
182968
182969
182973
182975
182978
182979
182980
182981
182982
182983
182984
182986
182987
182988
182989
182990
182993
182994
182996
182998
183000
183001
183002
183003
183004
183006
183008
183009
183013
183015
183018
183019
183021
183022
183023
183025
183027
183028
183029
183031
183032
183033
183035
183036
183037
183038
183039
183040
183041
183043
183044
183045
183047
183048
183049
183050
183051
183052
183053
183054
183055
183056
183057
183058
183059
183060
183063
183064
183068
183069
183071
183075
183077
183078
183079
183080
183082
183083
183084
183085
183086
183087
183088
183090
183091
183092
183094
183095
183097
183098
183101
183105
183107
183108
183109
183110
183111
183112
183113
183114
183115
183118
183119
183120
183121
183122
183123
183124
183125
183126
183130
183131
183133
183143
183145
183147
183151
183152
183153
183154
183155
183158
183159
183160
183161
183162
183163
183164
183165
183167
183168
183171
183172
183175
183176
183177
183179
183180
183182
183183
183184
183185
183186
183187
183188
183189
183190
183191
183192
183193
183194
183197
183198
183199
183200
183201
183202
183203
183206
183207
183208
183209
183210
183211
183212
183213
183214
183215
183216
183220
183221
183223
183224
183225
183226
183228
183229
183230
183231
183232
183234
183236
183237
183239
183240
183241
183243
183244
183245
183247
183248
183249
183250
183251
183252
183253
183254
183255
183256
183257
183258
183259
183260
183261
183262
183263
183264
183265
183266
183268
183269
183270
183271
183272
183274
183276
183277
183278
183279
183280
183281
183284
183285
183286
183287
183288
183289
183290
183291
183292
183293
183294
183295
183296
183297
183298
183299
183300
183301
183302
183303
183304
183305
183306
183307
183308
183309
183310
183311
183312
183313
183314
183315
183316
183317
183319
183320
183321
183322
183324
183326
183327
183328
183331
183333
183334
183335
183341
183342
183343
183344
183345
183346
183347
183348
183349
183350
183351
183352
183353
183354
183355
183356
183357
183358
183359
183360
183361
183363
183364
183365
183366
183367
183368
183370
183371
183372
183373
183375
183376
183377
183378
183379
183380
183381
183382
183383
183384
183387
183388
183389
183392
183393
183394
183395
183396
183397
183398
183399
183400
183401
183402
183404
183405
183406
183407
183408
183410
183412
183413
183414
183415
183416
183417
183418
183420
183421
183422
183423
183424
183425
183426
183429
183430
183433
183435
183436
183437
183438
183439
183440
183441
183442
183444
183445
183447
183449
183450
183451
183452
183454
183455
183456
183457
183458
183460
183461
183462
183463
183464
183466
183467
183468
183469
183470
183471
183472
183473
183474
183475
183476
183477
183478
183479
183480
183482
183484
183489
183490
183491
183492
183493
183494
183495
183496
183498
183500
183501
183502
183503
183504
183505
183506
183507
183508
183509
183510
183511
183513
183514
183516
183517
183518
183519
183520
183521
183523
183524
183525
183527
183528
183530
183531
183532
183533
183535
183536
183537
183538
183539
183540
183541
183542
183543
183544
183545
183548
183549
183551
183553
183554
183556
183558
183560
183561
183562
183566
183567
183568
183570
183571
183573
183575
183576
183577
183578
183579
183580
183585
183587
183589
183590
183592
183593
183594
183596
183597
183598
183599
183600
183601
183602
183605
183606
183607
183608
183609
183610
183611
183612
183613
183614
183615
183616
183619
183620
183621
183622
183623
183624
183631
183632
183633
183634
183635
183636
183637
183639
183641
183642
183643
183647
183648
183649
183650
183651
183656
183658
183660
183662
183663
183664
183666
183667
183670
183676
183677
183678
183679
183680
183682
183683
183684
183685
183686
183688
183689
183690
183691
183692
183693
183694
183695
183696
183697
183698
183699
183700
183701
183704
183708
183709
183712
183713
183714
183716
183717
183718
183720
183721
183723
183724
183730
183731
183732
183733
183734
183735
183736
183737
183739
183740
183741
183742
183743
183744
183746
183747
183748
183749
183751
183755
183756
183757
183758
183759
183760
183763
183764
183765
183766
183767
183768
183769
183770
183771
183772
183773
183774
183775
183776
183777
183778
183779
183781
183782
183784
183785
183786
183787
183788
183789
183790
183791
183792
183795
183797
183798
183799
183800
183801
183802
183803
183804
183805
183806
183807
183809
183810
183811
183813
183814
183815
183816
183817
183818
183819
183820
183821
183822
183823
183824
183825
183826
183827
183828
183829
183830
183831
183832
183833
183834
183835
183836
183837
183838
183839
183840
183841
183842
183843
183844
183846
183847
183848
183849
183850
183851
183852
183853
183855
183856
183857
183858
183859
183862
183863
183864
183866
183868
183869
183870
183873
183874
183875
183876
183878
183879
183884
183885
183887
183888
183889
183890
183891
183892
183893
183895
183897
183898
183899
183900
183902
183903
183904
183905
183906
183907
183908
183909
183912
183913
183914
183915
183916
183917
183918
183919
183920
183921
183922
183923
183924
183926
183928
183932
183933
183934
183935
183936
183937
183938
183941
183942
183943
183944
183945
183946
183947
183948
183949
183950
183951
183952
183953
183954
183955
183956
183957
183958
183959
183960
183962
183965
183967
183968
183969
183970
183971
183972
183973
183974
183977
183978
183979
183980
183981
183982
183983
183984
183987
183988
183989
183990
183991
183995
183996
183997
183998
183999
184000
184002
184003
184004
184005
184006
184007
184008
184009
184010
184013
184014
184015
184016
184020
184021
184022
184027
184028
184029
184030
184031
184032
184034
184035
184036
184037
184038
184039
184040
184041
184042
184043
184044
184046
184047
184048
184049
184050
184053
184054
184055
184056
184057
184059
184060
184061
184062
184063
184064
184065
184066
184067
184068
184069
184071
184072
184073
184074
184076
184077
184078
184079
184080
184081
184082
184083
184084
184085
184086
184087
184088
184089
184090
184091
184092
184093
184094
184095
184097
184098
184099
184102
184103
184105
184106
184107
184108
184109
184110
184111
184112
184114
184115
184116
184117
184118
184119
184120
184121
184122
184123
184124
184128
184131
184132
184133
184134
184135
184137
184138
184139
184140
184141
184142
184143
184144
184145
184146
184148
184149
184150
184152
184154
184155
184156
184157
184158
184165
184168
184170
184173
184175
184177
184178
184179
184180
184181
184182
184183
184184
184185
184186
184187
184189
184190
184191
184192
184193
184194
184195
184196
184197
184198
184203
184207
184208
184209
184210
184213
184215
184217
184218
184219
184220
184221
184222
184223
184225
184226
184228
184233
184238
184253
184254
184255
184256
184257
184258
184259
184260
184261
184262
184263
184264
184265
184268
184272
184273
184274
184275
184278
184279
184280
184283
184284
184285
184286
184287
184288
184289
184293
184294
184295
184296
184297
184298
184299
184300
184301
184302
184303
184305
184307
184308
184309
184310
184311
184312
184313
184319
184320
184321
184322
184323
184324
184325
184326
184328
184329
184331
184332
184333
184334
184335
184337
184340
184341
184342
184343
184344
184345
184346
184347
184348
184349
184350
184351
184353
184355
184359
184360
184361
184362
184363
184364
184365
184366
184367
184368
184369
184370
184371
184372
184437
184438
184439
184440
184441
184442
184443
184444
184454
184455
184456
184457
184458
184459
184460
184461
184462
184463
184464
184465
184466
184467
184468
184469
184470
184471
184472
184473
184474
184477
184478
184479
184481
184483
184484
184485
184486
184487
184490
184491
184492
184494
184496
184498
184500
184501
184507
184508
184511
184512
184513
184516
184517
184518
184519
184520
184521
184522
184523
184525
184527
184529
184530
184531
184532
184533
184535
184536
184537
184538
184539
184540
184543
184545
184546
184548
184549
184552
184553
184554
184555
184556
184557
184558
184560
184561
184562
184563
184564
184565
184566
184568
184569
184570
184571
184572
184573
184574
184575
184576
184577
184578
184579
184580
184583
184587
184588
184589
184593
184597
184598
184599
184600
184601
184602
184603
184604
184605
184606
184607
184608
184609
184610
184611
184612
184613
184614
184615
184616
184617
184618
184619
184620
184622
184624
184625
184626
184627
184628
184629
184630
184631
184632
184633
184634
184635
184636
184637
184638
184639
184640
184641
184642
184643
184645
184646
184647
184651
184652
184655
184656
184657
184658
184659
184660
184661
184662
184663
184664
184665
184666
184670
184671
184673
184677
184678
184679
184680
184681
184683
184684
184687
184689
184690
184691
184692
184694
184695
184696
184697
184698
184699
184700
184701
184702
184703
184704
184705
184706
184710
184711
184712
184716
184718
184719
184720
184721
184723
184724
184725
184726
184727
184728
184729
184732
184734
184735
184736
184738
184740
184741
184742
184743
184744
184745
184746
184747
184748
184749
184752
184753
184754
184755
184756
184757
184758
184759
184760
184761
184762
184763
184764
184766
184767
184768
184769
184770
184772
184773
184774
184775
184776
184778
184779
184780
184782
184784
184788
184789
184791
184794
184795
184797
184798
184801
184802
184803
184804
184810
184811
184812
184813
184814
184815
184818
184819
184821
184822
184824
184825
184826
184827
184828
184829
184831
184832
184833
184834
184836
184839
184840
184841
184842
184843
184844
184845
184846
184847
184848
184849
184851
184852
184853
184854
184856
184857
184858
184860
184861
184862
184863
184864
184865
184866
184867
184868
184869
184870
184871
184872
184873
184874
184875
184876
184877
184878
184879
184880
184881
184882
184883
184884
184885
184887
184888
184889
184890
184891
184892
184893
184894
184895
184896
184897
184898
184899
184900
184901
184902
184903
184904
184905
184906
184907
184908
184909
184910
184911
184912
184913
184914
184915
184916
184917
184918
184919
184920
184921
184922
184923
184924
184925
184926
184927
184928
184929
184930
184931
184932
184933
184934
184935
184936
184938
184939
184940
184941
184942
184943
184944
184945
184946
184947
184948
184949
184950
184952
184953
184954
184955
184956
184957
184958
184959
184960
184961
184962
184963
184964
184965
184966
184967
184968
184969
184970
184971
184972
184973
184974
184975
184976
184977
184978
184979
184980
184981
184982
184983
184984
184985
184986
184987
184988
184989
184990
184991
184992
184993
184994
184995
184996
184997
184998
184999
185000
185001
185002
185003
185004
185005
185006
185007
185008
185009
185010
185011
185012
185013
185014
185015
185016
185017
185018
185019
185020
185021
185022
185023
185024
185025
185026
185027
185029
185030
185031
185032
185033
185034
185035
185036
185037
185040
185041
185042
185043
185044
185045
185046
185047
185048
185050
185052
185054
185055
185056
185057
185058
185059
185060
185061
185062
185063
185064
185066
185069
185070
185073
185074
185075
185076
185077
185078
185079
185081
185082
185083
185084
185085
185086
185087
185088
185090
185092
185093
185095
185096
185097
185098
185099
185100
185101
185102
185103
185104
185107
185108
185109
185110
185111
185112
185113
185114
185115
185116
185118
185119
185121
185122
185123
185124
185125
185126
185127
185128
185129
185130
185131
185132
185133
185134
185135
185136
185137
185138
185139
185140
185141
185142
185143
185144
185145
185146
185147
185148
185149
185150
185151
185152
185153
185156
185157
185158
185159
185161
185162
185163
185164
185165
185166
185167
185168
185170
185171
185172
185173
185174
185175
185176
185177
185178
185179
185180
185181
185182
185183
185184
185185
185187
185189
185191
185193
185194
185196
185197
185198
185199
185200
185201
185202
185203
185204
185205
185206
185207
185208
185210
185211
185212
185213
185214
185215
185216
185217
185218
185219
185220
185221
185222
185223
185224
185225
185226
185227
185228
185229
185230
185231
185232
185233
185234
185235
185236
185237
185239
185240
185244
185245
185246
185247
185248
185249
185250
185251
185252
185253
185254
185255
185256
185257
185258
185259
185260
185261
185262
185263
185264
185265
185266
185269
185270
185271
185272
185273
185274
185275
185276
185278
185279
185280
185281
185282
185284
185285
185286
185288
185290
185291
185292
185293
185294
185295
185296
185297
185299
185300
185301
185302
185304
185305
185307
185308
185309
185310
185311
185312
185313
185314
185315
185316
185317
185318
185319
185321
185322
185323
185324
185325
185326
185327
185328
185329
185330
185331
185332
185333
185334
185335
185336
185337
185339
185340
185341
185342
185343
185346
185347
185348
185349
185350
185351
185352
185353
185354
185356
185357
185358
185360
185361
185363
185364
185365
185366
185367
185368
185369
185370
185371
185372
185373
185374
185375
185376
185377
185378
185379
185380
185381
185382
185383
185384
185385
185386
185387
185388
185389
185390
185391
185392
185393
185394
185395
185396
185397
185398
185401
185404
185405
185406
185407
185408
185409
185410
185411
185412
185413
185414
185419
185420
185421
185422
185423
185424
185425
185426
185427
185428
185429
185430
185431
185432
185433
185434
185435
185436
185437
185438
185439
185442
185443
185444
185445
185447
185448
185449
185450
185451
185452
185453
185454
185455
185457
185458
185459
185460
185461
185462
185463
185464
185465
185466
185467
185468
185469
185470
185471
185472
185473
185474
185475
185478
185479
185480
185481
185482
185485
185486
185487
185488
185489
185490
185491
185492
185493
185494
185495
185496
185497
185498
185499
185500
185501
185502
185503
185504
185505
185506
185507
185509
185510
185511
185512
185513
185514
185515
185516
185517
185518
185519
185520
185522
185523
185524
185525
185526
185527
185528
185529
185530
185531
185532
185534
185535
185536
185537
185538
185539
185540
185542
185543
185544
185545
185546
185547
185548
185549
185550
185551
185552
185553
185554
185557
185559
185562
185563
185564
185565
185566
185567
185569
185570
185571
185572
185573
185574
185575
185576
185577
185578
185579
185580
185581
185582
185583
185584
185585
185586
185587
185588
185590
185591
185592
185593
185594
185595
185598
185600
185601
185602
185603
185604
185605
185606
185607
185608
185610
185611
185613
185614
185615
185617
185619
185620
185621
185622
185623
185624
185625
185626
185627
185628
185629
185630
185631
185632
185633
185634
185638
185639
185640
185641
185642
185644
185645
185646
185647
185648
185649
185650
185651
185656
185657
185658
185659
185660
185661
185662
185663
185664
185665
185666
185667
185668
185669
185670
185671
185672
185673
185675
185676
185677
185678
185679
185680
185681
185682
185683
185684
185685
185686
185687
185688
185689
185690
185693
185694
185695
185696
185697
185698
185699
185700
185701
185703
185704
185705
185706
185707
185708
185709
185710
185711
185712
185713
185714
185715
185716
185717
185718
185719
185720
185721
185722
185724
185725
185726
185727
185728
185730
185731
185732
185733
185734
185735
185736
185738
185739
185740
185741
185743
185744
185745
185747
185748
185749
185751
185752
185753
185754
185755
185756
185757
185758
185759
185760
185761
185762
185763
185764
185765
185766
185768
185769
185770
185772
185773
185774
185775
185776
185777
185779
185780
185781
185784
185785
185786
185787
185788
185789
185790
185791
185792
185793
185794
185795
185796
185798
185799
185800
185801
185802
185803
185805
185808
185810
185811
185815
185816
185818
185819
185820
185821
185822
185823
185824
185825
185826
185827
185828
185829
185830
185831
185832
185833
185834
185835
185836
185837
185838
185839
185840
185841
185842
185843
185844
185845
185846
185847
185849
185850
185851
185852
185853
185854
185855
185856
185858
185859
185861
185862
185863
185864
185865
185866
185867
185869
185870
185871
185872
185873
185874
185875
185876
185878
185879
185880
185881
185882
185883
185884
185886
185887
185888
185889
185890
185891
185894
185897
185898
185900
185901
185902
185903
185904
185905
185906
185907
185910
185911
185912
185914
185915
185916
185918
185919
185921
185922
185923
185924
185925
185926
185927
185928
185929
185930
185931
185932
185933
185934
185935
185936
185937
185938
185939
185940
185941
185942
185943
185944
185945
185946
185947
185948
185949
185950
185951
185952
185953
185954
185955
185957
185961
185962
185963
185964
185965
185966
185967
185968
185969
185970
185971
185972
185973
185974
185975
185976
185977
185978
185979
185980
185981
185983
185984
185985
185986
185987
185988
185989
185990
185991
185992
185993
185994
185995
185996
185997
185999
186000
186001
186002
186003
186004
186005
186006
186007
186009
186010
186011
186012
186013
186015
186016
186017
186020
186021
186022
186023
186024
186025
186029
186030
186031
186032
186033
186034
186035
186039
186041
186042
186043
186044
186045
186046
186049
186050
186051
186053
186055
186056
186057
186058
186059
186060
186061
186062
186063
186064
186065
186066
186067
186068
186069
186070
186071
186074
186075
186077
186078
186080
186081
186082
186083
186084
186085
186086
186087
186088
186089
186093
186095
186096
186097
186098
186099
186100
186101
186102
186103
186104
186105
186106
186107
186108
186109
186110
186111
186112
186113
186114
186115
186118
186119
186121
186122
186123
186124
186125
186126
186127
186128
186129
186130
186131
186132
186134
186135
186136
186137
186138
186139
186140
186141
186142
186143
186144
186145
186146
186147
186148
186149
186150
186151
186152
186153
186154
186155
186156
186157
186158
186159
186160
186161
186162
186163
186164
186165
186166
186167
186168
186169
186170
186171
186172
186173
186174
186176
186177
186178
186179
186180
186183
186184
186185
186186
186187
186189
186191
186192
186193
186195
186196
186197
186199
186200
186203
186204
186205
186206
186207
186208
186209
186210
186211
186212
186213
186214
186215
186216
186217
186218
186219
186220
186221
186222
186223
186224
186225
186226
186227
186228
186230
186231
186232
186233
186234
186235
186236
186237
186239
186240
186241
186242
186243
186246
186247
186248
186249
186250
186251
186252
186253
186254
186255
186256
186257
186258
186259
186260
186261
186262
186263
186264
186265
186266
186267
186268
186269
186270
186271
186272
186273
186274
186275
186276
186277
186278
186279
186280
186281
186282
186286
186287
186288
186289
186291
186292
186293
186294
186295
186296
186297
186298
186299
186300
186301
186302
186303
186304
186305
186306
186309
186310
186311
186312
186313
186314
186315
186316
186317
186318
186319
186320
186321
186322
186323
186324
186326
186327
186329
186330
186331
186332
186333
186334
186335
186336
186338
186339
186340
186341
186342
186343
186344
186345
186346
186347
186348
186349
186350
186351
186352
186354
186355
186356
186357
186358
186359
186360
186361
186362
186363
186365
186366
186367
186368
186369
186370
186371
186372
186373
186375
186376
186377
186378
186379
186380
186381
186383
186384
186386
186387
186388
186389
186390
186391
186392
186393
186394
186395
186396
186397
186398
186399
186400
186401
186402
186403
186404
186406
186407
186408
186410
186411
186412
186413
186414
186415
186416
186418
186419
186420
186421
186422
186424
186427
186428
186429
186432
186433
186434
186435
186436
186437
186446
186447
186448
186449
186450
186451
186452
186453
186454
186455
186457
186458
186459
186460
186462
186463
186464
186465
186468
186469
186471
186472
186473
186474
186476
186477
186478
186480
186481
186482
186483
186484
186485
186486
186487
186488
186489
186490
186491
186492
186493
186494
186495
186496
186497
186498
186499
186500
186501
186503
186504
186505
186506
186507
186508
186509
186510
186513
186514
186515
186516
186517
186520
186521
186522
186523
186524
186526
186528
186529
186530
186531
186532
186533
186534
186535
186536
186539
186543
186544
186545
186546
186547
186548
186549
186550
186551
186553
186554
186555
186556
186557
186558
186559
186560
186561
186562
186563
186564
186565
186566
186567
186568
186569
186570
186571
186572
186573
186574
186575
186576
186577
186578
186579
186580
186581
186582
186583
186584
186585
186586
186587
186588
186589
186590
186591
186592
186593
186595
186596
186597
186598
186600
186601
186602
186603
186604
186605
186606
186608
186609
186610
186611
186612
186613
186614
186616
186617
186618
186619
186620
186621
186622
186623
186624
186625
186626
186627
186628
186629
186630
186631
186632
186633
186634
186635
186636
186637
186638
186639
186640
186641
186642
186643
186644
186645
186646
186647
186648
186649
186650
186651
186652
186653
186655
186656
186657
186660
186661
186663
186664
186665
186667
186668
186669
186670
186671
186672
186674
186675
186676
186677
186678
186679
186680
186681
186682
186683
186684
186685
186686
186688
186689
186690
186691
186692
186693
186696
186697
186698
186699
186700
186702
186703
186704
186705
186706
186707
186708
186709
186710
186711
186712
186713
186715
186716
186717
186718
186719
186720
186723
186724
186726
186728
186729
186730
186731
186732
186733
186734
186736
186741
186749
186750
186751
186752
186753
186754
186755
186757
186758
186759
186760
186761
186762
186763
186764
186765
186766
186767
186768
186769
186770
186771
186772
186774
186775
186776
186778
186779
186780
186781
186782
186783
186784
186785
186787
186788
186789
186790
186792
186794
186796
186809
186812
186813
186814
186815
186816
186817
186818
186819
186820
186821
186822
186823
186824
186825
186826
186827
186828
186829
186830
186831
186832
186833
186834
186835
186836
186837
186838
186840
186841
186842
186843
186844
186845
186846
186847
186848
186849
186850
186851
186852
186853
186854
186855
186856
186857
186858
186859
186860
186863
186865
186866
186868
186869
186870
186871
186872
186873
186874
186875
186876
186878
186885
186886
186887
186888
186889
186891
186892
186894
186895
186896
186897
186898
186899
186900
186902
186903
186906
186907
186908
186909
186910
186911
186912
186914
186915
186916
186917
186918
186920
186921
186922
186923
186925
186926
186927
186928
186929
186930
186931
186932
186933
186934
186935
186936
186937
186938
186940
186942
186943
186944
186945
186946
186947
186948
186949
186950
186951
186952
186954
186955
186957
186959
186961
186962
186963
186964
186965
186966
186967
186968
186969
186970
186971
186972
186973
186974
186975
186976
186977
186979
186980
186981
186982
186983
186984
186986
186987
186988
186989
186990
186991
186993
186994
186995
186996
186997
187001
187002
187006
187007
187008
187009
187010
187013
187015
187017
187020
187021
187023
187025
187026
187027
187028
187029
187031
187032
187033
187034
187035
187036
187039
187041
187042
187046
187047
187048
187049
187050
187051
187052
187053
187054
187055
187056
187058
187059
187060
187061
187062
187064
187065
187066
187067
187068
187069
187072
187073
187074
187075
187076
187077
187079
187080
187081
187082
187083
187084
187086
187089
187090
187091
187092
187093
187095
187098
187102
187103
187104
187105
187106
187108
187109
187110
187111
187112
187113
187114
187123
187124
187125
187127
187128
187129
187130
187131
187133
187134
187137
187138
187139
187140
187141
187142
187143
187144
187145
187146
187147
187148
187151
187152
187153
187155
187156
187157
187158
187160
187161
187162
187163
187164
187165
187166
187167
187168
187169
187171
187175
187176
187177
187178
187179
187180
187182
187183
187185
187186
187187
187188
187190
187191
187193
187194
187195
187196
187197
187199
187200
187201
187202
187203
187204
187205
187206
187207
187208
187210
187211
187212
187213
187216
187217
187218
187219
187220
187221
187222
187224
187225
187226
187227
187228
187229
187230
187231
187233
187234
187235
187236
187237
187238
187240
187241
187242
187243
187244
187245
187246
187247
187248
187249
187250
187251
187252
187253
187255
187256
187261
187263
187264
187265
187266
187267
187268
187271
187272
187273
187274
187275
187276
187278
187284
187286
187287
187289
187290
187291
187292
187293
187294
187295
187296
187297
187298
187300
187301
187302
187303
187304
187306
187308
187314
187315
187316
187317
187318
187319
187320
187324
187325
187326
187327
187328
187329
187330
187331
187332
187333
187334
187335
187338
187339
187340
187342
187343
187344
187345
187346
187347
187353
187356
187357
187358
187359
187360
187361
187362
187363
187364
187365
187366
187367
187372
187373
187374
187375
187376
187377
187378
187379
187380
187381
187382
187388
187389
187393
187394
187395
187396
187399
187400
187401
187402
187404
187405
187406
187407
187408
187409
187410
187411
187412
187413
187414
187415
187417
187418
187419
187420
187421
187422
187423
187425
187427
187430
187431
187432
187434
187435
187436
187437
187438
187439
187440
187441
187442
187443
187444
187447
187450
187451
187452
187454
187456
187459
187460
187461
187462
187463
187469
187470
187471
187472
187474
187475
187476
187477
187478
187479
187480
187483
187484
187487
187491
187492
187493
187494
187495
187496
187497
187498
187499
187500
187501
187502
187503
187504
187505
187507
187512
187513
187514
187515
187516
187517
187518
187519
187520
187521
187522
187523
187524
187525
187526
187527
187528
187529
187530
187531
187533
187534
187535
187536
187537
187539
187542
187543
187544
187547
187548
187549
187550
187551
187552
187553
187555
187561
187562
187563
187564
187565
187566
187567
187568
187569
187570
187573
187574
187575
187577
187578
187579
187580
187581
187582
187583
187584
187586
187591
187592
187593
187594
187595
187596
187597
187598
187599
187600
187601
187603
187604
187605
187606
187611
187618
187620
187621
187622
187623
187624
187626
187627
187629
187631
187633
187635
187636
187638
187639
187640
187641
187642
187643
187645
187646
187648
187649
187656
187657
187658
187659
187661
187662
187664
187667
187668
187669
187670
187671
187672
187673
187675
187676
187677
187678
187679
187680
187681
187682
187683
187684
187685
187686
187687
187689
187690
187691
187694
187695
187696
187697
187701
187702
187703
187704
187705
187706
187707
187708
187710
187711
187712
187717
187718
187719
187720
187721
187722
187723
187724
187725
187726
187727
187728
187729
187730
187731
187735
187736
187737
187738
187739
187740
187741
187743
187744
187745
187746
187747
187748
187749
187750
187756
187757
187758
187759
187760
187761
187762
187763
187764
187765
187770
187772
187782
187783
187784
187785
187786
187787
187791
187794
187795
187796
187797
187798
187799
187800
187802
187808
187809
187810
187813
187814
187815
187817
187818
187819
187820
187821
187822
187823
187824
187825
187826
187831
187833
187834
187835
187836
187839
187840
187841
187842
187843
187844
187845
187846
187848
187849
187851
187852
187853
187854
187855
187857
187858
187859
187861
187863
187864
187865
187868
187869
187871
187872
187873
187875
187878
187879
187880
187881
187882
187883
187884
187885
187886
187887
187888
187889
187890
187894
187896
187897
187899
187900
187901
187902
187903
187904
187905
187906
187907
187908
187909
187910
187911
187912
187913
187914
187915
187916
187917
187919
187920
187921
187922
187923
187924
187925
187926
187927
187928
187929
187930
187931
187932
187933
187936
187937
187938
187939
187940
187941
187942
187943
187944
187945
187949
187950
187951
187952
187953
187954
187955
187956
187957
187958
187959
187960
187965
187966
187967
187968
187969
187970
187972
187975
187977
187978
187981
187982
187983
187984
187985
187986
187987
187991
187992
187993
187994
187995
187996
187997
187998
187999
188000
188001
188002
188003
188004
188005
188006
188007
188008
188009
188010
188011
188012
188013
188014
188015
188016
188019
188020
188021
188022
188023
188024
188025
188028
188030
188031
188033
188034
188035
188036
188037
188038
188040
188041
188042
188046
188047
188048
188049
188051
188052
188053
188054
188055
188056
188057
188058
188059
188060
188061
188062
188063
188065
188066
188067
188068
188070
188071
188072
188073
188074
188075
188076
188078
188079
188080
188081
188083
188084
188086
188088
188090
188092
188093
188094
188095
188096
188097
188098
188099
188100
188102
188103
188104
188105
188106
188107
188108
188109
188110
188112
188113
188114
188115
188116
188117
188118
188119
188120
188126
188127
188128
188130
188132
188133
188134
188135
188136
188138
188139
188140
188141
188142
188146
188147
188148
188149
188150
188152
188154
188155
188157
188158
188159
188162
188163
188164
188165
188166
188167
188168
188169
188170
188172
188174
188175
188176
188177
188178
188179
188180
188181
188182
188183
188184
188185
188186
188190
188191
188192
188193
188194
188195
188196
188197
188198
188199
188200
188201
188202
188203
188204
188205
188206
188207
188209
188210
188211
188212
188214
188215
188216
188217
188218
188219
188220
188224
188227
188228
188229
188230
188231
188232
188233
188234
188235
188237
188238
188239
188240
188241
188243
188244
188245
188247
188249
188250
188251
188252
188253
188254
188255
188256
188257
188258
188259
188260
188261
188262
188263
188265
188266
188268
188269
188270
188271
188272
188273
188274
188275
188276
188277
188278
188279
188280
188281
188282
188284
188285
188286
188288
188289
188293
188294
188295
188296
188297
188298
188299
188300
188301
188302
188304
188305
188311
188313
188314
188315
188317
188318
188319
188321
188324
188325
188326
188328
188330
188331
188332
188334
188336
188337
188338
188339
188340
188341
188342
188343
188345
188346
188348
188349
188350
188351
188352
188353
188354
188355
188357
188358
188359
188360
188361
188363
188364
188365
188366
188367
188368
188370
188371
188372
188373
188375
188376
188377
188378
188388
188389
188390
188391
188392
188396
188397
188398
188399
188400
188406
188407
188409
188410
188413
188414
188415
188417
188418
188419
188420
188422
188424
188425
188427
188428
188429
188430
188431
188432
188433
188434
188435
188436
188437
188438
188439
188440
188441
188442
188444
188447
188449
188450
188452
188454
188455
188456
188458
188459
188460
188461
188462
188463
188464
188465
188466
188467
188468
188469
188470
188471
188472
188473
188474
188475
188477
188478
188480
188481
188483
188485
188486
188487
188493
188494
188495
188497
188499
188500
188501
188505
188510
188511
188513
188514
188520
188524
188526
188528
188529
188530
188531
188532
188535
188536
188537
188538
188539
188540
188541
188543
188545
188547
188548
188549
188550
188551
188553
188554
188555
188556
188557
188559
188560
188561
188562
188563
188564
188565
188566
188567
188568
188569
188571
188572
188573
188576
188577
188578
188579
188580
188582
188583
188584
188586
188587
188588
188589
188590
188591
188592
188593
188594
188595
188597
188598
188605
188606
188607
188608
188609
188610
188611
188612
188613
188614
188616
188620
188621
188622
188623
188624
188625
188626
188627
188628
188632
188635
188636
188637
188638
188639
188640
188645
188648
188649
188652
188653
188655
188656
188657
188658
188659
188660
188661
188662
188663
188664
188665
188667
188668
188669
188670
188671
188672
188673
188674
188675
188677
188678
188681
188682
188684
188686
188688
188692
188693
188695
188697
188701
188703
188705
188707
188708
188709
188710
188711
188713
188715
188716
188719
188721
188723
188724
188732
188733
188735
188737
188738
188739
188740
188741
188742
188743
188744
188745
188746
188747
188748
188749
188750
188752
188753
188754
188758
188760
188762
188763
188764
188766
188767
188768
188771
188772
188773
188774
188775
188776
188777
188778
188779
188785
188786
188787
188788
188789
188790
188791
188792
188793
188794
188795
188796
188797
188798
188799
188802
188805
188806
188807
188808
188811
188812
188814
188815
188817
188818
188823
188824
188825
188827
188828
188829
188830
188833
188834
188836
188837
188838
188840
188842
188843
188844
188845
188846
188847
188848
188849
188850
188851
188853
188854
188855
188856
188857
188858
188859
188862
188864
188865
188866
188867
188868
188870
188871
188873
188874
188875
188879
188880
188881
188882
188883
188884
188885
188886
188887
188888
188889
188890
188892
188894
188895
188897
188898
188900
188902
188903
188904
188905
188907
188908
188909
188910
188913
188914
188915
188916
188917
188918
188919
188920
188922
188923
188927
188930
188931
188932
188933
188934
188935
188936
188937
188940
188941
188942
188943
188950
188954
188956
188957
188958
188959
188960
188961
188962
188964
188965
188967
188968
188969
188970
188971
188972
188974
188975
188976
188977
188978
188979
188980
188981
188984
188985
188986
188991
188992
188994
188996
188997
188998
188999
189000
189001
189002
189003
189005
189006
189007
189008
189009
189010
189013
189014
189015
189016
189020
189021
189022
189023
189024
189025
189026
189027
189028
189029
189030
189031
189033
189035
189037
189038
189039
189040
189041
189042
189043
189044
189048
189054
189056
189057
189058
189059
189061
189062
189063
189064
189065
189066
189067
189068
189069
189071
189073
189074
189075
189076
189077
189078
189079
189080
189081
189082
189083
189084
189085
189086
189087
189088
189089
189091
189092
189093
189096
189097
189098
189099
189100
189101
189102
189103
189104
189105
189106
189107
189108
189109
189110
189111
189112
189113
189114
189115
189116
189117
189118
189119
189120
189121
189122
189123
189124
189125
189126
189127
189128
189129
189130
189131
189132
189133
189134
189135
189136
189137
189138
189139
189141
189142
189143
189144
189145
189146
189147
189149
189153
189154
189156
189157
189159
189160
189161
189162
189163
189164
189165
189166
189167
189170
189171
189172
189174
189175
189180
189182
189183
189184
189186
189190
189191
189192
189193
189194
189196
189197
189198
189199
189203
189205
189207
189208
189209
189210
189211
189212
189213
189214
189215
189216
189217
189218
189219
189220
189221
189222
189223
189224
189225
189226
189227
189228
189229
189230
189232
189233
189234
189235
189236
189237
189238
189239
189240
189241
189242
189243
189244
189245
189246
189247
189248
189249
189250
189251
189252
189253
189254
189256
189257
189262
189263
189264
189265
189266
189267
189268
189271
189272
189274
189275
189277
189279
189280
189281
189282
189283
189284
189285
189286
189287
189288
189289
189290
189291
189292
189293
189294
189295
189296
189297
189298
189299
189300
189302
189303
189305
189306
189307
189308
189309
189311
189312
189313
189314
189317
189318
189319
189320
189321
189324
189326
189327
189328
189329
189330
189331
189332
189333
189334
189336
189338
189339
189340
189341
189342
189345
189347
189349
189350
189351
189352
189358
189359
189360
189361
189363
189364
189365
189366
189367
189368
189369
189370
189371
189372
189373
189374
189375
189376
189377
189378
189379
189382
189383
189384
189385
189386
189387
189388
189389
189390
189391
189392
189393
189394
189395
189397
189400
189401
189402
189403
189404
189405
189406
189407
189408
189410
189411
189412
189413
189414
189415
189416
189418
189419
189420
189421
189422
189423
189426
189427
189429
189430
189433
189434
189436
189438
189439
189440
189442
189443
189444
189445
189447
189451
189452
189453
189454
189455
189456
189457
189458
189459
189460
189461
189462
189463
189464
189465
189466
189467
189468
189470
189471
189473
189475
189478
189479
189481
189482
189483
189484
189485
189487
189488
189489
189494
189495
189496
189497
189498
189499
189501
189502
189506
189507
189508
189509
189510
189511
189512
189513
189514
189516
189518
189519
189520
189521
189522
189523
189524
189525
189526
189528
189529
189532
189533
189534
189535
189536
189537
189538
189539
189540
189541
189542
189543
189544
189545
189546
189547
189548
189549
189550
189551
189552
189554
189555
189556
189557
189558
189560
189562
189567
189571
189573
189574
189575
189576
189577
189578
189579
189581
189585
189586
189590
189593
189594
189595
189596
189597
189598
189599
189600
189601
189606
189607
189611
189612
189613
189614
189615
189616
189619
189620
189621
189622
189623
189625
189626
189628
189629
189631
189632
189633
189635
189636
189637
189638
189639
189640
189642
189643
189644
189646
189652
189653
189655
189656
189657
189658
189659
189660
189661
189662
189663
189664
189665
189668
189669
189670
189671
189672
189673
189674
189675
189676
189677
189678
189679
189680
189681
189682
189683
189684
189685
189686
189687
189688
189689
189690
189691
189692
189693
189694
189695
189696
189697
189698
189700
189701
189702
189703
189704
189705
189706
189707
189708
189709
189711
189714
189715
189716
189717
189718
189719
189720
189721
189722
189723
189724
189725
189727
189728
189730
189731
189732
189733
189734
189736
189740
189741
189742
189743
189744
189745
189746
189747
189748
189749
189750
189751
189752
189754
189755
189756
189759
189761
189762
189763
189765
189766
189770
189772
189773
189775
189777
189779
189780
189781
189782
189784
189787
189788
189790
189791
189792
189795
189796
189797
189801
189802
189803
189806
189807
189808
189809
189810
189812
189813
189815
189816
189818
189819
189820
189821
189823
189831
189832
189833
189834
189835
189836
189837
189838
189839
189842
189844
189846
189847
189848
189849
189850
189851
189852
189854
189855
189857
189858
189860
189865
189866
189867
189868
189869
189870
189871
189872
189873
189874
189881
189886
189889
189895
189896
189897
189898
189899
189900
189901
189902
189903
189904
189905
189909
189910
189911
189913
189915
189916
189917
189918
189919
189920
189921
189922
189923
189924
189927
189928
189929
189930
189931
189937
189938
189941
189942
189943
189948
189951
189952
189953
189954
189955
189957
189958
189959
189960
189961
189962
189964
189965
189966
189967
189968
189969
189970
189973
189974
189975
189976
189977
189978
189979
189980
189981
189982
189983
189984
189987
189988
189991
189992
189993
189994
189997
189998
190002
190004
190005
190006
190008
190009
190010
190011
190012
190013
190020
190023
190024
190026
190027
190028
190029
190030
190031
190040
190044
190045
190048
190049
190050
190051
190052
190054
190055
190057
190058
190059
190060
190061
190063
190064
190066
190067
190068
190069
190070
190071
190073
190074
190075
190076
190078
190079
190080
190081
190082
190083
190084
190085
190086
190088
190089
190090
190092
190096
190097
190098
190099
190101
190102
190103
190104
190105
190106
190107
190108
190109
190110
190111
190113
190116
190118
190119
190120
190121
190122
190124
190126
190127
190128
190129
190130
190131
190132
190133
190134
190135
190136
190137
190142
190144
190145
190146
190147
190148
190149
190150
190151
190152
190153
190155
190156
190157
190158
190159
190160
190161
190162
190163
190169
190170
190171
190172
190176
190178
190179
190182
190183
190185
190186
190189
190190
190191
190192
190193
190195
190196
190197
190199
190205
190207
190211
190213
190214
190221
190222
190223
190224
190225
190226
190227
190228
190229
190230
190231
190232
190233
190236
190237
190238
190239
190240
190241
190242
190244
190245
190247
190252
190253
190254
190255
190256
190257
190260
190261
190262
190264
190267
190269
190271
190280
190282
190283
190284
190288
190289
190290
190291
190292
190293
190294
190295
190296
190297
190298
190299
190300
190301
190305
190306
190307
190309
190310
190312
190313
190315
190316
190317
190320
190326
190327
190336
190337
190340
190342
190344
190345
190346
190347
190348
190351
190352
190353
190354
190356
190357
190358
190359
190360
190361
190368
190371
190373
190374
190376
190377
190378
190379
190380
190381
190382
190383
190386
190387
190388
190389
190391
190392
190395
190397
190398
190399
190401
190402
190404
190405
190406
190407
190408
190409
190410
190411
190413
190414
190415
190416
190419
190421
190423
190425
190426
190427
190428
190429
190430
190432
190433
190434
190435
190436
190437
190439
190443
190444
190446
190447
190449
190450
190453
190454
190455
190456
190457
190458
190459
190460
190464
190465
190466
190468
190470
190471
190472
190473
190474
190475
190476
190477
190478
190479
190480
190484
190485
190487
190488
190490
190491
190493
190497
190498
190499
190500
190502
190503
190504
190505
190509
190510
190512
190516
190517
190519
190520
190522
190523
190524
190525
190526
190527
190529
190530
190531
190532
190533
190534
190535
190537
190539
190540
190543
190544
190548
190556
190559
190560
190561
190563
190564
190566
190568
190569
190570
190571
190572
190575
190576
190577
190578
190579
190580
190581
190582
190583
190585
190586
190587
190588
190589
190590
190591
190592
190593
190595
190599
190601
190603
190604
190607
190608
190609
190611
190612
190613
190614
190615
190617
190618
190619
190621
190622
190625
190626
190631
190632
190635
190636
190637
190638
190639
190644
190645
190648
190649
190653
190656
190657
190659
190664
190665
190669
190671
190672
190673
190674
190675
190676
190677
190679
190680
190681
190682
190685
190688
190689
190690
190691
190692
190693
190694
190695
190696
190697
190698
190699
190700
190701
190702
190703
190704
190705
190706
190708
190709
190710
190711
190712
190713
190714
190716
190718
190722
190724
190725
190726
190727
190728
190729
190730
190731
190732
190733
190734
190736
190737
190738
190739
190740
190741
190742
190743
190744
190745
190746
190747
190748
190749
190752
190753
190754
190759
190761
190762
190765
190766
190767
190768
190769
190770
190771
190772
190773
190774
190775
190776
190779
190780
190781
190782
190783
190784
190785
190789
190790
190791
190793
190794
190795
190796
190797
190798
190801
190802
190803
190804
190805
190806
190807
190809
190810
190811
190812
190813
190814
190815
190816
190818
190819
190820
190821
190822
190823
190825
190826
190827
190828
190829
190830
190831
190834
190836
190837
190838
190840
190841
190845
190846
190847
190848
190849
190850
190852
190853
190854
190855
190856
190857
190860
190861
190863
190865
190867
190868
190869
190870
190871
190872
190873
190874
190875
190876
190877
190879
190880
190881
190883
190884
190885
190886
190887
190888
190889
190890
190891
190892
190893
190894
190895
190897
190898
190899
190900
190901
190903
190904
190905
190906
190907
190908
190909
190910
190911
190912
190913
190914
190915
190917
190919
190921
190922
190923
190924
190927
190928
190930
190932
190933
190934
190936
190938
190939
190940
190941
190943
190944
190945
190946
190948
190953
190954
190955
190956
190960
190961
190962
190963
190964
190965
190966
190967
190968
190969
190970
190971
190972
190973
190974
190975
190976
190977
190978
190979
190980
190981
190982
190983
190984
190985
190986
190987
190988
190989
190990
190991
190992
190993
190994
190995
190996
190997
190998
190999
191000
191001
191002
191003
191004
191005
191006
191007
191008
191009
191011
191012
191016
191017
191018
191019
191021
191022
191024
191025
191026
191027
191028
191029
191030
191032
191033
191034
191036
191038
191039
191041
191043
191044
191049
191050
191051
191052
191053
191054
191055
191056
191057
191059
191060
191061
191062
191063
191065
191069
191070
191071
191073
191074
191075
191076
191077
191078
191079
191080
191081
191082
191083
191084
191085
191086
191087
191088
191089
191091
191092
191093
191095
191096
191097
191098
191099
191100
191101
191102
191103
191104
191110
191117
191121
191122
191123
191124
191125
191126
191127
191128
191129
191130
191132
191135
191136
191137
191138
191141
191142
191143
191144
191145
191146
191147
191148
191149
191152
191153
191154
191155
191161
191162
191164
191165
191166
191167
191168
191169
191170
191171
191172
191173
191174
191175
191176
191177
191178
191179
191180
191182
191183
191184
191185
191186
191187
191188
191189
191190
191191
191192
191193
191194
191195
191196
191198
191200
191203
191206
191210
191212
191213
191214
191216
191217
191218
191219
191220
191221
191222
191223
191224
191225
191228
191230
191231
191232
191233
191234
191235
191237
191238
191241
191242
191244
191249
191250
191253
191255
191257
191258
191259
191261
191262
191263
191264
191265
191266
191270
191271
191272
191276
191278
191279
191280
191283
191284
191286
191287
191289
191294
191296
191298
191299
191300
191301
191302
191303
191306
191307
191309
191315
191320
191322
191323
191327
191329
191330
191334
191335
191337
191338
191339
191340
191341
191342
191343
191346
191352
191354
191355
191361
191371
191373
191375
191378
191390
191395
191399
191400
191401
191407
191412
191417
191422
191433
336493